timestamp,station_id,anomaly_type,description
2026-08-28T18:35:05.422926,AWS_004,dropout,Reading dropped
2026-08-28T18:35:05.425604,AWS_009,frozen_value,Values frozen
2026-08-28T18:35:10.429663,AWS_004,dropout,Reading dropped
2026-08-28T18:35:10.432511,AWS_009,frozen_value,Values frozen
2026-08-28T18:35:10.434577,AWS_013,drift,Temperature drifted by 0.43
2026-08-28T18:35:15.437404,AWS_004,dropout,Reading dropped
2026-08-28T18:35:15.438650,AWS_006,drift,Temperature drifted by 0.44
2026-08-28T18:35:15.440215,AWS_009,frozen_value,Values frozen
2026-08-28T18:35:15.441367,AWS_013,drift,Temperature drifted by 0.68
2026-08-28T18:35:20.444759,AWS_006,drift,Temperature drifted by 0.54
2026-08-28T18:35:20.445981,AWS_009,frozen_value,Values frozen
2026-08-28T18:35:20.447330,AWS_013,drift,Temperature drifted by 0.94
2026-08-28T18:35:25.449407,AWS_002,spike,temperature spiked by 23.43
2026-08-28T18:35:25.451583,AWS_006,drift,Temperature drifted by 0.80
2026-08-28T18:35:25.452618,AWS_009,frozen_value,Values frozen
2026-08-28T18:35:25.453733,AWS_013,drift,Temperature drifted by 1.33
2026-08-28T18:35:30.543401,AWS_006,drift,Temperature drifted by 0.97
2026-08-28T18:35:30.672332,AWS_009,frozen_value,Values frozen
2026-08-28T18:35:30.781812,AWS_013,drift,Temperature drifted by 1.72
2026-08-28T18:35:35.891297,AWS_006,drift,Temperature drifted by 1.42
2026-08-28T18:35:35.938894,AWS_009,frozen_value,Values frozen
2026-08-28T18:35:36.001184,AWS_013,drift,Temperature drifted by 2.04
2026-08-28T18:35:41.093637,AWS_006,drift,Temperature drifted by 1.58
2026-08-28T18:35:41.122608,AWS_009,frozen_value,Values frozen
2026-08-28T18:35:41.166254,AWS_013,drift,Temperature drifted by 2.36
2026-08-28T18:35:46.222071,AWS_006,drift,Temperature drifted by 2.02
2026-08-28T18:35:46.237387,AWS_009,frozen_value,Values frozen
2026-08-28T18:35:46.277543,AWS_013,drift,Temperature drifted by 2.86
2026-08-28T18:35:51.317309,AWS_002,cross_parameter_inconsistency,Physically inconsistent state
2026-08-28T18:35:51.384804,AWS_006,drift,Temperature drifted by 2.33
2026-08-28T18:35:51.424427,AWS_009,frozen_value,Values frozen
2026-08-28T18:35:51.461774,AWS_013,drift,Temperature drifted by 3.13
2026-08-28T18:35:56.509738,AWS_006,drift,Temperature drifted by 2.56
2026-08-28T18:35:56.518489,AWS_009,frozen_value,Values frozen
2026-08-28T18:35:56.536119,AWS_013,drift,Temperature drifted by 3.48
2026-08-28T18:36:01.567478,AWS_006,drift,Temperature drifted by 2.99
2026-08-28T18:36:01.578825,AWS_009,frozen_value,Values frozen
2026-08-28T18:36:01.601255,AWS_013,drift,Temperature drifted by 3.90
2026-08-28T18:36:06.637522,AWS_003,drift,Temperature drifted by 0.43
2026-08-28T18:36:06.651891,AWS_006,drift,Temperature drifted by 3.31
2026-08-28T18:36:06.665279,AWS_009,frozen_value,Values frozen
2026-08-28T18:36:06.676484,AWS_013,drift,Temperature drifted by 0.10
2026-08-28T18:36:11.705707,AWS_003,drift,Temperature drifted by 0.87
2026-08-28T18:36:11.756477,AWS_006,drift,Temperature drifted by 3.46
2026-08-28T18:36:11.835124,AWS_009,frozen_value,Values frozen
2026-08-28T18:36:11.928753,AWS_013,drift,Temperature drifted by 0.21
2026-08-28T18:36:17.024130,AWS_003,drift,Temperature drifted by 1.21
2026-08-28T18:36:17.063840,AWS_006,drift,Temperature drifted by 3.92
2026-08-28T18:36:17.095409,AWS_009,frozen_value,Values frozen
2026-08-28T18:36:17.127596,AWS_013,drift,Temperature drifted by 0.60
2026-08-28T18:36:22.143886,AWS_003,drift,Temperature drifted by 1.43
2026-08-28T18:36:22.145864,AWS_013,drift,Temperature drifted by 0.86
2026-08-28T18:36:27.148372,AWS_003,drift,Temperature drifted by 1.86
2026-08-28T18:36:27.149119,AWS_004,dropout,Reading dropped
2026-08-28T18:36:27.151077,AWS_013,drift,Temperature drifted by 1.13
2026-08-28T18:36:32.153139,AWS_002,cross_parameter_inconsistency,Physically inconsistent state
2026-08-28T18:36:32.154803,AWS_003,drift,Temperature drifted by 2.32
2026-08-28T18:36:32.158087,AWS_013,drift,Temperature drifted by 1.57
2026-08-28T18:36:37.160971,AWS_003,drift,Temperature drifted by 2.46
2026-08-28T18:36:37.164605,AWS_013,drift,Temperature drifted by 1.73
2026-08-28T18:36:42.167097,AWS_003,drift,Temperature drifted by 2.80
2026-08-28T18:36:42.169490,AWS_013,drift,Temperature drifted by 2.05
2026-08-28T18:59:04.441225,AWS_006,dropout,Reading dropped
2026-08-28T18:59:09.603017,AWS_006,dropout,Reading dropped
2026-08-28T18:59:14.814413,AWS_006,dropout,Reading dropped
2026-08-28T18:59:19.838869,AWS_013,spike,temperature spiked by -20.16
2026-08-28T18:59:19.840301,AWS_014,dropout,Reading dropped
2026-08-28T18:59:45.210899,AWS_012,frozen_value,Values frozen
2026-08-28T18:59:45.224545,AWS_015,cross_parameter_inconsistency,Physically inconsistent state
2026-08-28T18:59:50.255787,AWS_003,spatial_outlier,Deviating from spatial trend
2026-08-28T18:59:50.291735,AWS_012,frozen_value,Values frozen
2026-08-28T18:59:55.436648,AWS_012,frozen_value,Values frozen
2026-08-28T18:59:55.439948,AWS_013,cross_parameter_inconsistency,Physically inconsistent state
2026-08-28T19:00:00.448820,AWS_004,drift,Temperature drifted by 0.20
2026-08-28T19:00:00.451377,AWS_005,frozen_value,Values frozen
2026-08-28T19:00:00.462310,AWS_012,frozen_value,Values frozen
2026-08-28T19:00:05.473710,AWS_004,drift,Temperature drifted by 0.35
2026-08-28T19:00:05.476121,AWS_005,frozen_value,Values frozen
2026-08-28T19:00:05.482539,AWS_012,frozen_value,Values frozen
2026-08-28T19:00:10.491883,AWS_004,drift,Temperature drifted by 0.52
2026-08-28T19:00:10.492626,AWS_005,frozen_value,Values frozen
2026-08-28T19:00:10.494191,AWS_012,frozen_value,Values frozen
2026-08-28T19:00:15.498647,AWS_001,cross_parameter_inconsistency,Physically inconsistent state
2026-08-28T19:00:15.537986,AWS_004,drift,Temperature drifted by 0.78
2026-08-28T19:00:15.544601,AWS_005,frozen_value,Values frozen
2026-08-28T19:00:15.661259,AWS_012,frozen_value,Values frozen
2026-08-28T19:00:15.674864,AWS_013,dropout,Reading dropped
2026-08-28T19:00:20.699340,AWS_004,drift,Temperature drifted by 0.91
2026-08-28T19:00:20.709021,AWS_005,frozen_value,Values frozen
2026-08-28T19:00:20.741148,AWS_012,frozen_value,Values frozen
2026-08-28T19:00:25.865303,AWS_004,drift,Temperature drifted by 1.20
2026-08-28T19:00:25.878474,AWS_005,frozen_value,Values frozen
2026-08-28T19:00:25.914408,AWS_012,frozen_value,Values frozen
2026-08-28T19:00:30.974635,AWS_004,drift,Temperature drifted by 1.55
2026-08-28T19:00:30.986930,AWS_005,frozen_value,Values frozen
2026-08-28T19:00:31.063630,AWS_012,frozen_value,Values frozen
2026-08-28T19:00:31.068384,AWS_013,spatial_outlier,Deviating from spatial trend
2026-08-28T19:00:31.074066,AWS_015,drift,Temperature drifted by 0.21
2026-08-28T19:00:36.082078,AWS_004,drift,Temperature drifted by 1.70
2026-08-28T19:00:36.085839,AWS_005,frozen_value,Values frozen
2026-08-28T19:00:36.094896,AWS_007,spatial_outlier,Deviating from spatial trend
2026-08-28T19:00:36.101053,AWS_012,frozen_value,Values frozen
2026-08-28T19:00:36.104631,AWS_015,drift,Temperature drifted by 0.68
2026-08-28T19:00:41.116232,AWS_004,drift,Temperature drifted by 2.20
2026-08-28T19:00:41.128633,AWS_005,frozen_value,Values frozen
2026-08-28T19:00:41.146595,AWS_007,spike,temperature spiked by 18.90
2026-08-28T19:00:41.177021,AWS_012,frozen_value,Values frozen
2026-08-28T19:00:41.204783,AWS_014,frozen_value,Values frozen
2026-08-28T19:00:41.228551,AWS_015,drift,Temperature drifted by 0.87
2026-08-28T19:00:46.274553,AWS_003,cross_parameter_inconsistency,Physically inconsistent state
2026-08-28T19:00:46.284700,AWS_004,drift,Temperature drifted by 2.63
2026-08-28T19:00:46.290713,AWS_005,frozen_value,Values frozen
2026-08-28T19:00:46.369949,AWS_012,frozen_value,Values frozen
2026-08-28T19:00:46.397119,AWS_013,drift,Temperature drifted by 0.24
2026-08-28T19:00:46.406771,AWS_014,frozen_value,Values frozen
2026-08-28T19:00:46.416646,AWS_015,drift,Temperature drifted by 1.07
2026-08-28T19:00:51.445318,AWS_005,frozen_value,Values frozen
2026-08-28T19:00:51.485176,AWS_012,frozen_value,Values frozen
2026-08-28T19:00:51.487532,AWS_013,drift,Temperature drifted by 0.63
2026-08-28T19:00:51.490757,AWS_014,frozen_value,Values frozen
2026-08-28T19:00:51.495065,AWS_015,drift,Temperature drifted by 1.48
2026-08-28T19:00:56.518094,AWS_005,frozen_value,Values frozen
2026-08-28T19:00:56.541446,AWS_010,dropout,Reading dropped
2026-08-28T19:00:56.563927,AWS_012,frozen_value,Values frozen
2026-08-28T19:00:56.572051,AWS_013,drift,Temperature drifted by 0.93
2026-08-28T19:00:56.583526,AWS_014,frozen_value,Values frozen
2026-08-28T19:00:56.596467,AWS_015,drift,Temperature drifted by 1.65
2026-08-28T19:01:01.632708,AWS_002,dropout,Reading dropped
2026-08-28T19:01:01.648500,AWS_005,frozen_value,Values frozen
2026-08-28T19:01:01.701275,AWS_010,dropout,Reading dropped
2026-08-28T19:01:01.743884,AWS_013,drift,Temperature drifted by 1.17
2026-08-28T19:01:01.750550,AWS_014,frozen_value,Values frozen
2026-08-28T19:01:01.757805,AWS_015,drift,Temperature drifted by 2.05
2026-08-28T19:01:06.766930,AWS_005,frozen_value,Values frozen
2026-08-28T19:01:06.779519,AWS_013,drift,Temperature drifted by 1.36
2026-08-28T19:01:06.781841,AWS_014,frozen_value,Values frozen
2026-08-28T19:01:06.783876,AWS_015,drift,Temperature drifted by 2.16
2026-08-28T19:01:11.794949,AWS_005,frozen_value,Values frozen
2026-08-28T19:01:11.820078,AWS_013,drift,Temperature drifted by 1.56
2026-08-28T19:01:11.827754,AWS_014,frozen_value,Values frozen
2026-08-28T19:01:11.835133,AWS_015,drift,Temperature drifted by 2.43
2026-08-28T19:01:16.901041,AWS_013,drift,Temperature drifted by 1.89
2026-08-28T19:01:16.906983,AWS_014,frozen_value,Values frozen
2026-08-28T19:01:16.910503,AWS_015,drift,Temperature drifted by 2.64
2026-08-28T19:01:21.920333,AWS_003,drift,Temperature drifted by 0.17
2026-08-28T19:01:22.065391,AWS_013,drift,Temperature drifted by 2.24
2026-08-28T19:01:22.085554,AWS_014,frozen_value,Values frozen
2026-08-28T19:01:22.111738,AWS_015,drift,Temperature drifted by 2.78
2026-08-28T19:01:27.146449,AWS_003,drift,Temperature drifted by 0.46
2026-08-28T19:01:27.285538,AWS_013,drift,Temperature drifted by 2.65
2026-08-28T19:01:27.304543,AWS_014,frozen_value,Values frozen
2026-08-28T19:01:27.313248,AWS_015,drift,Temperature drifted by 3.00
2026-08-28T19:01:32.338972,AWS_003,drift,Temperature drifted by 0.85
2026-08-28T19:01:32.341192,AWS_010,dropout,Reading dropped
2026-08-28T19:01:32.343110,AWS_013,drift,Temperature drifted by 3.03
2026-08-28T19:01:32.344790,AWS_015,drift,Temperature drifted by 3.44
2026-08-28T19:08:28.644211,AWS_007,dropout,Reading dropped
2026-08-28T19:08:33.718792,AWS_007,dropout,Reading dropped
2026-08-28T19:08:58.989470,AWS_010,cross_parameter_inconsistency,Physically inconsistent state
2026-08-28T19:09:04.000404,AWS_015,frozen_value,Values frozen
2026-08-28T19:09:09.039763,AWS_010,frozen_value,Values frozen
2026-08-28T19:09:09.135674,AWS_015,frozen_value,Values frozen
2026-08-28T19:09:14.163603,AWS_001,dropout,Reading dropped
2026-08-28T19:09:14.266068,AWS_010,frozen_value,Values frozen
2026-08-28T19:09:14.274392,AWS_015,frozen_value,Values frozen
2026-08-28T19:09:19.277020,AWS_001,dropout,Reading dropped
2026-08-28T19:09:19.306134,AWS_005,spike,pressure spiked by 71.08
2026-08-28T19:09:19.315146,AWS_007,drift,Temperature drifted by 0.35
2026-08-28T19:09:19.329268,AWS_010,frozen_value,Values frozen
2026-08-28T19:09:19.342532,AWS_012,frozen_value,Values frozen
2026-08-28T19:09:19.359337,AWS_015,frozen_value,Values frozen
2026-08-28T19:09:24.392507,AWS_007,drift,Temperature drifted by 0.61
2026-08-28T19:09:24.440399,AWS_010,frozen_value,Values frozen
2026-08-28T19:09:24.474265,AWS_012,frozen_value,Values frozen
2026-08-28T19:09:24.479615,AWS_015,frozen_value,Values frozen
2026-08-28T19:09:29.507578,AWS_006,drift,Temperature drifted by 0.48
2026-08-28T19:09:29.524686,AWS_007,drift,Temperature drifted by 0.94
2026-08-28T19:09:29.541301,AWS_010,frozen_value,Values frozen
2026-08-28T19:09:29.548031,AWS_012,frozen_value,Values frozen
2026-08-28T19:09:34.597992,AWS_006,drift,Temperature drifted by 0.97
2026-08-28T19:09:34.613937,AWS_007,drift,Temperature drifted by 1.07
2026-08-28T19:09:34.724752,AWS_010,frozen_value,Values frozen
2026-08-28T19:09:34.757997,AWS_012,frozen_value,Values frozen
2026-08-28T19:09:39.849125,AWS_006,drift,Temperature drifted by 1.31
2026-08-28T19:09:39.852654,AWS_007,drift,Temperature drifted by 1.46
2026-08-28T19:09:39.876560,AWS_012,frozen_value,Values frozen
2026-08-28T19:09:44.913752,AWS_006,drift,Temperature drifted by 1.78
2026-08-28T19:09:44.920689,AWS_007,drift,Temperature drifted by 1.72
2026-08-28T19:09:44.927383,AWS_008,cross_parameter_inconsistency,Physically inconsistent state
2026-08-28T19:09:44.936096,AWS_012,frozen_value,Values frozen
2026-08-28T19:09:49.989940,AWS_006,drift,Temperature drifted by 1.88
2026-08-28T19:09:49.996259,AWS_007,drift,Temperature drifted by 2.15
2026-08-28T19:09:50.002378,AWS_012,frozen_value,Values frozen
2026-08-28T19:09:55.037639,AWS_006,drift,Temperature drifted by 2.26
2026-08-28T19:09:55.044039,AWS_007,drift,Temperature drifted by 2.49
2026-08-28T19:09:55.060914,AWS_012,frozen_value,Values frozen
2026-08-28T19:10:00.088129,AWS_001,drift,Temperature drifted by 0.26
2026-08-28T19:10:00.170620,AWS_006,spatial_outlier,Deviating from spatial trend
2026-08-28T19:10:00.185868,AWS_007,drift,Temperature drifted by 2.62
2026-08-28T19:10:00.218987,AWS_012,frozen_value,Values frozen
2026-08-28T19:10:05.239629,AWS_001,drift,Temperature drifted by 0.75
2026-08-28T19:10:05.324942,AWS_007,drift,Temperature drifted by 2.90
2026-08-28T19:10:05.347308,AWS_012,frozen_value,Values frozen
2026-08-28T19:10:10.367594,AWS_001,drift,Temperature drifted by 0.96
2026-08-28T19:10:10.374960,AWS_005,frozen_value,Values frozen
2026-08-28T19:10:10.383516,AWS_007,drift,Temperature drifted by 3.33
2026-08-28T19:10:10.420051,AWS_012,frozen_value,Values frozen
2026-08-28T19:10:15.433121,AWS_001,drift,Temperature drifted by 1.12
2026-08-28T19:10:15.443162,AWS_005,frozen_value,Values frozen
2026-08-28T19:10:15.499913,AWS_012,frozen_value,Values frozen
2026-08-28T19:10:20.544458,AWS_001,drift,Temperature drifted by 1.51
2026-08-28T19:10:20.559556,AWS_005,frozen_value,Values frozen
2026-08-28T19:10:20.580477,AWS_012,frozen_value,Values frozen
2026-08-28T19:10:25.613374,AWS_001,drift,Temperature drifted by 1.96
2026-08-28T19:10:25.620227,AWS_005,frozen_value,Values frozen
2026-08-28T19:10:25.622472,AWS_006,frozen_value,Values frozen
2026-08-28T19:10:25.629794,AWS_012,frozen_value,Values frozen
2026-08-28T19:10:30.645144,AWS_001,drift,Temperature drifted by 2.22
2026-08-28T19:10:30.715793,AWS_005,frozen_value,Values frozen
2026-08-28T19:10:30.725225,AWS_006,frozen_value,Values frozen
2026-08-28T19:10:30.737603,AWS_009,dropout,Reading dropped
2026-08-28T19:10:30.744739,AWS_012,frozen_value,Values frozen
2026-08-28T19:10:40.057288,AWS_001,drift,Temperature drifted by 2.44
2026-08-28T19:10:40.374235,AWS_005,frozen_value,Values frozen
2026-08-28T19:10:40.910327,AWS_006,frozen_value,Values frozen
2026-08-28T19:10:41.032295,AWS_009,dropout,Reading dropped
2026-08-28T19:10:41.049468,AWS_010,dropout,Reading dropped
2026-08-28T19:10:46.129548,AWS_001,drift,Temperature drifted by 2.88
2026-08-28T19:10:46.274717,AWS_005,frozen_value,Values frozen
2026-08-28T19:10:46.337924,AWS_006,frozen_value,Values frozen
2026-08-28T19:10:46.399047,AWS_007,cross_parameter_inconsistency,Physically inconsistent state
2026-08-28T19:10:46.556543,AWS_009,dropout,Reading dropped
2026-08-28T19:10:46.597248,AWS_010,dropout,Reading dropped
2026-08-29T00:42:18.932837,AWS_DEL,spike,temperature spiked by 12.73
2026-08-29T00:42:21.022823,AWS_LKO,cross_parameter_inconsistency,Physically inconsistent state
2026-08-29T00:42:23.069099,AWS_STV,drift,Temperature drifted by 0.44
2026-08-29T00:42:25.116753,AWS_MAA,dropout,Reading dropped
2026-08-29T00:42:25.122836,AWS_STV,drift,Temperature drifted by 0.77
2026-08-29T00:42:25.127727,AWS_KNP,drift,Temperature drifted by 0.18
2026-08-29T00:42:27.227735,AWS_STV,drift,Temperature drifted by 0.89
2026-08-29T00:42:27.242423,AWS_KNP,drift,Temperature drifted by 0.61
2026-08-29T00:42:29.332278,AWS_STV,drift,Temperature drifted by 1.36
2026-08-29T00:42:29.363094,AWS_KNP,drift,Temperature drifted by 0.77
2026-08-29T00:42:31.400229,AWS_STV,drift,Temperature drifted by 1.64
2026-08-29T00:42:31.412350,AWS_KNP,drift,Temperature drifted by 1.20
2026-08-29T00:42:33.439105,AWS_STV,drift,Temperature drifted by 1.88
2026-08-29T00:42:33.444646,AWS_KNP,drift,Temperature drifted by 1.36
2026-08-29T00:42:35.477594,AWS_STV,drift,Temperature drifted by 2.16
2026-08-29T00:42:35.488371,AWS_KNP,drift,Temperature drifted by 1.59
2026-08-29T00:42:37.502173,AWS_STV,drift,Temperature drifted by 2.41
2026-08-29T00:42:37.509880,AWS_JAI,spike,humidity spiked by -10.60
2026-08-29T00:42:37.514587,AWS_KNP,drift,Temperature drifted by 1.79
2026-08-29T00:42:37.525722,AWS_IDR,frozen_value,Values frozen
2026-08-29T00:42:39.540135,AWS_BLR,dropout,Reading dropped
2026-08-29T00:42:39.557489,AWS_STV,drift,Temperature drifted by 2.63
2026-08-29T00:42:39.569457,AWS_KNP,drift,Temperature drifted by 2.22
2026-08-29T00:42:39.580113,AWS_IDR,frozen_value,Values frozen
2026-08-29T00:42:41.595143,AWS_BLR,spatial_outlier,Deviating from spatial trend
2026-08-29T00:42:41.605350,AWS_STV,drift,Temperature drifted by 2.84
2026-08-29T00:42:41.614640,AWS_IDR,frozen_value,Values frozen
2026-08-29T00:42:43.628880,AWS_STV,drift,Temperature drifted by 2.99
2026-08-29T00:42:43.639317,AWS_IDR,frozen_value,Values frozen
2026-08-29T00:42:45.665232,AWS_STV,drift,Temperature drifted by 3.15
2026-08-29T00:42:45.677342,AWS_IDR,frozen_value,Values frozen
2026-08-29T00:42:47.699669,AWS_PNQ,drift,Temperature drifted by 0.31
2026-08-29T00:42:47.711827,AWS_STV,drift,Temperature drifted by 3.39
2026-08-29T00:42:47.732207,AWS_IDR,frozen_value,Values frozen
2026-08-29T00:42:49.767055,AWS_PNQ,drift,Temperature drifted by 0.74
2026-08-29T00:42:49.779384,AWS_STV,drift,Temperature drifted by 3.86
2026-08-29T00:42:49.799528,AWS_IDR,frozen_value,Values frozen
2026-08-29T00:42:51.816721,AWS_MAA,frozen_value,Values frozen
2026-08-29T00:42:51.821012,AWS_PNQ,drift,Temperature drifted by 0.98
2026-08-29T00:42:51.825813,AWS_STV,drift,Temperature drifted by 4.32
2026-08-29T00:42:51.831103,AWS_IDR,frozen_value,Values frozen
2026-08-29T00:42:51.832827,AWS_BHO,dropout,Reading dropped
2026-08-29T00:42:53.865317,AWS_MAA,frozen_value,Values frozen
2026-08-29T00:42:53.871235,AWS_PNQ,drift,Temperature drifted by 1.10
2026-08-29T00:42:53.894987,AWS_IDR,frozen_value,Values frozen
2026-08-29T00:42:55.905851,AWS_MAA,frozen_value,Values frozen
2026-08-29T00:42:55.913072,AWS_PNQ,drift,Temperature drifted by 1.56
2026-08-29T00:42:57.972998,AWS_MAA,frozen_value,Values frozen
2026-08-29T00:42:57.981666,AWS_PNQ,drift,Temperature drifted by 1.86
2026-08-29T00:42:58.000514,AWS_NAG,drift,Temperature drifted by 0.36
2026-08-29T00:43:00.065447,AWS_MAA,frozen_value,Values frozen
2026-08-29T00:43:00.075159,AWS_PNQ,drift,Temperature drifted by 1.96
2026-08-29T00:43:00.086925,AWS_NAG,drift,Temperature drifted by 0.62
2026-08-29T00:43:02.098804,AWS_MAA,frozen_value,Values frozen
2026-08-29T00:43:02.102752,AWS_CCU,spatial_outlier,Deviating from spatial trend
2026-08-29T00:43:02.110229,AWS_PNQ,drift,Temperature drifted by 2.34
2026-08-29T00:43:02.126627,AWS_NAG,drift,Temperature drifted by 0.91
2026-08-29T00:43:04.135019,AWS_MAA,frozen_value,Values frozen
2026-08-29T00:43:04.143422,AWS_NAG,drift,Temperature drifted by 1.17
2026-08-29T00:43:06.154914,AWS_MAA,frozen_value,Values frozen
2026-08-29T00:43:06.163986,AWS_NAG,drift,Temperature drifted by 1.47
2026-08-29T00:43:08.191067,AWS_MAA,frozen_value,Values frozen
2026-08-29T00:43:08.207821,AWS_NAG,drift,Temperature drifted by 1.72
2026-08-29T00:43:10.232027,AWS_MAA,frozen_value,Values frozen
2026-08-29T00:43:10.247699,AWS_NAG,drift,Temperature drifted by 1.95
2026-08-29T00:43:12.268316,AWS_MAA,frozen_value,Values frozen
2026-08-29T00:43:12.287012,AWS_NAG,drift,Temperature drifted by 2.09
2026-08-29T00:43:14.310334,AWS_MAA,frozen_value,Values frozen
2026-08-29T00:43:14.327819,AWS_STV,dropout,Reading dropped
2026-08-29T00:43:14.344364,AWS_NAG,drift,Temperature drifted by 2.23
2026-08-29T00:43:16.388180,AWS_MAA,frozen_value,Values frozen
2026-08-29T00:43:16.404621,AWS_STV,dropout,Reading dropped
2026-08-29T00:43:18.443252,AWS_MAA,frozen_value,Values frozen
2026-08-29T00:43:20.498614,AWS_MAA,frozen_value,Values frozen
2026-08-29T00:43:22.525409,AWS_LKO,drift,Temperature drifted by 0.35
2026-08-29T00:43:24.548322,AWS_LKO,drift,Temperature drifted by 0.65
2026-08-29T00:43:24.553598,AWS_BHO,drift,Temperature drifted by 0.13
2026-08-29T00:43:26.575068,AWS_LKO,drift,Temperature drifted by 1.06
2026-08-29T00:43:26.582154,AWS_BHO,drift,Temperature drifted by 0.37
2026-08-29T00:43:28.595725,AWS_LKO,drift,Temperature drifted by 1.24
2026-08-29T00:43:28.603136,AWS_BHO,drift,Temperature drifted by 0.76
2026-08-29T00:43:30.624745,AWS_LKO,drift,Temperature drifted by 1.71
2026-08-29T00:43:30.631957,AWS_BHO,drift,Temperature drifted by 0.99
2026-08-29T00:43:32.663355,AWS_LKO,drift,Temperature drifted by 2.20
2026-08-29T00:43:32.678558,AWS_BHO,drift,Temperature drifted by 1.33
2026-08-29T00:43:34.689542,AWS_BLR,spatial_outlier,Deviating from spatial trend
2026-08-29T00:43:34.718752,AWS_LKO,drift,Temperature drifted by 2.54
2026-08-29T00:43:34.755319,AWS_BHO,drift,Temperature drifted by 1.64
2026-08-29T00:43:36.780054,AWS_LKO,drift,Temperature drifted by 2.80
2026-08-29T00:43:36.785325,AWS_BHO,drift,Temperature drifted by 1.84
2026-08-29T00:43:38.813708,AWS_JAI,frozen_value,Values frozen
2026-08-29T00:43:38.822797,AWS_LKO,drift,Temperature drifted by 3.20
2026-08-29T00:43:38.839719,AWS_BHO,drift,Temperature drifted by 2.32
2026-08-29T00:43:40.853373,AWS_JAI,frozen_value,Values frozen
2026-08-29T00:43:40.856736,AWS_LKO,drift,Temperature drifted by 3.44
2026-08-29T00:43:40.864352,AWS_BHO,drift,Temperature drifted by 2.61
2026-08-29T00:43:42.867743,AWS_MUM,frozen_value,Values frozen
2026-08-29T00:43:42.885477,AWS_JAI,frozen_value,Values frozen
2026-08-29T00:43:42.888692,AWS_LKO,drift,Temperature drifted by 3.84
2026-08-29T00:43:42.893983,AWS_BHO,drift,Temperature drifted by 2.91
2026-08-29T00:43:44.897340,AWS_MUM,frozen_value,Values frozen
2026-08-29T00:43:44.909239,AWS_JAI,frozen_value,Values frozen
2026-08-29T00:43:44.914958,AWS_BHO,drift,Temperature drifted by 3.23
2026-08-29T00:43:46.922562,AWS_MUM,frozen_value,Values frozen
2026-08-29T00:43:46.939916,AWS_HYD,frozen_value,Values frozen
2026-08-29T00:43:46.958534,AWS_JAI,frozen_value,Values frozen
2026-08-29T00:43:48.999369,AWS_MUM,frozen_value,Values frozen
2026-08-29T00:43:49.013574,AWS_HYD,frozen_value,Values frozen
2026-08-29T00:43:49.042141,AWS_JAI,frozen_value,Values frozen
2026-08-29T00:43:49.046297,AWS_LKO,dropout,Reading dropped
2026-08-29T00:43:49.047632,AWS_KNP,dropout,Reading dropped
2026-08-29T00:43:51.056874,AWS_MUM,frozen_value,Values frozen
2026-08-29T00:43:51.075234,AWS_HYD,frozen_value,Values frozen
2026-08-29T00:43:51.099142,AWS_JAI,frozen_value,Values frozen
2026-08-29T00:43:51.102811,AWS_LKO,dropout,Reading dropped
2026-08-29T00:43:51.105165,AWS_KNP,dropout,Reading dropped
2026-08-29T00:43:51.110357,AWS_IDR,dropout,Reading dropped
2026-08-29T00:43:51.111826,AWS_BHO,frozen_value,Values frozen
2026-08-29T00:43:53.117104,AWS_MUM,frozen_value,Values frozen
2026-08-29T00:43:53.120962,AWS_BLR,spike,pressure spiked by 77.30
2026-08-29T00:43:53.123755,AWS_HYD,frozen_value,Values frozen
2026-08-29T00:43:53.134105,AWS_JAI,frozen_value,Values frozen
2026-08-29T00:43:53.136217,AWS_LKO,dropout,Reading dropped
2026-08-29T00:43:53.138441,AWS_KNP,dropout,Reading dropped
2026-08-29T00:43:53.141455,AWS_IDR,dropout,Reading dropped
2026-08-29T00:43:53.143640,AWS_BHO,frozen_value,Values frozen
2026-08-29T00:43:55.148425,AWS_MUM,frozen_value,Values frozen
2026-08-29T00:43:55.151031,AWS_DEL,dropout,Reading dropped
2026-08-29T00:43:55.155466,AWS_HYD,frozen_value,Values frozen
2026-08-29T00:43:55.250892,AWS_JAI,frozen_value,Values frozen
2026-08-29T00:43:55.279784,AWS_IDR,dropout,Reading dropped
2026-08-29T00:43:55.281051,AWS_BHO,frozen_value,Values frozen
2026-08-29T00:43:57.287416,AWS_MUM,frozen_value,Values frozen
2026-08-29T00:43:57.345553,AWS_JAI,frozen_value,Values frozen
2026-08-29T00:43:57.362006,AWS_BHO,frozen_value,Values frozen
2026-08-29T00:43:59.367236,AWS_MUM,frozen_value,Values frozen
2026-08-29T00:43:59.382049,AWS_JAI,frozen_value,Values frozen
2026-08-29T00:43:59.393477,AWS_BHO,frozen_value,Values frozen
2026-08-29T00:44:01.402740,AWS_JAI,frozen_value,Values frozen
2026-08-29T00:44:01.410509,AWS_BHO,frozen_value,Values frozen
2026-08-29T00:44:03.422883,AWS_JAI,frozen_value,Values frozen
2026-08-29T00:44:03.435650,AWS_LKO,dropout,Reading dropped
2026-08-29T00:44:03.464944,AWS_BHO,frozen_value,Values frozen
2026-08-29T00:44:05.511475,AWS_LKO,dropout,Reading dropped
2026-08-29T00:44:05.529657,AWS_BHO,frozen_value,Values frozen
2026-08-29T00:44:07.580448,AWS_AMD,frozen_value,Values frozen
2026-08-29T00:44:07.593781,AWS_LKO,dropout,Reading dropped
2026-08-29T00:44:07.602664,AWS_BHO,frozen_value,Values frozen
2026-08-29T00:44:09.622148,AWS_MUM,drift,Temperature drifted by 0.16
2026-08-29T00:44:09.636615,AWS_HYD,dropout,Reading dropped
2026-08-29T00:44:09.645675,AWS_MAA,spatial_outlier,Deviating from spatial trend
2026-08-29T00:44:09.673027,AWS_AMD,frozen_value,Values frozen
2026-08-29T00:44:09.692174,AWS_BHO,frozen_value,Values frozen
2026-08-29T00:44:11.694988,AWS_MUM,drift,Temperature drifted by 0.31
2026-08-29T00:44:11.703054,AWS_HYD,dropout,Reading dropped
2026-08-29T00:44:11.713218,AWS_AMD,frozen_value,Values frozen
2026-08-29T00:44:11.725709,AWS_NAG,frozen_value,Values frozen
2026-08-29T00:44:11.732465,AWS_BHO,frozen_value,Values frozen
2026-08-29T00:44:13.744679,AWS_MUM,drift,Temperature drifted by 0.53
2026-08-29T00:44:13.757316,AWS_HYD,dropout,Reading dropped
2026-08-29T00:44:13.780044,AWS_AMD,frozen_value,Values frozen
2026-08-29T00:44:13.792574,AWS_NAG,frozen_value,Values frozen
2026-08-29T00:44:13.797413,AWS_BHO,frozen_value,Values frozen
2026-08-29T00:44:15.803703,AWS_MUM,drift,Temperature drifted by 0.83
2026-08-29T00:44:15.828595,AWS_AMD,frozen_value,Values frozen
2026-08-29T00:44:15.839630,AWS_NAG,frozen_value,Values frozen
2026-08-29T00:44:15.843122,AWS_IDR,spike,humidity spiked by 28.40
2026-08-29T00:44:15.847345,AWS_BHO,frozen_value,Values frozen
2026-08-29T00:44:17.851442,AWS_MUM,drift,Temperature drifted by 0.95
2026-08-29T00:44:17.882397,AWS_AMD,frozen_value,Values frozen
2026-08-29T00:44:17.915232,AWS_NAG,frozen_value,Values frozen
2026-08-29T00:44:17.926420,AWS_BHO,frozen_value,Values frozen
2026-08-29T00:44:19.929730,AWS_MUM,drift,Temperature drifted by 1.44
2026-08-29T00:44:19.957856,AWS_AMD,frozen_value,Values frozen
2026-08-29T00:44:19.983529,AWS_NAG,frozen_value,Values frozen
2026-08-29T00:44:19.999022,AWS_BHO,frozen_value,Values frozen
2026-08-29T00:44:22.029389,AWS_AMD,frozen_value,Values frozen
2026-08-29T00:44:22.043182,AWS_NAG,frozen_value,Values frozen
2026-08-29T00:44:24.061923,AWS_AMD,frozen_value,Values frozen
2026-08-29T00:44:24.073045,AWS_NAG,frozen_value,Values frozen
2026-08-29T00:44:26.119688,AWS_AMD,frozen_value,Values frozen
2026-08-29T00:44:26.146229,AWS_NAG,frozen_value,Values frozen
2026-08-29T00:44:28.196347,AWS_AMD,frozen_value,Values frozen
2026-08-29T00:44:28.212616,AWS_NAG,frozen_value,Values frozen
2026-08-29T00:44:30.252273,AWS_AMD,frozen_value,Values frozen
2026-08-29T00:44:30.272506,AWS_LKO,spike,pressure spiked by -54.76
2026-08-29T00:44:30.278996,AWS_NAG,frozen_value,Values frozen
2026-08-29T00:44:30.286114,AWS_BHO,drift,Temperature drifted by 0.37
2026-08-29T00:44:32.296630,AWS_DEL,frozen_value,Values frozen
2026-08-29T00:44:32.316258,AWS_NAG,frozen_value,Values frozen
2026-08-29T00:44:32.323894,AWS_BHO,drift,Temperature drifted by 0.74
2026-08-29T00:44:34.330894,AWS_DEL,frozen_value,Values frozen
2026-08-29T00:44:34.338607,AWS_STV,frozen_value,Values frozen
2026-08-29T00:44:34.344303,AWS_NAG,frozen_value,Values frozen
2026-08-29T00:44:34.354682,AWS_BHO,drift,Temperature drifted by 0.89
2026-08-29T00:44:36.361088,AWS_DEL,frozen_value,Values frozen
2026-08-29T00:44:36.457469,AWS_STV,frozen_value,Values frozen
2026-08-29T00:44:36.474965,AWS_JAI,spike,pressure spiked by 82.54
2026-08-29T00:44:36.497422,AWS_NAG,frozen_value,Values frozen
2026-08-29T00:44:36.510522,AWS_BHO,drift,Temperature drifted by 1.31
2026-08-29T00:44:38.517872,AWS_DEL,frozen_value,Values frozen
2026-08-29T00:44:38.530565,AWS_STV,frozen_value,Values frozen
2026-08-29T00:44:38.535628,AWS_NAG,frozen_value,Values frozen
2026-08-29T00:44:38.539505,AWS_BHO,drift,Temperature drifted by 1.48
2026-08-29T00:44:40.543982,AWS_DEL,frozen_value,Values frozen
2026-08-29T00:44:40.554504,AWS_STV,frozen_value,Values frozen
2026-08-29T00:44:40.559126,AWS_LKO,dropout,Reading dropped
2026-08-29T00:44:40.561008,AWS_NAG,frozen_value,Values frozen
2026-08-29T00:44:42.567578,AWS_DEL,frozen_value,Values frozen
2026-08-29T00:44:42.577696,AWS_STV,frozen_value,Values frozen
2026-08-29T00:44:44.596426,AWS_STV,frozen_value,Values frozen
2026-08-29T00:44:44.602439,AWS_KNP,spike,pressure spiked by 84.87
2026-08-29T00:44:46.608572,AWS_DEL,dropout,Reading dropped
2026-08-29T00:44:46.625068,AWS_STV,frozen_value,Values frozen
2026-08-29T00:44:46.628830,AWS_JAI,spatial_outlier,Deviating from spatial trend
2026-08-29T00:44:46.635359,AWS_NAG,frozen_value,Values frozen
2026-08-29T00:44:46.641103,AWS_BHO,drift,Temperature drifted by 0.38
2026-08-29T00:44:48.646234,AWS_DEL,dropout,Reading dropped
2026-08-29T00:44:48.653831,AWS_MAA,dropout,Reading dropped
2026-08-29T00:44:48.659902,AWS_STV,frozen_value,Values frozen
2026-08-29T00:44:48.666491,AWS_NAG,frozen_value,Values frozen
2026-08-29T00:44:48.671278,AWS_BHO,drift,Temperature drifted by 0.53
2026-08-29T00:44:50.696336,AWS_DEL,dropout,Reading dropped
2026-08-29T00:44:50.704785,AWS_MAA,dropout,Reading dropped
2026-08-29T00:44:50.711235,AWS_STV,frozen_value,Values frozen
2026-08-29T00:44:50.733186,AWS_NAG,frozen_value,Values frozen
2026-08-29T00:44:50.737675,AWS_BHO,drift,Temperature drifted by 0.78
2026-08-29T00:44:52.749395,AWS_MAA,dropout,Reading dropped
2026-08-29T00:44:52.758597,AWS_STV,frozen_value,Values frozen
2026-08-29T00:44:52.760931,AWS_JAI,frozen_value,Values frozen
2026-08-29T00:44:52.765834,AWS_NAG,frozen_value,Values frozen
2026-08-29T00:44:52.769141,AWS_BHO,drift,Temperature drifted by 1.17
2026-08-29T00:44:54.791281,AWS_STV,frozen_value,Values frozen
2026-08-29T00:44:54.793955,AWS_JAI,frozen_value,Values frozen
2026-08-29T00:44:54.799109,AWS_NAG,frozen_value,Values frozen
2026-08-29T00:44:54.807698,AWS_BHO,drift,Temperature drifted by 1.55
2026-08-29T00:44:56.824964,AWS_HYD,dropout,Reading dropped
2026-08-29T00:44:56.831524,AWS_STV,frozen_value,Values frozen
2026-08-29T00:44:56.833900,AWS_JAI,frozen_value,Values frozen
2026-08-29T00:44:56.838562,AWS_NAG,frozen_value,Values frozen
2026-08-29T00:44:56.840878,AWS_IDR,cross_parameter_inconsistency,Physically inconsistent state
2026-08-29T00:44:56.842651,AWS_BHO,drift,Temperature drifted by 1.82
2026-08-29T00:44:58.848828,AWS_HYD,dropout,Reading dropped
2026-08-29T00:44:58.850391,AWS_MAA,dropout,Reading dropped
2026-08-29T00:44:58.859223,AWS_STV,frozen_value,Values frozen
2026-08-29T00:44:58.863039,AWS_JAI,frozen_value,Values frozen
2026-08-29T00:44:58.867989,AWS_NAG,frozen_value,Values frozen
2026-08-29T00:44:58.873764,AWS_BHO,drift,Temperature drifted by 2.00
2026-08-29T00:45:00.882420,AWS_MAA,dropout,Reading dropped
2026-08-29T00:45:00.891006,AWS_STV,frozen_value,Values frozen
2026-08-29T00:45:00.896028,AWS_JAI,frozen_value,Values frozen
2026-08-29T00:45:00.903560,AWS_NAG,frozen_value,Values frozen
2026-08-29T00:45:00.907805,AWS_BHO,drift,Temperature drifted by 2.29
2026-08-29T00:45:02.932749,AWS_JAI,frozen_value,Values frozen
2026-08-29T00:45:02.940292,AWS_KNP,spike,temperature spiked by 22.59
2026-08-29T00:45:02.943332,AWS_NAG,frozen_value,Values frozen
2026-08-29T00:45:02.948721,AWS_BHO,drift,Temperature drifted by 2.72
2026-08-29T00:45:04.980830,AWS_JAI,frozen_value,Values frozen
2026-08-29T00:45:04.995595,AWS_NAG,frozen_value,Values frozen
2026-08-29T00:45:05.006093,AWS_BHO,drift,Temperature drifted by 3.00
2026-08-29T00:45:07.016013,AWS_HYD,dropout,Reading dropped
2026-08-29T00:45:07.021635,AWS_AMD,cross_parameter_inconsistency,Physically inconsistent state
2026-08-29T00:45:07.026923,AWS_JAI,frozen_value,Values frozen
2026-08-29T00:45:07.030985,AWS_NAG,frozen_value,Values frozen
2026-08-29T00:45:07.034148,AWS_BHO,drift,Temperature drifted by 3.35
2026-08-29T00:45:09.045726,AWS_PNQ,drift,Temperature drifted by 0.49
2026-08-29T00:45:09.052096,AWS_JAI,frozen_value,Values frozen
2026-08-29T00:45:09.056305,AWS_KNP,frozen_value,Values frozen
2026-08-29T00:45:09.065869,AWS_NAG,frozen_value,Values frozen
2026-08-29T00:45:09.071855,AWS_BHO,drift,Temperature drifted by 3.65
2026-08-29T00:45:11.092089,AWS_PNQ,drift,Temperature drifted by 0.97
2026-08-29T00:45:11.103421,AWS_JAI,frozen_value,Values frozen
2026-08-29T00:45:11.107286,AWS_KNP,frozen_value,Values frozen
2026-08-29T00:45:13.133347,AWS_PNQ,drift,Temperature drifted by 1.18
2026-08-29T00:45:13.143790,AWS_KNP,frozen_value,Values frozen
2026-08-29T00:45:15.155958,AWS_BLR,dropout,Reading dropped
2026-08-29T00:45:15.171137,AWS_PNQ,drift,Temperature drifted by 1.40
2026-08-29T00:45:15.194875,AWS_KNP,frozen_value,Values frozen
2026-08-29T00:45:17.250635,AWS_MAA,spatial_outlier,Deviating from spatial trend
2026-08-29T00:45:17.254945,AWS_PNQ,drift,Temperature drifted by 1.57
2026-08-29T00:45:17.257963,AWS_AMD,dropout,Reading dropped
2026-08-29T00:45:17.261695,AWS_KNP,frozen_value,Values frozen
2026-08-29T00:45:19.282970,AWS_PNQ,drift,Temperature drifted by 1.72
2026-08-29T00:45:19.287530,AWS_AMD,dropout,Reading dropped
2026-08-29T00:45:19.295404,AWS_KNP,frozen_value,Values frozen
2026-08-29T00:45:21.319255,AWS_PNQ,drift,Temperature drifted by 1.95
2026-08-29T00:45:21.326516,AWS_KNP,frozen_value,Values frozen
2026-08-29T00:45:23.340623,AWS_PNQ,drift,Temperature drifted by 2.28
2026-08-29T00:45:23.349033,AWS_KNP,frozen_value,Values frozen
2026-08-29T00:45:25.401192,AWS_PNQ,drift,Temperature drifted by 2.74
2026-08-29T00:45:25.416527,AWS_JAI,frozen_value,Values frozen
2026-08-29T00:45:25.430420,AWS_KNP,frozen_value,Values frozen
2026-08-29T00:45:27.460402,AWS_PNQ,drift,Temperature drifted by 3.15
2026-08-29T00:45:27.469022,AWS_AMD,cross_parameter_inconsistency,Physically inconsistent state
2026-08-29T00:45:27.475339,AWS_JAI,frozen_value,Values frozen
2026-08-29T00:45:27.482496,AWS_KNP,frozen_value,Values frozen
2026-08-29T00:45:29.517511,AWS_JAI,frozen_value,Values frozen
2026-08-29T00:45:29.521527,AWS_KNP,frozen_value,Values frozen
2026-08-29T00:45:31.544463,AWS_CCU,cross_parameter_inconsistency,Physically inconsistent state
2026-08-29T00:45:31.554003,AWS_JAI,frozen_value,Values frozen
2026-08-29T00:45:33.608438,AWS_JAI,frozen_value,Values frozen
2026-08-29T00:45:33.613579,AWS_KNP,cross_parameter_inconsistency,Physically inconsistent state
2026-08-29T00:45:35.662968,AWS_JAI,frozen_value,Values frozen
2026-08-29T00:45:37.707085,AWS_STV,cross_parameter_inconsistency,Physically inconsistent state
2026-08-29T00:45:37.711812,AWS_JAI,frozen_value,Values frozen
2026-08-29T00:45:39.756603,AWS_JAI,frozen_value,Values frozen
2026-08-29T00:45:41.779501,AWS_HYD,cross_parameter_inconsistency,Physically inconsistent state
2026-08-29T00:45:41.796499,AWS_JAI,frozen_value,Values frozen
2026-08-29T00:45:41.806116,AWS_IDR,drift,Temperature drifted by 0.30
2026-08-29T00:45:41.808553,AWS_BHO,drift,Temperature drifted by 0.39
2026-08-29T00:45:43.845319,AWS_JAI,frozen_value,Values frozen
2026-08-29T00:45:43.866704,AWS_IDR,drift,Temperature drifted by 0.50
2026-08-29T00:45:43.874291,AWS_BHO,drift,Temperature drifted by 0.80
2026-08-29T00:45:45.885522,AWS_MAA,frozen_value,Values frozen
2026-08-29T00:45:45.898346,AWS_JAI,frozen_value,Values frozen
2026-08-29T00:45:45.906500,AWS_IDR,drift,Temperature drifted by 0.84
2026-08-29T00:45:45.908831,AWS_BHO,drift,Temperature drifted by 1.17
2026-08-29T00:45:47.957720,AWS_MAA,frozen_value,Values frozen
2026-08-29T00:45:47.990059,AWS_JAI,frozen_value,Values frozen
2026-08-29T00:45:48.007082,AWS_IDR,drift,Temperature drifted by 1.29
2026-08-29T00:45:48.015289,AWS_BHO,drift,Temperature drifted by 1.60
2026-08-29T00:45:50.063618,AWS_MAA,frozen_value,Values frozen
2026-08-29T00:45:50.085485,AWS_JAI,frozen_value,Values frozen
2026-08-29T00:45:50.093843,AWS_NAG,drift,Temperature drifted by 0.33
2026-08-29T00:45:50.098491,AWS_IDR,drift,Temperature drifted by 1.61
2026-08-29T00:45:50.103979,AWS_BHO,drift,Temperature drifted by 1.82
2026-08-29T00:45:52.113560,AWS_MAA,frozen_value,Values frozen
2026-08-29T00:45:52.134481,AWS_STV,drift,Temperature drifted by 0.35
2026-08-29T00:45:52.138281,AWS_JAI,frozen_value,Values frozen
2026-08-29T00:45:52.145480,AWS_NAG,drift,Temperature drifted by 0.44
2026-08-29T00:45:52.147943,AWS_IDR,drift,Temperature drifted by 2.11
2026-08-29T00:45:52.152946,AWS_BHO,drift,Temperature drifted by 2.01
2026-08-29T00:45:54.170450,AWS_MAA,frozen_value,Values frozen
2026-08-29T00:45:54.184252,AWS_STV,drift,Temperature drifted by 0.51
2026-08-29T00:45:54.197963,AWS_NAG,drift,Temperature drifted by 0.55
2026-08-29T00:45:54.202176,AWS_IDR,drift,Temperature drifted by 2.27
2026-08-29T00:45:54.205983,AWS_BHO,drift,Temperature drifted by 2.44
2026-08-29T00:45:56.225909,AWS_MAA,frozen_value,Values frozen
2026-08-29T00:45:56.256254,AWS_STV,drift,Temperature drifted by 0.96
2026-08-29T00:45:56.262403,AWS_NAG,drift,Temperature drifted by 0.68
2026-08-29T00:45:56.265616,AWS_IDR,drift,Temperature drifted by 2.42
2026-08-29T00:45:56.273781,AWS_BHO,drift,Temperature drifted by 2.62
2026-08-29T00:45:58.285365,AWS_MAA,frozen_value,Values frozen
2026-08-29T00:45:58.294434,AWS_STV,drift,Temperature drifted by 1.43
2026-08-29T00:45:58.306463,AWS_NAG,drift,Temperature drifted by 0.98
2026-08-29T00:45:58.308765,AWS_IDR,drift,Temperature drifted by 2.87
2026-08-29T00:45:58.312123,AWS_BHO,drift,Temperature drifted by 2.98
2026-08-29T00:46:00.328060,AWS_MAA,frozen_value,Values frozen
2026-08-29T00:46:00.336033,AWS_STV,drift,Temperature drifted by 1.74
2026-08-29T00:46:00.345470,AWS_KNP,spatial_outlier,Deviating from spatial trend
2026-08-29T00:46:00.349836,AWS_NAG,drift,Temperature drifted by 1.21
2026-08-29T00:46:00.354978,AWS_IDR,drift,Temperature drifted by 3.10
2026-08-29T00:46:00.360158,AWS_BHO,drift,Temperature drifted by 3.10
2026-08-29T00:46:02.367767,AWS_STV,drift,Temperature drifted by 1.87
2026-08-29T00:46:02.374117,AWS_NAG,drift,Temperature drifted by 1.62
2026-08-29T00:46:02.376108,AWS_IDR,drift,Temperature drifted by 3.20
2026-08-29T00:46:02.386988,AWS_BHO,drift,Temperature drifted by 3.32
2026-08-29T00:46:04.398707,AWS_STV,drift,Temperature drifted by 2.34
2026-08-29T00:46:04.404153,AWS_NAG,drift,Temperature drifted by 2.11
2026-08-29T00:46:04.406567,AWS_IDR,drift,Temperature drifted by 3.40
2026-08-29T00:46:04.408961,AWS_BHO,drift,Temperature drifted by 3.72
2026-08-29T00:46:06.412849,AWS_MUM,dropout,Reading dropped
2026-08-29T00:46:06.473561,AWS_STV,drift,Temperature drifted by 2.55
2026-08-29T00:46:06.492466,AWS_NAG,drift,Temperature drifted by 2.60
2026-08-29T00:46:06.505940,AWS_IDR,drift,Temperature drifted by 3.76
2026-08-29T00:46:06.515327,AWS_BHO,drift,Temperature drifted by 4.02
2026-08-29T00:46:08.523215,AWS_MUM,dropout,Reading dropped
2026-08-29T00:46:08.568634,AWS_AMD,drift,Temperature drifted by 0.19
2026-08-29T00:46:08.572940,AWS_STV,drift,Temperature drifted by 2.78
2026-08-29T00:46:08.580417,AWS_NAG,drift,Temperature drifted by 3.04
2026-08-29T00:46:08.582355,AWS_IDR,drift,Temperature drifted by 3.87
2026-08-29T00:46:08.586525,AWS_BHO,drift,Temperature drifted by 4.27
2026-08-29T00:46:10.595035,AWS_MUM,dropout,Reading dropped
2026-08-29T00:46:10.601316,AWS_AMD,drift,Temperature drifted by 0.67
2026-08-29T00:46:10.603777,AWS_STV,drift,Temperature drifted by 2.89
2026-08-29T00:46:12.636812,AWS_AMD,drift,Temperature drifted by 1.11
2026-08-29T00:46:12.641124,AWS_STV,drift,Temperature drifted by 3.00
2026-08-29T00:46:14.693463,AWS_AMD,drift,Temperature drifted by 1.42
2026-08-29T00:46:14.697021,AWS_STV,drift,Temperature drifted by 3.12
2026-08-29T00:46:16.736520,AWS_AMD,drift,Temperature drifted by 1.58
2026-08-29T00:46:16.739740,AWS_STV,drift,Temperature drifted by 3.36
2026-08-29T00:46:16.743770,AWS_JAI,spatial_outlier,Deviating from spatial trend
2026-08-29T00:46:18.780506,AWS_AMD,drift,Temperature drifted by 2.08
2026-08-29T00:46:20.816828,AWS_AMD,drift,Temperature drifted by 2.48
2026-08-29T00:46:20.826248,AWS_KNP,frozen_value,Values frozen
2026-08-29T00:46:22.843001,AWS_AMD,drift,Temperature drifted by 2.84
2026-08-29T00:46:22.850679,AWS_KNP,frozen_value,Values frozen
2026-08-29T00:46:24.873538,AWS_AMD,drift,Temperature drifted by 3.29
2026-08-29T00:46:24.885402,AWS_KNP,frozen_value,Values frozen
2026-08-29T00:46:26.913437,AWS_AMD,drift,Temperature drifted by 3.69
2026-08-29T00:46:26.916315,AWS_KNP,frozen_value,Values frozen
2026-08-29T00:46:28.942716,AWS_MAA,frozen_value,Values frozen
2026-08-29T00:46:28.956362,AWS_KNP,frozen_value,Values frozen
2026-08-29T00:46:28.959717,AWS_NAG,dropout,Reading dropped
2026-08-29T00:46:30.967494,AWS_DEL,spatial_outlier,Deviating from spatial trend
2026-08-29T00:46:30.978647,AWS_MAA,frozen_value,Values frozen
2026-08-29T00:46:31.005811,AWS_KNP,frozen_value,Values frozen
2026-08-29T00:46:33.030469,AWS_MAA,frozen_value,Values frozen
2026-08-29T00:46:33.071685,AWS_KNP,frozen_value,Values frozen
2026-08-29T00:46:35.092899,AWS_MAA,frozen_value,Values frozen
2026-08-29T00:46:35.095714,AWS_CCU,spike,temperature spiked by -12.91
2026-08-29T00:46:35.109497,AWS_KNP,frozen_value,Values frozen
2026-08-29T00:46:37.143962,AWS_MAA,frozen_value,Values frozen
2026-08-29T00:46:37.189392,AWS_KNP,frozen_value,Values frozen
2026-08-29T00:46:37.197766,AWS_NAG,frozen_value,Values frozen
2026-08-29T00:46:39.222543,AWS_MAA,frozen_value,Values frozen
2026-08-29T00:46:39.237045,AWS_KNP,frozen_value,Values frozen
2026-08-29T00:46:39.242114,AWS_NAG,frozen_value,Values frozen
2026-08-29T00:46:41.263317,AWS_MAA,frozen_value,Values frozen
2026-08-29T00:46:41.277101,AWS_NAG,frozen_value,Values frozen
2026-08-29T00:46:43.291136,AWS_MAA,frozen_value,Values frozen
2026-08-29T00:46:43.333563,AWS_NAG,frozen_value,Values frozen
2026-08-29T00:46:45.357912,AWS_MAA,frozen_value,Values frozen
2026-08-29T00:46:45.365066,AWS_AMD,dropout,Reading dropped
2026-08-29T00:46:45.379575,AWS_NAG,frozen_value,Values frozen
2026-08-29T00:46:45.389879,AWS_BHO,cross_parameter_inconsistency,Physically inconsistent state
2026-08-29T00:46:47.399297,AWS_MAA,frozen_value,Values frozen
2026-08-29T00:46:47.405269,AWS_JAI,spatial_outlier,Deviating from spatial trend
2026-08-29T00:46:47.411127,AWS_NAG,frozen_value,Values frozen
2026-08-29T00:46:49.420366,AWS_BLR,spike,pressure spiked by 69.74
2026-08-29T00:46:49.423988,AWS_MAA,frozen_value,Values frozen
2026-08-29T00:46:49.442090,AWS_NAG,frozen_value,Values frozen
2026-08-29T00:46:51.469381,AWS_MAA,frozen_value,Values frozen
2026-08-29T00:46:51.492252,AWS_NAG,frozen_value,Values frozen
2026-08-29T00:46:53.512998,AWS_NAG,frozen_value,Values frozen
2026-08-29T00:46:55.522331,AWS_DEL,drift,Temperature drifted by 0.27
2026-08-29T00:46:55.527494,AWS_BLR,frozen_value,Values frozen
2026-08-29T00:46:55.551019,AWS_KNP,cross_parameter_inconsistency,Physically inconsistent state
2026-08-29T00:46:55.554065,AWS_NAG,frozen_value,Values frozen
2026-08-29T00:46:57.565384,AWS_DEL,drift,Temperature drifted by 0.41
2026-08-29T00:46:57.569457,AWS_BLR,frozen_value,Values frozen
2026-08-29T00:46:57.594355,AWS_NAG,frozen_value,Values frozen
2026-08-29T00:46:59.614857,AWS_DEL,drift,Temperature drifted by 0.61
2026-08-29T00:46:59.620846,AWS_BLR,frozen_value,Values frozen
2026-08-29T00:46:59.640075,AWS_NAG,frozen_value,Values frozen
2026-08-29T00:47:01.670148,AWS_DEL,drift,Temperature drifted by 0.89
2026-08-29T00:47:01.674157,AWS_BLR,frozen_value,Values frozen
2026-08-29T00:47:03.701760,AWS_DEL,drift,Temperature drifted by 1.32
2026-08-29T00:47:03.708658,AWS_BLR,frozen_value,Values frozen
2026-08-29T00:47:05.724337,AWS_DEL,drift,Temperature drifted by 1.58
2026-08-29T00:47:05.726608,AWS_BLR,frozen_value,Values frozen
2026-08-29T00:47:07.746575,AWS_DEL,drift,Temperature drifted by 1.89
2026-08-29T00:47:07.748451,AWS_BLR,frozen_value,Values frozen
2026-08-29T00:47:09.920984,AWS_DEL,drift,Temperature drifted by 2.20
2026-08-29T00:47:09.928314,AWS_BLR,frozen_value,Values frozen
2026-08-29T00:47:11.982072,AWS_DEL,drift,Temperature drifted by 2.40
2026-08-29T00:47:11.984873,AWS_BLR,frozen_value,Values frozen
2026-08-29T00:47:14.031587,AWS_DEL,drift,Temperature drifted by 2.51
2026-08-29T00:47:14.042037,AWS_BLR,frozen_value,Values frozen
2026-08-29T00:47:14.081366,AWS_NAG,spike,temperature spiked by -20.10
2026-08-29T00:47:16.099355,AWS_DEL,drift,Temperature drifted by 2.97
2026-08-29T00:47:18.161916,AWS_DEL,drift,Temperature drifted by 3.20
2026-08-29T00:47:18.171642,AWS_STV,drift,Temperature drifted by 0.35
2026-08-29T00:47:20.190070,AWS_DEL,drift,Temperature drifted by 3.55
2026-08-29T00:47:20.214818,AWS_STV,drift,Temperature drifted by 0.54
2026-08-29T00:47:22.224364,AWS_DEL,drift,Temperature drifted by 3.96
2026-08-29T00:47:22.239813,AWS_STV,drift,Temperature drifted by 0.66
2026-08-29T00:47:24.250452,AWS_DEL,drift,Temperature drifted by 4.35
2026-08-29T00:47:24.258400,AWS_PNQ,cross_parameter_inconsistency,Physically inconsistent state
2026-08-29T00:47:24.264080,AWS_STV,drift,Temperature drifted by 1.14
2026-08-29T00:47:24.272327,AWS_KNP,cross_parameter_inconsistency,Physically inconsistent state
2026-08-29T00:47:24.277872,AWS_BHO,cross_parameter_inconsistency,Physically inconsistent state
2026-08-29T00:47:26.288134,AWS_STV,drift,Temperature drifted by 1.25
2026-08-29T00:47:28.332357,AWS_STV,drift,Temperature drifted by 1.72
2026-08-29T00:47:36.499975,AWS_DEL,cross_parameter_inconsistency,Physically inconsistent state
2026-08-29T00:47:36.550713,AWS_BHO,spike,humidity spiked by 24.33
2026-08-29T00:47:38.559684,AWS_CCU,drift,Temperature drifted by 0.14
2026-08-29T00:47:40.578386,AWS_CCU,drift,Temperature drifted by 0.36
2026-08-29T00:47:42.592947,AWS_CCU,drift,Temperature drifted by 0.47
2026-08-29T00:47:44.605877,AWS_DEL,drift,Temperature drifted by 0.49
2026-08-29T00:47:44.613266,AWS_CCU,drift,Temperature drifted by 0.66
2026-08-29T00:47:46.627336,AWS_DEL,drift,Temperature drifted by 0.93
2026-08-29T00:47:46.631494,AWS_CCU,drift,Temperature drifted by 1.04
2026-08-29T00:47:48.650413,AWS_DEL,drift,Temperature drifted by 1.13
2026-08-29T00:47:48.666800,AWS_CCU,drift,Temperature drifted by 1.15
2026-08-29T00:47:50.690548,AWS_DEL,drift,Temperature drifted by 1.52
2026-08-29T00:47:50.703564,AWS_CCU,drift,Temperature drifted by 1.57
2026-08-29T00:47:50.727059,AWS_KNP,spike,humidity spiked by -20.57
2026-08-29T00:47:52.739791,AWS_DEL,drift,Temperature drifted by 1.92
2026-08-29T00:47:52.750070,AWS_CCU,drift,Temperature drifted by 1.79
2026-08-29T00:47:54.785043,AWS_DEL,drift,Temperature drifted by 2.08
2026-08-29T00:47:54.795552,AWS_CCU,drift,Temperature drifted by 1.97
2026-08-29T00:47:54.802550,AWS_PNQ,dropout,Reading dropped
2026-08-29T00:47:56.847061,AWS_DEL,drift,Temperature drifted by 2.46
2026-08-29T00:47:56.868860,AWS_CCU,drift,Temperature drifted by 2.08
2026-08-29T00:47:56.874411,AWS_PNQ,dropout,Reading dropped
2026-08-29T00:47:56.887062,AWS_JAI,spike,temperature spiked by 16.15
2026-08-29T00:47:58.894562,AWS_DEL,drift,Temperature drifted by 2.86
2026-08-29T00:47:58.898874,AWS_CCU,drift,Temperature drifted by 2.33
2026-08-29T00:48:00.916053,AWS_DEL,drift,Temperature drifted by 3.27
2026-08-29T00:48:00.928862,AWS_CCU,drift,Temperature drifted by 2.57
2026-08-29T00:48:02.959418,AWS_DEL,drift,Temperature drifted by 3.69
2026-08-29T00:48:02.964639,AWS_CCU,drift,Temperature drifted by 2.75
2026-08-29T00:48:02.970286,AWS_LKO,dropout,Reading dropped
2026-08-29T00:48:04.975669,AWS_DEL,drift,Temperature drifted by 3.99
2026-08-29T00:48:04.978768,AWS_CCU,drift,Temperature drifted by 2.97
2026-08-29T00:48:04.983524,AWS_LKO,dropout,Reading dropped
2026-08-29T00:48:06.993335,AWS_DEL,drift,Temperature drifted by 4.31
2026-08-29T00:48:07.006087,AWS_CCU,drift,Temperature drifted by 3.35
2026-08-29T00:48:07.040773,AWS_LKO,dropout,Reading dropped
2026-08-29T00:48:07.047381,AWS_NAG,drift,Temperature drifted by 0.24
2026-08-29T00:48:09.069988,AWS_DEL,drift,Temperature drifted by 4.74
2026-08-29T00:48:09.073672,AWS_HYD,cross_parameter_inconsistency,Physically inconsistent state
2026-08-29T00:48:09.092573,AWS_NAG,drift,Temperature drifted by 0.47
2026-08-29T00:48:11.111775,AWS_DEL,drift,Temperature drifted by 4.93
2026-08-29T00:48:11.181302,AWS_NAG,drift,Temperature drifted by 0.88
2026-08-29T00:48:11.216420,AWS_BHO,spatial_outlier,Deviating from spatial trend
2026-08-29T00:48:13.287271,AWS_CCU,drift,Temperature drifted by 0.29
2026-08-29T00:48:13.351810,AWS_JAI,dropout,Reading dropped
2026-08-29T00:48:13.362151,AWS_NAG,drift,Temperature drifted by 1.32
2026-08-29T00:48:15.385369,AWS_DEL,dropout,Reading dropped
2026-08-29T00:48:15.420104,AWS_CCU,drift,Temperature drifted by 0.64
2026-08-29T00:48:15.434730,AWS_JAI,dropout,Reading dropped
2026-08-29T00:48:15.446718,AWS_NAG,drift,Temperature drifted by 1.76
2026-08-29T00:48:17.466969,AWS_DEL,dropout,Reading dropped
2026-08-29T00:48:17.482369,AWS_CCU,drift,Temperature drifted by 0.79
2026-08-29T00:48:17.491085,AWS_JAI,dropout,Reading dropped
2026-08-29T00:48:17.500964,AWS_NAG,drift,Temperature drifted by 1.86
2026-08-29T00:48:19.524547,AWS_CCU,drift,Temperature drifted by 1.29
2026-08-29T00:48:19.550088,AWS_NAG,drift,Temperature drifted by 2.02
2026-08-29T00:48:21.569601,AWS_DEL,spike,temperature spiked by 20.01
2026-08-29T00:48:21.589381,AWS_CCU,drift,Temperature drifted by 1.61
2026-08-29T00:48:21.602090,AWS_JAI,spatial_outlier,Deviating from spatial trend
2026-08-29T00:48:21.614620,AWS_NAG,drift,Temperature drifted by 2.37
2026-08-29T00:48:23.633817,AWS_BLR,drift,Temperature drifted by 0.43
2026-08-29T00:48:25.673684,AWS_BLR,drift,Temperature drifted by 0.70
2026-08-29T00:48:25.686014,AWS_PNQ,spatial_outlier,Deviating from spatial trend
2026-08-29T00:48:27.745943,AWS_BLR,drift,Temperature drifted by 1.12
2026-08-29T00:48:27.753026,AWS_HYD,spike,humidity spiked by 28.30
2026-08-29T00:48:29.773196,AWS_BLR,drift,Temperature drifted by 1.59
2026-08-29T00:48:31.791097,AWS_BLR,drift,Temperature drifted by 2.00
2026-08-29T00:48:31.806533,AWS_KNP,spatial_outlier,Deviating from spatial trend
2026-08-29T00:48:33.813380,AWS_MUM,frozen_value,Values frozen
2026-08-29T00:48:33.817270,AWS_BLR,drift,Temperature drifted by 2.48
2026-08-29T00:48:33.840063,AWS_IDR,cross_parameter_inconsistency,Physically inconsistent state
2026-08-29T00:48:35.843840,AWS_MUM,frozen_value,Values frozen
2026-08-29T00:48:37.871698,AWS_MUM,frozen_value,Values frozen
2026-08-29T00:48:37.883748,AWS_JAI,drift,Temperature drifted by 0.36
2026-08-29T00:48:39.897108,AWS_MUM,frozen_value,Values frozen
2026-08-29T00:48:39.903456,AWS_DEL,dropout,Reading dropped
2026-08-29T00:48:39.924955,AWS_JAI,drift,Temperature drifted by 0.58
2026-08-29T00:48:41.949055,AWS_MUM,frozen_value,Values frozen
2026-08-29T00:48:41.956677,AWS_DEL,dropout,Reading dropped
2026-08-29T00:48:41.957802,AWS_BLR,frozen_value,Values frozen
2026-08-29T00:48:41.972688,AWS_JAI,drift,Temperature drifted by 0.69
2026-08-29T00:48:43.983379,AWS_MUM,frozen_value,Values frozen
2026-08-29T00:48:43.986133,AWS_DEL,dropout,Reading dropped
2026-08-29T00:48:43.988036,AWS_BLR,frozen_value,Values frozen
2026-08-29T00:48:43.996407,AWS_STV,frozen_value,Values frozen
2026-08-29T00:48:43.999790,AWS_JAI,drift,Temperature drifted by 1.04
2026-08-29T00:48:46.022277,AWS_MUM,frozen_value,Values frozen
2026-08-29T00:48:46.026460,AWS_BLR,frozen_value,Values frozen
2026-08-29T00:48:46.035544,AWS_STV,frozen_value,Values frozen
2026-08-29T00:48:46.038297,AWS_JAI,drift,Temperature drifted by 1.16
2026-08-29T00:48:48.048331,AWS_MUM,frozen_value,Values frozen
2026-08-29T00:48:48.058798,AWS_BLR,frozen_value,Values frozen
2026-08-29T00:48:48.086578,AWS_STV,frozen_value,Values frozen
2026-08-29T00:48:48.093107,AWS_JAI,drift,Temperature drifted by 1.59
2026-08-29T00:48:50.104942,AWS_MUM,frozen_value,Values frozen
2026-08-29T00:48:50.109886,AWS_BLR,frozen_value,Values frozen
2026-08-29T00:48:50.121494,AWS_STV,frozen_value,Values frozen
2026-08-29T00:48:50.124811,AWS_JAI,drift,Temperature drifted by 2.00
2026-08-29T00:48:52.146072,AWS_MUM,frozen_value,Values frozen
2026-08-29T00:48:52.150476,AWS_BLR,frozen_value,Values frozen
2026-08-29T00:48:52.159627,AWS_STV,frozen_value,Values frozen
2026-08-29T00:48:52.161486,AWS_JAI,drift,Temperature drifted by 2.31
2026-08-29T00:48:54.173324,AWS_MUM,frozen_value,Values frozen
2026-08-29T00:48:54.194089,AWS_BLR,frozen_value,Values frozen
2026-08-29T00:48:54.221346,AWS_CCU,spike,humidity spiked by 13.04
2026-08-29T00:48:54.263911,AWS_STV,frozen_value,Values frozen
2026-08-29T00:48:54.275754,AWS_JAI,drift,Temperature drifted by 2.59
2026-08-29T00:48:56.301296,AWS_MUM,frozen_value,Values frozen
2026-08-29T00:48:56.317131,AWS_BLR,frozen_value,Values frozen
2026-08-29T00:48:56.360719,AWS_STV,frozen_value,Values frozen
2026-08-29T00:48:56.364784,AWS_JAI,drift,Temperature drifted by 2.74
2026-08-29T00:48:58.390374,AWS_MUM,frozen_value,Values frozen
2026-08-29T00:48:58.411186,AWS_BLR,frozen_value,Values frozen
2026-08-29T00:48:58.425696,AWS_STV,frozen_value,Values frozen
2026-08-29T00:48:58.431212,AWS_JAI,drift,Temperature drifted by 2.99
2026-08-29T00:49:00.463095,AWS_STV,frozen_value,Values frozen
2026-08-29T00:49:00.469344,AWS_JAI,drift,Temperature drifted by 3.43
2026-08-29T00:49:02.490491,AWS_STV,frozen_value,Values frozen
2026-08-29T00:49:02.493669,AWS_JAI,drift,Temperature drifted by 3.93
2026-08-29T00:49:04.506447,AWS_DEL,drift,Temperature drifted by 0.49
2026-08-29T00:49:04.525683,AWS_STV,frozen_value,Values frozen
2026-08-29T00:49:04.536542,AWS_NAG,dropout,Reading dropped
2026-08-29T00:49:06.556866,AWS_DEL,drift,Temperature drifted by 0.82
2026-08-29T00:49:06.572557,AWS_AMD,frozen_value,Values frozen
2026-08-29T00:49:06.582893,AWS_NAG,dropout,Reading dropped
2026-08-29T00:49:08.591775,AWS_MUM,drift,Temperature drifted by 0.24
2026-08-29T00:49:08.595376,AWS_DEL,drift,Temperature drifted by 1.13
2026-08-29T00:49:08.623620,AWS_AMD,frozen_value,Values frozen
2026-08-29T00:49:08.652375,AWS_NAG,frozen_value,Values frozen
2026-08-29T00:49:08.664503,AWS_BHO,drift,Temperature drifted by 0.20
2026-08-29T00:49:10.672843,AWS_MUM,drift,Temperature drifted by 0.37
2026-08-29T00:49:10.674761,AWS_DEL,drift,Temperature drifted by 1.63
2026-08-29T00:49:10.679568,AWS_AMD,frozen_value,Values frozen
2026-08-29T00:49:10.685758,AWS_NAG,frozen_value,Values frozen
2026-08-29T00:49:10.690550,AWS_BHO,drift,Temperature drifted by 0.62
2026-08-29T00:49:12.698113,AWS_MUM,drift,Temperature drifted by 0.59
2026-08-29T00:49:12.701542,AWS_DEL,drift,Temperature drifted by 1.75
2026-08-29T00:49:12.724453,AWS_AMD,frozen_value,Values frozen
2026-08-29T00:49:12.730262,AWS_NAG,frozen_value,Values frozen
2026-08-29T00:49:12.732422,AWS_BHO,drift,Temperature drifted by 0.96
2026-08-29T00:49:14.735993,AWS_MUM,drift,Temperature drifted by 0.72
2026-08-29T00:49:14.741476,AWS_DEL,drift,Temperature drifted by 1.88
2026-08-29T00:49:14.762855,AWS_AMD,frozen_value,Values frozen
2026-08-29T00:49:14.782447,AWS_NAG,frozen_value,Values frozen
2026-08-29T00:49:14.787194,AWS_BHO,drift,Temperature drifted by 1.17
2026-08-29T00:49:16.790378,AWS_MUM,drift,Temperature drifted by 1.12
2026-08-29T00:49:16.799888,AWS_DEL,drift,Temperature drifted by 2.00
2026-08-29T00:49:16.809693,AWS_AMD,frozen_value,Values frozen
2026-08-29T00:49:16.821880,AWS_NAG,frozen_value,Values frozen
2026-08-29T00:49:16.829827,AWS_BHO,drift,Temperature drifted by 1.28
2026-08-29T00:49:18.854314,AWS_MUM,drift,Temperature drifted by 1.41
2026-08-29T00:49:18.870964,AWS_DEL,drift,Temperature drifted by 2.11
2026-08-29T00:49:18.891036,AWS_AMD,frozen_value,Values frozen
2026-08-29T00:49:18.900012,AWS_NAG,frozen_value,Values frozen
2026-08-29T00:49:18.908911,AWS_BHO,drift,Temperature drifted by 1.42
2026-08-29T00:49:20.916478,AWS_MUM,drift,Temperature drifted by 1.80
2026-08-29T00:49:20.931433,AWS_DEL,drift,Temperature drifted by 2.39
2026-08-29T00:49:20.968312,AWS_AMD,frozen_value,Values frozen
2026-08-29T00:49:20.986533,AWS_NAG,frozen_value,Values frozen
2026-08-29T00:49:20.996183,AWS_BHO,drift,Temperature drifted by 1.82
2026-08-29T00:49:23.003658,AWS_DEL,drift,Temperature drifted by 2.51
2026-08-29T00:49:23.013771,AWS_CCU,spatial_outlier,Deviating from spatial trend
2026-08-29T00:49:23.018947,AWS_PNQ,spatial_outlier,Deviating from spatial trend
2026-08-29T00:49:23.021414,AWS_AMD,frozen_value,Values frozen
2026-08-29T00:49:23.030880,AWS_BHO,drift,Temperature drifted by 2.30
2026-08-29T00:49:25.034186,AWS_DEL,drift,Temperature drifted by 2.72
2026-08-29T00:49:25.037521,AWS_MAA,cross_parameter_inconsistency,Physically inconsistent state
2026-08-29T00:49:25.040809,AWS_AMD,frozen_value,Values frozen
2026-08-29T00:49:25.059953,AWS_BHO,drift,Temperature drifted by 2.59
2026-08-29T00:49:27.064904,AWS_DEL,drift,Temperature drifted by 2.95
2026-08-29T00:49:27.079150,AWS_AMD,frozen_value,Values frozen
2026-08-29T00:49:27.086315,AWS_NAG,spatial_outlier,Deviating from spatial trend
2026-08-29T00:49:27.089968,AWS_BHO,drift,Temperature drifted by 3.04
2026-08-29T00:49:29.096479,AWS_DEL,drift,Temperature drifted by 3.26
2026-08-29T00:49:29.114428,AWS_AMD,frozen_value,Values frozen
2026-08-29T00:49:29.138851,AWS_BHO,drift,Temperature drifted by 3.27
2026-08-29T00:49:31.155323,AWS_DEL,drift,Temperature drifted by 3.58
2026-08-29T00:49:33.232911,AWS_MAA,dropout,Reading dropped
2026-08-29T00:49:35.275096,AWS_MAA,dropout,Reading dropped
2026-08-29T00:49:37.308231,AWS_MUM,drift,Temperature drifted by 0.22
2026-08-29T00:49:37.339188,AWS_MAA,dropout,Reading dropped
2026-08-29T00:49:39.366520,AWS_MUM,drift,Temperature drifted by 0.48
2026-08-29T00:49:39.377863,AWS_BLR,frozen_value,Values frozen
2026-08-29T00:49:39.408045,AWS_BHO,frozen_value,Values frozen
2026-08-29T00:49:41.413059,AWS_MUM,drift,Temperature drifted by 0.81
2026-08-29T00:49:41.417213,AWS_BLR,frozen_value,Values frozen
2026-08-29T00:49:41.443126,AWS_BHO,frozen_value,Values frozen
2026-08-29T00:49:43.447258,AWS_MUM,drift,Temperature drifted by 1.01
2026-08-29T00:49:43.450986,AWS_BLR,frozen_value,Values frozen
2026-08-29T00:49:43.462440,AWS_AMD,spatial_outlier,Deviating from spatial trend
2026-08-29T00:49:43.475332,AWS_BHO,frozen_value,Values frozen
2026-08-29T00:49:45.478514,AWS_MUM,drift,Temperature drifted by 1.20
2026-08-29T00:49:45.485020,AWS_BLR,frozen_value,Values frozen
2026-08-29T00:49:45.508993,AWS_BHO,frozen_value,Values frozen
2026-08-29T00:49:47.513527,AWS_MUM,drift,Temperature drifted by 1.61
2026-08-29T00:49:47.522565,AWS_BLR,frozen_value,Values frozen
2026-08-29T00:49:47.543173,AWS_BHO,frozen_value,Values frozen
2026-08-29T00:49:49.549672,AWS_BLR,frozen_value,Values frozen
2026-08-29T00:49:49.559069,AWS_HYD,spike,temperature spiked by 17.23
2026-08-29T00:49:49.586798,AWS_BHO,frozen_value,Values frozen
2026-08-29T00:49:51.591300,AWS_BLR,frozen_value,Values frozen
2026-08-29T00:49:51.611763,AWS_BHO,frozen_value,Values frozen
2026-08-29T00:49:53.619814,AWS_BLR,frozen_value,Values frozen
2026-08-29T00:49:53.647067,AWS_BHO,frozen_value,Values frozen
2026-08-29T00:49:55.653074,AWS_BLR,frozen_value,Values frozen
2026-08-29T00:49:55.669069,AWS_BHO,frozen_value,Values frozen
2026-08-29T00:49:57.698547,AWS_BHO,frozen_value,Values frozen
2026-08-29T00:49:59.703488,AWS_DEL,drift,Temperature drifted by 0.17
2026-08-29T00:49:59.708898,AWS_BHO,frozen_value,Values frozen
2026-08-29T00:50:01.712097,AWS_DEL,drift,Temperature drifted by 0.58
2026-08-29T00:50:01.730504,AWS_BHO,frozen_value,Values frozen
2026-08-29T00:50:03.733685,AWS_DEL,drift,Temperature drifted by 0.70
2026-08-29T00:50:03.762525,AWS_BHO,frozen_value,Values frozen
2026-08-29T00:50:05.796800,AWS_DEL,drift,Temperature drifted by 1.07
2026-08-29T00:50:05.800621,AWS_CCU,frozen_value,Values frozen
2026-08-29T00:50:05.812588,AWS_BHO,frozen_value,Values frozen
2026-08-29T00:50:07.816839,AWS_DEL,drift,Temperature drifted by 1.48
2026-08-29T00:50:07.820472,AWS_CCU,frozen_value,Values frozen
2026-08-29T00:50:07.832791,AWS_BHO,frozen_value,Values frozen
2026-08-29T00:50:09.837120,AWS_DEL,drift,Temperature drifted by 1.66
2026-08-29T00:50:09.844779,AWS_CCU,frozen_value,Values frozen
2026-08-29T00:50:09.848480,AWS_NAG,cross_parameter_inconsistency,Physically inconsistent state
2026-08-29T00:50:11.855069,AWS_DEL,drift,Temperature drifted by 1.89
2026-08-29T00:50:11.859491,AWS_CCU,frozen_value,Values frozen
2026-08-29T00:50:13.900760,AWS_DEL,drift,Temperature drifted by 2.04
2026-08-29T00:50:13.919403,AWS_CCU,frozen_value,Values frozen
2026-08-29T00:50:15.993218,AWS_CCU,frozen_value,Values frozen
2026-08-29T00:50:18.058254,AWS_MAA,spatial_outlier,Deviating from spatial trend
2026-08-29T00:50:18.062001,AWS_CCU,frozen_value,Values frozen
2026-08-29T00:50:22.109048,AWS_MUM,spatial_outlier,Deviating from spatial trend
2026-08-29T00:50:26.167371,AWS_MAA,spatial_outlier,Deviating from spatial trend
2026-08-29T00:50:26.181183,AWS_BHO,drift,Temperature drifted by 0.39
2026-08-29T00:50:28.201973,AWS_CCU,dropout,Reading dropped
2026-08-29T00:50:28.223972,AWS_BHO,drift,Temperature drifted by 0.55
2026-08-29T00:50:30.331809,AWS_BHO,drift,Temperature drifted by 0.70
2026-08-29T00:50:32.347967,AWS_BHO,drift,Temperature drifted by 1.02
2026-08-29T00:50:34.371042,AWS_BHO,drift,Temperature drifted by 1.36
2026-08-29T00:50:36.405402,AWS_BHO,drift,Temperature drifted by 1.75
2026-08-29T00:50:38.452787,AWS_BHO,drift,Temperature drifted by 2.16
2026-08-29T00:50:40.496503,AWS_BHO,drift,Temperature drifted by 2.50
2026-08-29T00:50:42.537070,AWS_IDR,dropout,Reading dropped
2026-08-29T00:50:42.538851,AWS_BHO,drift,Temperature drifted by 2.73
2026-08-29T00:50:44.555822,AWS_BHO,drift,Temperature drifted by 3.05
2026-08-29T00:50:46.602990,AWS_BHO,drift,Temperature drifted by 3.43
2026-08-29T00:50:48.634183,AWS_BHO,drift,Temperature drifted by 3.65
2026-08-29T00:50:50.658073,AWS_BHO,drift,Temperature drifted by 4.11
2026-08-29T00:50:52.701276,AWS_JAI,cross_parameter_inconsistency,Physically inconsistent state
2026-08-29T00:50:54.755092,AWS_NAG,spatial_outlier,Deviating from spatial trend
2026-08-29T00:50:54.759476,AWS_BHO,spatial_outlier,Deviating from spatial trend
2026-08-29T00:50:56.770237,AWS_HYD,frozen_value,Values frozen
2026-08-29T00:50:58.794723,AWS_HYD,frozen_value,Values frozen
2026-08-29T00:50:58.805158,AWS_AMD,frozen_value,Values frozen
2026-08-29T00:50:58.806927,AWS_JAI,frozen_value,Values frozen
2026-08-29T00:50:58.810713,AWS_NAG,drift,Temperature drifted by 0.20
2026-08-29T00:51:00.819454,AWS_HYD,frozen_value,Values frozen
2026-08-29T00:51:00.824040,AWS_AMD,frozen_value,Values frozen
2026-08-29T00:51:00.828706,AWS_JAI,frozen_value,Values frozen
2026-08-29T00:51:00.832042,AWS_NAG,drift,Temperature drifted by 0.37
2026-08-29T00:51:02.841326,AWS_HYD,frozen_value,Values frozen
2026-08-29T00:51:02.846699,AWS_AMD,frozen_value,Values frozen
2026-08-29T00:51:02.852535,AWS_JAI,frozen_value,Values frozen
2026-08-29T00:51:02.857187,AWS_NAG,drift,Temperature drifted by 0.69
2026-08-29T00:51:04.866099,AWS_HYD,frozen_value,Values frozen
2026-08-29T00:51:04.873053,AWS_AMD,frozen_value,Values frozen
2026-08-29T00:51:04.875619,AWS_JAI,frozen_value,Values frozen
2026-08-29T00:51:04.879169,AWS_NAG,drift,Temperature drifted by 1.17
2026-08-29T00:51:06.889496,AWS_HYD,frozen_value,Values frozen
2026-08-29T00:51:06.916297,AWS_AMD,frozen_value,Values frozen
2026-08-29T00:51:06.925598,AWS_JAI,frozen_value,Values frozen
2026-08-29T00:51:06.935189,AWS_NAG,drift,Temperature drifted by 1.28
2026-08-29T00:51:08.956556,AWS_AMD,frozen_value,Values frozen
2026-08-29T00:51:08.960523,AWS_JAI,frozen_value,Values frozen
2026-08-29T00:51:08.963829,AWS_NAG,drift,Temperature drifted by 1.61
2026-08-29T00:51:08.965112,AWS_IDR,frozen_value,Values frozen
2026-08-29T00:51:10.969708,AWS_DEL,spike,humidity spiked by 29.50
2026-08-29T00:51:10.976681,AWS_AMD,frozen_value,Values frozen
2026-08-29T00:51:10.979411,AWS_JAI,frozen_value,Values frozen
2026-08-29T00:51:10.983442,AWS_NAG,drift,Temperature drifted by 1.84
2026-08-29T00:51:10.984878,AWS_IDR,frozen_value,Values frozen
2026-08-29T00:51:10.986077,AWS_BHO,spatial_outlier,Deviating from spatial trend
2026-08-29T00:51:13.014659,AWS_AMD,frozen_value,Values frozen
2026-08-29T00:51:13.041616,AWS_IDR,frozen_value,Values frozen
2026-08-29T00:51:15.072109,AWS_BLR,dropout,Reading dropped
2026-08-29T00:51:15.086857,AWS_AMD,frozen_value,Values frozen
2026-08-29T00:51:15.093275,AWS_IDR,frozen_value,Values frozen
2026-08-29T00:51:17.097049,AWS_MUM,spatial_outlier,Deviating from spatial trend
2026-08-29T00:51:17.103124,AWS_BLR,dropout,Reading dropped
2026-08-29T00:51:17.121653,AWS_IDR,frozen_value,Values frozen
2026-08-29T00:51:19.210084,AWS_IDR,frozen_value,Values frozen
2026-08-29T00:51:21.246800,AWS_IDR,frozen_value,Values frozen
2026-08-29T00:51:23.263408,AWS_STV,spatial_outlier,Deviating from spatial trend
2026-08-29T00:51:23.270338,AWS_IDR,frozen_value,Values frozen
2026-08-29T00:51:25.301208,AWS_MAA,dropout,Reading dropped
2026-08-29T00:51:27.397190,AWS_MAA,dropout,Reading dropped
2026-08-29T00:51:29.465508,AWS_MAA,dropout,Reading dropped
2026-08-29T00:51:33.566372,AWS_NAG,drift,Temperature drifted by 0.12
2026-08-29T00:51:35.640622,AWS_KNP,spatial_outlier,Deviating from spatial trend
2026-08-29T00:51:35.643632,AWS_NAG,drift,Temperature drifted by 0.23
2026-08-29T00:51:37.650581,AWS_MAA,spatial_outlier,Deviating from spatial trend
2026-08-29T00:51:37.654865,AWS_STV,cross_parameter_inconsistency,Physically inconsistent state
2026-08-29T00:51:37.657581,AWS_LKO,drift,Temperature drifted by 0.45
2026-08-29T00:51:37.660186,AWS_NAG,drift,Temperature drifted by 0.43
2026-08-29T00:51:39.670610,AWS_LKO,drift,Temperature drifted by 0.80
2026-08-29T00:51:39.673449,AWS_NAG,drift,Temperature drifted by 0.64
2026-08-29T00:56:03.188482,AWS_DEL,dropout,Reading dropped
2026-08-29T00:56:03.190980,AWS_HYD,frozen_value,Values frozen
2026-08-29T00:56:03.193888,AWS_CCU,drift,Temperature drifted by 0.25
2026-08-29T00:56:03.203837,AWS_NAG,frozen_value,Values frozen
2026-08-29T00:56:05.210679,AWS_DEL,dropout,Reading dropped
2026-08-29T00:56:05.219018,AWS_HYD,frozen_value,Values frozen
2026-08-29T00:56:05.224392,AWS_MAA,frozen_value,Values frozen
2026-08-29T00:56:05.228103,AWS_CCU,drift,Temperature drifted by 0.74
2026-08-29T00:56:05.265647,AWS_NAG,frozen_value,Values frozen
2026-08-29T00:56:05.286548,AWS_BHO,spatial_outlier,Deviating from spatial trend
2026-08-29T00:56:07.316474,AWS_DEL,spike,humidity spiked by -26.54
2026-08-29T00:56:07.327502,AWS_HYD,frozen_value,Values frozen
2026-08-29T00:56:07.343189,AWS_MAA,frozen_value,Values frozen
2026-08-29T00:56:07.355494,AWS_CCU,drift,Temperature drifted by 0.88
2026-08-29T00:56:07.379279,AWS_JAI,spike,temperature spiked by -15.31
2026-08-29T00:56:07.415994,AWS_NAG,frozen_value,Values frozen
2026-08-29T00:56:09.467729,AWS_HYD,frozen_value,Values frozen
2026-08-29T00:56:09.481365,AWS_MAA,frozen_value,Values frozen
2026-08-29T00:56:09.485241,AWS_CCU,drift,Temperature drifted by 1.14
2026-08-29T00:56:09.503148,AWS_STV,spatial_outlier,Deviating from spatial trend
2026-08-29T00:56:09.508604,AWS_JAI,spike,pressure spiked by 76.26
2026-08-29T00:56:09.515949,AWS_LKO,drift,Temperature drifted by 0.15
2026-08-29T00:56:09.531369,AWS_NAG,frozen_value,Values frozen
2026-08-29T00:56:11.556477,AWS_HYD,frozen_value,Values frozen
2026-08-29T00:56:11.568871,AWS_MAA,frozen_value,Values frozen
2026-08-29T00:56:11.580071,AWS_CCU,drift,Temperature drifted by 1.36
2026-08-29T00:56:11.588343,AWS_PNQ,spike,humidity spiked by -20.82
2026-08-29T00:56:11.602789,AWS_JAI,dropout,Reading dropped
2026-08-29T00:56:11.604232,AWS_LKO,drift,Temperature drifted by 0.48
2026-08-29T00:56:11.612637,AWS_NAG,frozen_value,Values frozen
2026-08-29T00:56:13.644156,AWS_MAA,frozen_value,Values frozen
2026-08-29T00:56:13.663888,AWS_STV,cross_parameter_inconsistency,Physically inconsistent state
2026-08-29T00:56:13.667540,AWS_JAI,dropout,Reading dropped
2026-08-29T00:56:13.668712,AWS_LKO,drift,Temperature drifted by 0.59
2026-08-29T00:56:13.678104,AWS_NAG,frozen_value,Values frozen
2026-08-29T00:56:15.687463,AWS_MUM,drift,Temperature drifted by 0.12
2026-08-29T00:56:15.691567,AWS_DEL,frozen_value,Values frozen
2026-08-29T00:56:15.701559,AWS_MAA,frozen_value,Values frozen
2026-08-29T00:56:15.738287,AWS_LKO,drift,Temperature drifted by 0.84
2026-08-29T00:56:15.751034,AWS_NAG,frozen_value,Values frozen
2026-08-29T00:56:17.780926,AWS_MUM,drift,Temperature drifted by 0.38
2026-08-29T00:56:17.787914,AWS_DEL,frozen_value,Values frozen
2026-08-29T00:56:17.791402,AWS_HYD,spike,temperature spiked by 22.46
2026-08-29T00:56:17.793624,AWS_MAA,frozen_value,Values frozen
2026-08-29T00:56:17.806653,AWS_PNQ,cross_parameter_inconsistency,Physically inconsistent state
2026-08-29T00:56:17.834449,AWS_LKO,drift,Temperature drifted by 1.09
2026-08-29T00:56:17.851703,AWS_NAG,frozen_value,Values frozen
2026-08-29T00:56:19.882820,AWS_MUM,drift,Temperature drifted by 0.77
2026-08-29T00:56:19.890701,AWS_DEL,frozen_value,Values frozen
2026-08-29T00:56:19.926687,AWS_MAA,frozen_value,Values frozen
2026-08-29T00:56:19.959547,AWS_AMD,dropout,Reading dropped
2026-08-29T00:56:19.976531,AWS_LKO,drift,Temperature drifted by 1.58
2026-08-29T00:56:19.984619,AWS_NAG,frozen_value,Values frozen
2026-08-29T00:56:21.996132,AWS_MUM,drift,Temperature drifted by 1.17
2026-08-29T00:56:22.005541,AWS_DEL,frozen_value,Values frozen
2026-08-29T00:56:22.018409,AWS_MAA,frozen_value,Values frozen
2026-08-29T00:56:22.038466,AWS_PNQ,dropout,Reading dropped
2026-08-29T00:56:22.042503,AWS_AMD,dropout,Reading dropped
2026-08-29T00:56:22.056331,AWS_LKO,drift,Temperature drifted by 1.68
2026-08-29T00:56:22.063113,AWS_KNP,cross_parameter_inconsistency,Physically inconsistent state
2026-08-29T00:56:22.066418,AWS_NAG,frozen_value,Values frozen
2026-08-29T00:56:22.068817,AWS_IDR,cross_parameter_inconsistency,Physically inconsistent state
2026-08-29T00:56:22.071706,AWS_BHO,drift,Temperature drifted by 0.13
2026-08-29T00:56:24.077880,AWS_MUM,drift,Temperature drifted by 1.51
2026-08-29T00:56:24.085156,AWS_DEL,frozen_value,Values frozen
2026-08-29T00:56:24.103817,AWS_MAA,frozen_value,Values frozen
2026-08-29T00:56:24.119483,AWS_PNQ,dropout,Reading dropped
2026-08-29T00:56:24.140443,AWS_LKO,drift,Temperature drifted by 1.95
2026-08-29T00:56:24.147678,AWS_KNP,frozen_value,Values frozen
2026-08-29T00:56:24.151189,AWS_NAG,frozen_value,Values frozen
2026-08-29T00:56:24.158212,AWS_BHO,drift,Temperature drifted by 0.58
2026-08-29T00:56:26.162068,AWS_MUM,drift,Temperature drifted by 1.73
2026-08-29T00:56:26.171268,AWS_DEL,frozen_value,Values frozen
2026-08-29T00:56:26.183509,AWS_MAA,frozen_value,Values frozen
2026-08-29T00:56:26.192519,AWS_PNQ,dropout,Reading dropped
2026-08-29T00:56:26.201045,AWS_LKO,drift,Temperature drifted by 2.34
2026-08-29T00:56:26.215092,AWS_KNP,frozen_value,Values frozen
2026-08-29T00:56:26.226818,AWS_NAG,frozen_value,Values frozen
2026-08-29T00:56:26.248388,AWS_BHO,drift,Temperature drifted by 0.90
2026-08-29T00:56:28.258579,AWS_MUM,drift,Temperature drifted by 2.05
2026-08-29T00:56:28.263526,AWS_DEL,frozen_value,Values frozen
2026-08-29T00:56:28.271102,AWS_MAA,frozen_value,Values frozen
2026-08-29T00:56:28.276518,AWS_PNQ,spatial_outlier,Deviating from spatial trend
2026-08-29T00:56:28.283059,AWS_LKO,drift,Temperature drifted by 2.65
2026-08-29T00:56:28.286919,AWS_KNP,frozen_value,Values frozen
2026-08-29T00:56:28.290096,AWS_NAG,frozen_value,Values frozen
2026-08-29T00:56:28.299637,AWS_BHO,drift,Temperature drifted by 1.24
2026-08-29T00:56:30.306693,AWS_MUM,drift,Temperature drifted by 2.42
2026-08-29T00:56:30.315977,AWS_DEL,frozen_value,Values frozen
2026-08-29T00:56:30.320967,AWS_BLR,spatial_outlier,Deviating from spatial trend
2026-08-29T00:56:30.324718,AWS_HYD,spatial_outlier,Deviating from spatial trend
2026-08-29T00:56:30.332169,AWS_MAA,spike,temperature spiked by -24.33
2026-08-29T00:56:30.339166,AWS_PNQ,frozen_value,Values frozen
2026-08-29T00:56:30.352292,AWS_LKO,drift,Temperature drifted by 2.97
2026-08-29T00:56:30.360994,AWS_KNP,frozen_value,Values frozen
2026-08-29T00:56:30.372923,AWS_NAG,frozen_value,Values frozen
2026-08-29T00:56:30.384738,AWS_BHO,drift,Temperature drifted by 1.47
2026-08-29T00:56:32.390954,AWS_MUM,drift,Temperature drifted by 2.63
2026-08-29T00:56:32.395491,AWS_DEL,frozen_value,Values frozen
2026-08-29T00:56:32.408056,AWS_MAA,frozen_value,Values frozen
2026-08-29T00:56:32.413890,AWS_PNQ,frozen_value,Values frozen
2026-08-29T00:56:32.419710,AWS_LKO,drift,Temperature drifted by 3.14
2026-08-29T00:56:32.421877,AWS_KNP,frozen_value,Values frozen
2026-08-29T00:56:32.424297,AWS_NAG,frozen_value,Values frozen
2026-08-29T00:56:32.428023,AWS_IDR,cross_parameter_inconsistency,Physically inconsistent state
2026-08-29T00:56:32.430954,AWS_BHO,drift,Temperature drifted by 1.78
2026-08-29T00:56:34.433858,AWS_MUM,drift,Temperature drifted by 3.02
2026-08-29T00:56:34.436844,AWS_DEL,frozen_value,Values frozen
2026-08-29T00:56:34.440431,AWS_MAA,frozen_value,Values frozen
2026-08-29T00:56:34.444847,AWS_PNQ,frozen_value,Values frozen
2026-08-29T00:56:34.453787,AWS_KNP,frozen_value,Values frozen
2026-08-29T00:56:34.458507,AWS_BHO,drift,Temperature drifted by 1.97
2026-08-29T00:56:36.462389,AWS_DEL,frozen_value,Values frozen
2026-08-29T00:56:36.465434,AWS_MAA,frozen_value,Values frozen
2026-08-29T00:56:36.467690,AWS_PNQ,frozen_value,Values frozen
2026-08-29T00:56:36.472978,AWS_LKO,frozen_value,Values frozen
2026-08-29T00:56:36.474581,AWS_KNP,frozen_value,Values frozen
2026-08-29T00:56:36.476559,AWS_NAG,spatial_outlier,Deviating from spatial trend
2026-08-29T00:56:36.478581,AWS_BHO,drift,Temperature drifted by 2.25
2026-08-29T00:56:38.480988,AWS_DEL,frozen_value,Values frozen
2026-08-29T00:56:38.483800,AWS_BLR,cross_parameter_inconsistency,Physically inconsistent state
2026-08-29T00:56:38.492563,AWS_MAA,frozen_value,Values frozen
2026-08-29T00:56:38.497349,AWS_PNQ,frozen_value,Values frozen
2026-08-29T00:56:38.507797,AWS_JAI,spike,pressure spiked by 53.54
2026-08-29T00:56:38.511319,AWS_LKO,frozen_value,Values frozen
2026-08-29T00:56:38.518760,AWS_KNP,frozen_value,Values frozen
2026-08-29T00:56:38.539062,AWS_BHO,drift,Temperature drifted by 2.67
2026-08-29T00:56:40.543739,AWS_DEL,frozen_value,Values frozen
2026-08-29T00:56:40.548192,AWS_MAA,frozen_value,Values frozen
2026-08-29T00:56:40.550867,AWS_PNQ,frozen_value,Values frozen
2026-08-29T00:56:40.556377,AWS_JAI,dropout,Reading dropped
2026-08-29T00:56:40.558262,AWS_LKO,frozen_value,Values frozen
2026-08-29T00:56:40.560075,AWS_KNP,frozen_value,Values frozen
2026-08-29T00:56:40.564583,AWS_BHO,drift,Temperature drifted by 2.88
2026-08-29T00:56:42.590287,AWS_MAA,frozen_value,Values frozen
2026-08-29T00:56:42.611057,AWS_PNQ,frozen_value,Values frozen
2026-08-29T00:56:42.635868,AWS_JAI,dropout,Reading dropped
2026-08-29T00:56:42.637318,AWS_LKO,frozen_value,Values frozen
2026-08-29T00:56:42.646382,AWS_KNP,frozen_value,Values frozen
2026-08-29T00:56:44.670169,AWS_MAA,frozen_value,Values frozen
2026-08-29T00:56:44.685995,AWS_PNQ,frozen_value,Values frozen
2026-08-29T00:56:44.691859,AWS_AMD,drift,Temperature drifted by 0.21
2026-08-29T00:56:44.700990,AWS_STV,spike,pressure spiked by -124.02
2026-08-29T00:56:44.707306,AWS_LKO,frozen_value,Values frozen
2026-08-29T00:56:44.711042,AWS_KNP,frozen_value,Values frozen
2026-08-29T00:56:46.725342,AWS_MUM,frozen_value,Values frozen
2026-08-29T00:56:46.728646,AWS_DEL,spatial_outlier,Deviating from spatial trend
2026-08-29T00:56:46.730688,AWS_BLR,spatial_outlier,Deviating from spatial trend
2026-08-29T00:56:46.734995,AWS_MAA,frozen_value,Values frozen
2026-08-29T00:56:46.738984,AWS_PNQ,frozen_value,Values frozen
2026-08-29T00:56:46.741434,AWS_AMD,drift,Temperature drifted by 0.51
2026-08-29T00:56:46.748598,AWS_LKO,frozen_value,Values frozen
2026-08-29T00:56:46.752669,AWS_KNP,frozen_value,Values frozen
2026-08-29T00:56:48.765736,AWS_MUM,frozen_value,Values frozen
2026-08-29T00:56:48.783440,AWS_BLR,cross_parameter_inconsistency,Physically inconsistent state
2026-08-29T00:56:48.796543,AWS_MAA,frozen_value,Values frozen
2026-08-29T00:56:48.806708,AWS_PNQ,frozen_value,Values frozen
2026-08-29T00:56:48.816938,AWS_AMD,drift,Temperature drifted by 0.91
2026-08-29T00:56:48.834285,AWS_STV,drift,Temperature drifted by 0.35
2026-08-29T00:56:48.852709,AWS_LKO,frozen_value,Values frozen
2026-08-29T00:56:48.873266,AWS_KNP,frozen_value,Values frozen
2026-08-29T00:56:48.886868,AWS_IDR,spatial_outlier,Deviating from spatial trend
2026-08-29T00:56:50.899880,AWS_MUM,frozen_value,Values frozen
2026-08-29T00:56:50.905889,AWS_HYD,cross_parameter_inconsistency,Physically inconsistent state
2026-08-29T00:56:50.912458,AWS_MAA,frozen_value,Values frozen
2026-08-29T00:56:50.922368,AWS_PNQ,frozen_value,Values frozen
2026-08-29T00:56:50.933778,AWS_AMD,drift,Temperature drifted by 1.38
2026-08-29T00:56:50.949440,AWS_STV,drift,Temperature drifted by 0.55
2026-08-29T00:56:50.982501,AWS_LKO,frozen_value,Values frozen
2026-08-29T00:56:51.003268,AWS_IDR,frozen_value,Values frozen
2026-08-29T00:56:53.008449,AWS_MUM,frozen_value,Values frozen
2026-08-29T00:56:53.017858,AWS_BLR,spatial_outlier,Deviating from spatial trend
2026-08-29T00:56:53.025975,AWS_CCU,spatial_outlier,Deviating from spatial trend
2026-08-29T00:56:53.028186,AWS_PNQ,frozen_value,Values frozen
2026-08-29T00:56:53.035420,AWS_AMD,drift,Temperature drifted by 1.51
2026-08-29T00:56:53.040053,AWS_STV,drift,Temperature drifted by 0.98
2026-08-29T00:56:53.048867,AWS_LKO,frozen_value,Values frozen
2026-08-29T00:56:53.057061,AWS_NAG,drift,Temperature drifted by 0.32
2026-08-29T00:56:53.059742,AWS_IDR,frozen_value,Values frozen
2026-08-29T00:56:55.065555,AWS_MUM,frozen_value,Values frozen
2026-08-29T00:56:55.075202,AWS_PNQ,frozen_value,Values frozen
2026-08-29T00:56:55.077648,AWS_AMD,drift,Temperature drifted by 1.89
2026-08-29T00:56:55.089139,AWS_STV,drift,Temperature drifted by 1.14
2026-08-29T00:56:55.096194,AWS_LKO,frozen_value,Values frozen
2026-08-29T00:56:55.110702,AWS_NAG,drift,Temperature drifted by 0.63
2026-08-29T00:56:55.116946,AWS_IDR,frozen_value,Values frozen
2026-08-29T00:56:57.133220,AWS_DEL,spike,pressure spiked by -105.93
2026-08-29T00:56:57.147661,AWS_MAA,drift,Temperature drifted by 0.46
2026-08-29T00:56:57.152621,AWS_PNQ,frozen_value,Values frozen
2026-08-29T00:56:57.157703,AWS_AMD,drift,Temperature drifted by 2.18
2026-08-29T00:56:57.168498,AWS_STV,drift,Temperature drifted by 1.51
2026-08-29T00:56:57.192181,AWS_LKO,frozen_value,Values frozen
2026-08-29T00:56:57.210436,AWS_NAG,drift,Temperature drifted by 0.82
2026-08-29T00:56:57.221421,AWS_IDR,frozen_value,Values frozen
2026-08-29T00:56:59.231761,AWS_MAA,drift,Temperature drifted by 0.74
2026-08-29T00:56:59.233400,AWS_PNQ,frozen_value,Values frozen
2026-08-29T00:56:59.234546,AWS_AMD,drift,Temperature drifted by 2.34
2026-08-29T00:56:59.235393,AWS_STV,drift,Temperature drifted by 1.87
2026-08-29T00:56:59.242437,AWS_LKO,frozen_value,Values frozen
2026-08-29T00:56:59.244373,AWS_KNP,cross_parameter_inconsistency,Physically inconsistent state
2026-08-29T00:56:59.247240,AWS_NAG,drift,Temperature drifted by 1.09
2026-08-29T00:56:59.250974,AWS_IDR,frozen_value,Values frozen
2026-08-29T00:57:01.255913,AWS_DEL,cross_parameter_inconsistency,Physically inconsistent state
2026-08-29T00:57:01.260820,AWS_MAA,drift,Temperature drifted by 0.92
2026-08-29T00:57:01.270355,AWS_AMD,drift,Temperature drifted by 2.67
2026-08-29T00:57:01.277338,AWS_STV,drift,Temperature drifted by 2.06
2026-08-29T00:57:01.289004,AWS_KNP,spike,pressure spiked by -115.27
2026-08-29T00:57:01.292308,AWS_NAG,drift,Temperature drifted by 1.22
2026-08-29T00:57:01.298059,AWS_IDR,frozen_value,Values frozen
2026-08-29T00:57:01.300942,AWS_BHO,dropout,Reading dropped
2026-08-29T00:57:03.307347,AWS_DEL,dropout,Reading dropped
2026-08-29T00:57:03.309691,AWS_HYD,cross_parameter_inconsistency,Physically inconsistent state
2026-08-29T00:57:03.314955,AWS_MAA,drift,Temperature drifted by 1.27
2026-08-29T00:57:03.318924,AWS_AMD,drift,Temperature drifted by 3.05
2026-08-29T00:57:03.323488,AWS_STV,drift,Temperature drifted by 2.47
2026-08-29T00:57:03.328236,AWS_KNP,frozen_value,Values frozen
2026-08-29T00:57:03.332112,AWS_NAG,drift,Temperature drifted by 1.64
2026-08-29T00:57:03.333354,AWS_IDR,frozen_value,Values frozen
2026-08-29T00:57:03.334249,AWS_BHO,dropout,Reading dropped
2026-08-29T00:57:05.340272,AWS_HYD,drift,Temperature drifted by 0.34
2026-08-29T00:57:05.343344,AWS_MAA,drift,Temperature drifted by 1.49
2026-08-29T00:57:05.348393,AWS_AMD,drift,Temperature drifted by 3.15
2026-08-29T00:57:05.354124,AWS_STV,drift,Temperature drifted by 2.57
2026-08-29T00:57:05.358613,AWS_KNP,frozen_value,Values frozen
2026-08-29T00:57:05.363842,AWS_NAG,drift,Temperature drifted by 1.77
2026-08-29T00:57:07.374539,AWS_BLR,cross_parameter_inconsistency,Physically inconsistent state
2026-08-29T00:57:07.376939,AWS_HYD,drift,Temperature drifted by 0.54
2026-08-29T00:57:07.379119,AWS_MAA,drift,Temperature drifted by 1.61
2026-08-29T00:57:07.383297,AWS_PNQ,spike,humidity spiked by 28.83
2026-08-29T00:57:07.385264,AWS_AMD,dropout,Reading dropped
2026-08-29T00:57:07.386211,AWS_STV,drift,Temperature drifted by 2.68
2026-08-29T00:57:07.389957,AWS_KNP,frozen_value,Values frozen
2026-08-29T00:57:07.392348,AWS_NAG,drift,Temperature drifted by 2.23
2026-08-29T00:57:09.399616,AWS_BLR,dropout,Reading dropped
2026-08-29T00:57:09.401032,AWS_HYD,drift,Temperature drifted by 1.03
2026-08-29T00:57:09.405650,AWS_MAA,drift,Temperature drifted by 1.94
2026-08-29T00:57:09.411289,AWS_AMD,dropout,Reading dropped
2026-08-29T00:57:09.413003,AWS_STV,drift,Temperature drifted by 2.93
2026-08-29T00:57:09.418435,AWS_KNP,frozen_value,Values frozen
2026-08-29T00:57:09.420143,AWS_NAG,drift,Temperature drifted by 2.58
2026-08-29T00:57:11.428119,AWS_HYD,drift,Temperature drifted by 1.25
2026-08-29T00:57:11.431130,AWS_MAA,drift,Temperature drifted by 2.22
2026-08-29T00:57:11.437575,AWS_AMD,cross_parameter_inconsistency,Physically inconsistent state
2026-08-29T00:57:11.442644,AWS_STV,drift,Temperature drifted by 3.34
2026-08-29T00:57:11.447997,AWS_KNP,frozen_value,Values frozen
2026-08-29T00:57:11.450685,AWS_NAG,drift,Temperature drifted by 2.99
2026-08-29T00:57:13.455984,AWS_DEL,frozen_value,Values frozen
2026-08-29T00:57:13.458005,AWS_HYD,drift,Temperature drifted by 1.57
2026-08-29T00:57:13.459298,AWS_MAA,drift,Temperature drifted by 2.59
2026-08-29T00:57:13.461989,AWS_STV,drift,Temperature drifted by 3.76
2026-08-29T00:57:13.463142,AWS_JAI,spike,humidity spiked by -29.93
2026-08-29T00:57:13.464691,AWS_KNP,frozen_value,Values frozen
2026-08-29T00:57:13.465813,AWS_NAG,drift,Temperature drifted by 3.22
2026-08-29T00:57:13.466953,AWS_IDR,frozen_value,Values frozen
2026-08-29T00:57:15.469251,AWS_MUM,spike,humidity spiked by 20.30
2026-08-29T00:57:15.476941,AWS_DEL,frozen_value,Values frozen
2026-08-29T00:57:15.485419,AWS_HYD,drift,Temperature drifted by 1.88
2026-08-29T00:57:15.490850,AWS_MAA,drift,Temperature drifted by 2.89
2026-08-29T00:57:15.500226,AWS_PNQ,frozen_value,Values frozen
2026-08-29T00:57:15.509643,AWS_AMD,spatial_outlier,Deviating from spatial trend
2026-08-29T00:57:15.517003,AWS_STV,drift,Temperature drifted by 4.10
2026-08-29T00:57:15.522194,AWS_JAI,spike,pressure spiked by 148.64
2026-08-29T00:57:15.537466,AWS_KNP,frozen_value,Values frozen
2026-08-29T00:57:15.549051,AWS_NAG,drift,Temperature drifted by 3.66
2026-08-29T00:57:15.567851,AWS_IDR,frozen_value,Values frozen
2026-08-29T00:57:17.589089,AWS_DEL,frozen_value,Values frozen
2026-08-29T00:57:17.603376,AWS_HYD,drift,Temperature drifted by 2.31
2026-08-29T00:57:17.609199,AWS_MAA,drift,Temperature drifted by 3.23
2026-08-29T00:57:17.623676,AWS_PNQ,frozen_value,Values frozen
2026-08-29T00:57:17.634438,AWS_STV,dropout,Reading dropped
2026-08-29T00:57:17.647869,AWS_KNP,frozen_value,Values frozen
2026-08-29T00:57:17.657393,AWS_NAG,drift,Temperature drifted by 3.82
2026-08-29T00:57:17.666344,AWS_IDR,frozen_value,Values frozen
2026-08-29T00:57:17.673040,AWS_BHO,frozen_value,Values frozen
2026-08-29T00:57:19.690304,AWS_MUM,drift,Temperature drifted by 0.18
2026-08-29T00:57:19.694952,AWS_DEL,frozen_value,Values frozen
2026-08-29T00:57:19.706264,AWS_HYD,drift,Temperature drifted by 2.47
2026-08-29T00:57:19.710782,AWS_MAA,drift,Temperature drifted by 3.47
2026-08-29T00:57:19.731813,AWS_PNQ,frozen_value,Values frozen
2026-08-29T00:57:19.754220,AWS_KNP,frozen_value,Values frozen
2026-08-29T00:57:19.764926,AWS_NAG,drift,Temperature drifted by 4.08
2026-08-29T00:57:19.771787,AWS_IDR,frozen_value,Values frozen
2026-08-29T00:57:19.781927,AWS_BHO,frozen_value,Values frozen
2026-08-29T00:57:21.788232,AWS_MUM,drift,Temperature drifted by 0.67
2026-08-29T00:57:21.794029,AWS_DEL,frozen_value,Values frozen
2026-08-29T00:57:21.798207,AWS_HYD,cross_parameter_inconsistency,Physically inconsistent state
2026-08-29T00:57:21.800738,AWS_MAA,drift,Temperature drifted by 3.97
2026-08-29T00:57:21.804996,AWS_CCU,dropout,Reading dropped
2026-08-29T00:57:21.806493,AWS_PNQ,frozen_value,Values frozen
2026-08-29T00:57:21.812348,AWS_LKO,spike,pressure spiked by 130.45
2026-08-29T00:57:21.814805,AWS_KNP,frozen_value,Values frozen
2026-08-29T00:57:21.820251,AWS_IDR,frozen_value,Values frozen
2026-08-29T00:57:21.822890,AWS_BHO,frozen_value,Values frozen
2026-08-29T00:57:23.825907,AWS_MUM,drift,Temperature drifted by 0.94
2026-08-29T00:57:23.828475,AWS_DEL,frozen_value,Values frozen
2026-08-29T00:57:23.830662,AWS_BLR,spike,pressure spiked by 97.61
2026-08-29T00:57:23.837185,AWS_MAA,drift,Temperature drifted by 4.24
2026-08-29T00:57:23.839797,AWS_CCU,dropout,Reading dropped
2026-08-29T00:57:23.840893,AWS_PNQ,frozen_value,Values frozen
2026-08-29T00:57:23.847635,AWS_KNP,frozen_value,Values frozen
2026-08-29T00:57:23.850846,AWS_IDR,frozen_value,Values frozen
2026-08-29T00:57:23.853382,AWS_BHO,frozen_value,Values frozen
2026-08-29T00:57:25.856777,AWS_MUM,drift,Temperature drifted by 1.24
2026-08-29T00:57:25.861434,AWS_DEL,frozen_value,Values frozen
2026-08-29T00:57:25.864511,AWS_BLR,dropout,Reading dropped
2026-08-29T00:57:25.874180,AWS_MAA,spatial_outlier,Deviating from spatial trend
2026-08-29T00:57:25.877022,AWS_CCU,spatial_outlier,Deviating from spatial trend
2026-08-29T00:57:25.879853,AWS_PNQ,frozen_value,Values frozen
2026-08-29T00:57:25.884424,AWS_JAI,spatial_outlier,Deviating from spatial trend
2026-08-29T00:57:25.886976,AWS_LKO,frozen_value,Values frozen
2026-08-29T00:57:25.890428,AWS_KNP,frozen_value,Values frozen
2026-08-29T00:57:25.893931,AWS_IDR,frozen_value,Values frozen
2026-08-29T00:57:25.897070,AWS_BHO,frozen_value,Values frozen
2026-08-29T00:57:27.902569,AWS_MUM,drift,Temperature drifted by 1.57
2026-08-29T00:57:27.909417,AWS_DEL,frozen_value,Values frozen
2026-08-29T00:57:27.923450,AWS_BLR,dropout,Reading dropped
2026-08-29T00:57:27.936954,AWS_PNQ,frozen_value,Values frozen
2026-08-29T00:57:27.943761,AWS_LKO,frozen_value,Values frozen
2026-08-29T00:57:27.946755,AWS_KNP,frozen_value,Values frozen
2026-08-29T00:57:27.951110,AWS_BHO,frozen_value,Values frozen
2026-08-29T00:57:29.953500,AWS_MUM,drift,Temperature drifted by 1.96
2026-08-29T00:57:29.956848,AWS_DEL,frozen_value,Values frozen
2026-08-29T00:57:29.959315,AWS_BLR,dropout,Reading dropped
2026-08-29T00:57:29.967822,AWS_PNQ,frozen_value,Values frozen
2026-08-29T00:57:29.976195,AWS_LKO,frozen_value,Values frozen
2026-08-29T00:57:29.981142,AWS_KNP,frozen_value,Values frozen
2026-08-29T00:57:29.985807,AWS_BHO,frozen_value,Values frozen
2026-08-29T00:57:31.991406,AWS_DEL,frozen_value,Values frozen
2026-08-29T00:57:32.001389,AWS_MAA,drift,Temperature drifted by 0.22
2026-08-29T00:57:32.008598,AWS_PNQ,frozen_value,Values frozen
2026-08-29T00:57:32.017335,AWS_LKO,frozen_value,Values frozen
2026-08-29T00:57:32.020130,AWS_KNP,spatial_outlier,Deviating from spatial trend
2026-08-29T00:57:32.025507,AWS_BHO,frozen_value,Values frozen
2026-08-29T00:57:34.033080,AWS_BLR,drift,Temperature drifted by 0.22
2026-08-29T00:57:34.044944,AWS_MAA,drift,Temperature drifted by 0.63
2026-08-29T00:57:34.048278,AWS_PNQ,frozen_value,Values frozen
2026-08-29T00:57:34.054238,AWS_JAI,spatial_outlier,Deviating from spatial trend
2026-08-29T00:57:34.056030,AWS_LKO,frozen_value,Values frozen
2026-08-29T00:57:34.061147,AWS_BHO,frozen_value,Values frozen
2026-08-29T00:57:36.070132,AWS_BLR,drift,Temperature drifted by 0.40
2026-08-29T00:57:36.075782,AWS_MAA,drift,Temperature drifted by 1.06
2026-08-29T00:57:36.080954,AWS_PNQ,frozen_value,Values frozen
2026-08-29T00:57:36.085854,AWS_AMD,cross_parameter_inconsistency,Physically inconsistent state
2026-08-29T00:57:36.096973,AWS_LKO,frozen_value,Values frozen
2026-08-29T00:57:36.102825,AWS_KNP,drift,Temperature drifted by 0.48
2026-08-29T00:57:36.115320,AWS_BHO,frozen_value,Values frozen
2026-08-29T00:57:38.130281,AWS_BLR,drift,Temperature drifted by 0.52
2026-08-29T00:57:38.139051,AWS_HYD,dropout,Reading dropped
2026-08-29T00:57:38.145828,AWS_MAA,drift,Temperature drifted by 1.18
2026-08-29T00:57:38.155374,AWS_PNQ,frozen_value,Values frozen
2026-08-29T00:57:38.170053,AWS_LKO,frozen_value,Values frozen
2026-08-29T00:57:38.181296,AWS_KNP,drift,Temperature drifted by 0.79
2026-08-29T00:57:38.186829,AWS_NAG,dropout,Reading dropped
2026-08-29T00:57:40.197175,AWS_MUM,spatial_outlier,Deviating from spatial trend
2026-08-29T00:57:40.204224,AWS_BLR,drift,Temperature drifted by 0.79
2026-08-29T00:57:40.206176,AWS_HYD,dropout,Reading dropped
2026-08-29T00:57:40.207711,AWS_MAA,drift,Temperature drifted by 1.62
2026-08-29T00:57:40.211931,AWS_CCU,frozen_value,Values frozen
2026-08-29T00:57:40.215173,AWS_PNQ,frozen_value,Values frozen
2026-08-29T00:57:40.217992,AWS_AMD,frozen_value,Values frozen
2026-08-29T00:57:40.223151,AWS_LKO,frozen_value,Values frozen
2026-08-29T00:57:40.224998,AWS_KNP,drift,Temperature drifted by 1.04
2026-08-29T00:57:40.226951,AWS_NAG,dropout,Reading dropped
2026-08-29T00:57:40.228975,AWS_BHO,drift,Temperature drifted by 0.33
2026-08-29T00:57:42.238447,AWS_BLR,drift,Temperature drifted by 0.97
2026-08-29T00:57:42.241212,AWS_HYD,dropout,Reading dropped
2026-08-29T00:57:42.242272,AWS_MAA,drift,Temperature drifted by 1.84
2026-08-29T00:57:42.246166,AWS_CCU,frozen_value,Values frozen
2026-08-29T00:57:42.248147,AWS_PNQ,frozen_value,Values frozen
2026-08-29T00:57:42.250512,AWS_AMD,frozen_value,Values frozen
2026-08-29T00:57:42.254002,AWS_STV,drift,Temperature drifted by 0.28
2026-08-29T00:57:42.256634,AWS_JAI,dropout,Reading dropped
2026-08-29T00:57:42.257902,AWS_LKO,frozen_value,Values frozen
2026-08-29T00:57:42.261585,AWS_KNP,drift,Temperature drifted by 1.32
2026-08-29T00:57:42.266390,AWS_BHO,drift,Temperature drifted by 0.73
2026-08-29T00:57:44.305711,AWS_BLR,drift,Temperature drifted by 1.07
2026-08-29T00:57:44.321949,AWS_MAA,drift,Temperature drifted by 2.06
2026-08-29T00:57:44.330768,AWS_CCU,frozen_value,Values frozen
2026-08-29T00:57:44.336849,AWS_PNQ,frozen_value,Values frozen
2026-08-29T00:57:44.340405,AWS_AMD,frozen_value,Values frozen
2026-08-29T00:57:44.343748,AWS_STV,drift,Temperature drifted by 0.72
2026-08-29T00:57:44.346593,AWS_JAI,dropout,Reading dropped
2026-08-29T00:57:44.349939,AWS_LKO,frozen_value,Values frozen
2026-08-29T00:57:44.352839,AWS_KNP,drift,Temperature drifted by 1.78
2026-08-29T00:57:44.361784,AWS_BHO,drift,Temperature drifted by 1.05
2026-08-29T00:57:46.386054,AWS_BLR,drift,Temperature drifted by 1.36
2026-08-29T00:57:46.398052,AWS_MAA,drift,Temperature drifted by 2.18
2026-08-29T00:57:46.400627,AWS_CCU,frozen_value,Values frozen
2026-08-29T00:57:46.410505,AWS_AMD,frozen_value,Values frozen
2026-08-29T00:57:46.418443,AWS_STV,drift,Temperature drifted by 1.14
2026-08-29T00:57:46.421283,AWS_JAI,cross_parameter_inconsistency,Physically inconsistent state
2026-08-29T00:57:46.425782,AWS_KNP,drift,Temperature drifted by 2.23
2026-08-29T00:57:46.433103,AWS_NAG,cross_parameter_inconsistency,Physically inconsistent state
2026-08-29T00:57:46.435567,AWS_IDR,drift,Temperature drifted by 0.43
2026-08-29T00:57:46.439224,AWS_BHO,drift,Temperature drifted by 1.49
2026-08-29T00:57:48.449519,AWS_BLR,drift,Temperature drifted by 1.66
2026-08-29T00:57:48.454188,AWS_CCU,frozen_value,Values frozen
2026-08-29T00:57:48.457150,AWS_AMD,frozen_value,Values frozen
2026-08-29T00:57:48.458806,AWS_STV,drift,Temperature drifted by 1.37
2026-08-29T00:57:48.463593,AWS_KNP,drift,Temperature drifted by 2.55
2026-08-29T00:57:48.466036,AWS_IDR,drift,Temperature drifted by 0.88
2026-08-29T00:57:48.467621,AWS_BHO,drift,Temperature drifted by 1.62
2026-08-29T00:57:50.487496,AWS_BLR,drift,Temperature drifted by 2.15
2026-08-29T00:57:50.493054,AWS_CCU,frozen_value,Values frozen
2026-08-29T00:57:50.499199,AWS_AMD,frozen_value,Values frozen
2026-08-29T00:57:50.501557,AWS_STV,drift,Temperature drifted by 1.49
2026-08-29T00:57:50.507748,AWS_KNP,drift,Temperature drifted by 2.95
2026-08-29T00:57:50.513149,AWS_IDR,drift,Temperature drifted by 1.35
2026-08-29T00:57:52.551303,AWS_BLR,drift,Temperature drifted by 2.55
2026-08-29T00:57:52.560051,AWS_MAA,cross_parameter_inconsistency,Physically inconsistent state
2026-08-29T00:57:52.563690,AWS_CCU,frozen_value,Values frozen
2026-08-29T00:57:52.568691,AWS_AMD,frozen_value,Values frozen
2026-08-29T00:57:52.570809,AWS_STV,drift,Temperature drifted by 1.69
2026-08-29T00:57:52.576053,AWS_KNP,drift,Temperature drifted by 3.17
2026-08-29T00:57:52.581383,AWS_IDR,drift,Temperature drifted by 1.67
2026-08-29T00:57:54.599270,AWS_CCU,frozen_value,Values frozen
2026-08-29T00:57:54.602619,AWS_AMD,frozen_value,Values frozen
2026-08-29T00:57:54.609879,AWS_KNP,drift,Temperature drifted by 3.56
2026-08-29T00:57:54.615795,AWS_IDR,drift,Temperature drifted by 2.12
2026-08-29T00:57:56.637063,AWS_BLR,cross_parameter_inconsistency,Physically inconsistent state
2026-08-29T00:57:56.644727,AWS_CCU,frozen_value,Values frozen
2026-08-29T00:57:56.648964,AWS_AMD,frozen_value,Values frozen
2026-08-29T00:57:56.663147,AWS_IDR,drift,Temperature drifted by 2.49
2026-08-29T00:57:58.667300,AWS_MUM,dropout,Reading dropped
2026-08-29T00:57:58.674370,AWS_HYD,frozen_value,Values frozen
2026-08-29T00:57:58.684900,AWS_CCU,frozen_value,Values frozen
2026-08-29T00:57:58.688247,AWS_AMD,frozen_value,Values frozen
2026-08-29T00:57:58.697340,AWS_IDR,drift,Temperature drifted by 2.86
2026-08-29T00:58:00.706364,AWS_HYD,frozen_value,Values frozen
2026-08-29T00:58:00.708367,AWS_MAA,dropout,Reading dropped
2026-08-29T00:58:00.709295,AWS_CCU,frozen_value,Values frozen
2026-08-29T00:58:00.710993,AWS_AMD,frozen_value,Values frozen
2026-08-29T00:58:00.721935,AWS_IDR,drift,Temperature drifted by 3.27
2026-08-29T00:58:02.747103,AWS_DEL,spike,humidity spiked by 13.81
2026-08-29T00:58:02.754095,AWS_HYD,frozen_value,Values frozen
2026-08-29T00:58:02.767949,AWS_CCU,frozen_value,Values frozen
2026-08-29T00:58:02.784894,AWS_AMD,frozen_value,Values frozen
2026-08-29T00:58:02.801234,AWS_LKO,spike,pressure spiked by -51.79
2026-08-29T00:58:02.814055,AWS_NAG,frozen_value,Values frozen
2026-08-29T00:58:02.825481,AWS_IDR,drift,Temperature drifted by 3.57
2026-08-29T00:58:04.853152,AWS_HYD,frozen_value,Values frozen
2026-08-29T00:58:04.867246,AWS_CCU,frozen_value,Values frozen
2026-08-29T00:58:04.873660,AWS_PNQ,cross_parameter_inconsistency,Physically inconsistent state
2026-08-29T00:58:04.892509,AWS_AMD,frozen_value,Values frozen
2026-08-29T00:58:04.908117,AWS_NAG,frozen_value,Values frozen
2026-08-29T00:58:04.912117,AWS_IDR,drift,Temperature drifted by 3.68
2026-08-29T00:58:06.916326,AWS_MUM,drift,Temperature drifted by 0.35
2026-08-29T00:58:06.923260,AWS_DEL,drift,Temperature drifted by 0.45
2026-08-29T00:58:06.934246,AWS_HYD,frozen_value,Values frozen
2026-08-29T00:58:06.936337,AWS_MAA,spatial_outlier,Deviating from spatial trend
2026-08-29T00:58:06.939876,AWS_CCU,frozen_value,Values frozen
2026-08-29T00:58:06.949594,AWS_JAI,cross_parameter_inconsistency,Physically inconsistent state
2026-08-29T00:58:06.953819,AWS_NAG,frozen_value,Values frozen
2026-08-29T00:58:06.957215,AWS_IDR,drift,Temperature drifted by 3.96
2026-08-29T00:58:06.965202,AWS_BHO,drift,Temperature drifted by 0.26
2026-08-29T00:58:08.970862,AWS_MUM,drift,Temperature drifted by 0.50
2026-08-29T00:58:08.976791,AWS_DEL,drift,Temperature drifted by 0.67
2026-08-29T00:58:08.988970,AWS_HYD,frozen_value,Values frozen
2026-08-29T00:58:08.991183,AWS_MAA,cross_parameter_inconsistency,Physically inconsistent state
2026-08-29T00:58:08.996067,AWS_CCU,frozen_value,Values frozen
2026-08-29T00:58:09.003368,AWS_NAG,frozen_value,Values frozen
2026-08-29T00:58:09.006316,AWS_IDR,drift,Temperature drifted by 4.22
2026-08-29T00:58:09.008647,AWS_BHO,drift,Temperature drifted by 0.68
2026-08-29T00:58:11.011778,AWS_MUM,drift,Temperature drifted by 0.62
2026-08-29T00:58:11.015505,AWS_DEL,drift,Temperature drifted by 1.14
2026-08-29T00:58:11.018533,AWS_HYD,frozen_value,Values frozen
2026-08-29T00:58:11.021880,AWS_MAA,cross_parameter_inconsistency,Physically inconsistent state
2026-08-29T00:58:11.035463,AWS_NAG,frozen_value,Values frozen
2026-08-29T00:58:11.039763,AWS_IDR,drift,Temperature drifted by 4.52
2026-08-29T00:58:11.043397,AWS_BHO,drift,Temperature drifted by 0.84
2026-08-29T00:58:13.046718,AWS_MUM,drift,Temperature drifted by 1.04
2026-08-29T00:58:13.050535,AWS_DEL,drift,Temperature drifted by 1.27
2026-08-29T00:58:13.053491,AWS_BLR,cross_parameter_inconsistency,Physically inconsistent state
2026-08-29T00:58:13.058396,AWS_HYD,frozen_value,Values frozen
2026-08-29T00:58:13.061528,AWS_CCU,drift,Temperature drifted by 0.28
2026-08-29T00:58:13.072487,AWS_NAG,frozen_value,Values frozen
2026-08-29T00:58:13.074532,AWS_IDR,drift,Temperature drifted by 4.99
2026-08-29T00:58:13.078000,AWS_BHO,drift,Temperature drifted by 1.14
2026-08-29T00:58:15.081680,AWS_MUM,drift,Temperature drifted by 1.40
2026-08-29T00:58:15.090517,AWS_DEL,drift,Temperature drifted by 1.77
2026-08-29T00:58:15.100971,AWS_HYD,frozen_value,Values frozen
2026-08-29T00:58:15.107688,AWS_MAA,cross_parameter_inconsistency,Physically inconsistent state
2026-08-29T00:58:15.114370,AWS_CCU,drift,Temperature drifted by 0.64
2026-08-29T00:58:15.134071,AWS_LKO,spatial_outlier,Deviating from spatial trend
2026-08-29T00:58:15.143437,AWS_NAG,frozen_value,Values frozen
2026-08-29T00:58:15.153898,AWS_BHO,drift,Temperature drifted by 1.29
2026-08-29T00:58:17.158760,AWS_MUM,drift,Temperature drifted by 1.59
2026-08-29T00:58:17.162891,AWS_DEL,drift,Temperature drifted by 2.13
2026-08-29T00:58:17.169289,AWS_BLR,drift,Temperature drifted by 0.23
2026-08-29T00:58:17.173114,AWS_HYD,frozen_value,Values frozen
2026-08-29T00:58:17.176034,AWS_MAA,frozen_value,Values frozen
2026-08-29T00:58:17.181190,AWS_CCU,drift,Temperature drifted by 0.82
2026-08-29T00:58:17.186375,AWS_STV,spike,humidity spiked by -29.60
2026-08-29T00:58:17.190656,AWS_LKO,drift,Temperature drifted by 0.37
2026-08-29T00:58:17.192918,AWS_KNP,spike,temperature spiked by 29.16
2026-08-29T00:58:17.196194,AWS_NAG,frozen_value,Values frozen
2026-08-29T00:58:17.201577,AWS_BHO,drift,Temperature drifted by 1.69
2026-08-29T00:58:19.211567,AWS_MUM,cross_parameter_inconsistency,Physically inconsistent state
2026-08-29T00:58:19.216083,AWS_DEL,drift,Temperature drifted by 2.40
2026-08-29T00:58:19.222442,AWS_BLR,drift,Temperature drifted by 0.42
2026-08-29T00:58:19.227095,AWS_MAA,frozen_value,Values frozen
2026-08-29T00:58:19.229653,AWS_CCU,drift,Temperature drifted by 1.10
2026-08-29T00:58:19.236547,AWS_LKO,drift,Temperature drifted by 0.48
2026-08-29T00:58:19.242577,AWS_BHO,drift,Temperature drifted by 1.83
2026-08-29T00:58:21.246988,AWS_DEL,drift,Temperature drifted by 2.51
2026-08-29T00:58:21.249399,AWS_BLR,drift,Temperature drifted by 0.62
2026-08-29T00:58:21.251909,AWS_MAA,frozen_value,Values frozen
2026-08-29T00:58:21.254763,AWS_CCU,drift,Temperature drifted by 1.54
2026-08-29T00:58:21.256701,AWS_PNQ,spatial_outlier,Deviating from spatial trend
2026-08-29T00:58:21.259895,AWS_STV,cross_parameter_inconsistency,Physically inconsistent state
2026-08-29T00:58:21.263672,AWS_LKO,drift,Temperature drifted by 0.66
2026-08-29T00:58:21.268244,AWS_BHO,drift,Temperature drifted by 1.97
2026-08-29T00:58:23.272519,AWS_DEL,drift,Temperature drifted by 2.85
2026-08-29T00:58:23.275113,AWS_BLR,drift,Temperature drifted by 0.95
2026-08-29T00:58:23.279557,AWS_MAA,frozen_value,Values frozen
2026-08-29T00:58:23.291163,AWS_CCU,drift,Temperature drifted by 1.70
2026-08-29T00:58:23.308886,AWS_LKO,drift,Temperature drifted by 0.91
2026-08-29T00:58:25.334311,AWS_DEL,spatial_outlier,Deviating from spatial trend
2026-08-29T00:58:25.351756,AWS_BLR,drift,Temperature drifted by 1.07
2026-08-29T00:58:25.359112,AWS_MAA,frozen_value,Values frozen
2026-08-29T00:58:25.370529,AWS_CCU,drift,Temperature drifted by 2.10
2026-08-29T00:58:25.403551,AWS_JAI,spike,pressure spiked by 144.92
2026-08-29T00:58:25.409044,AWS_LKO,drift,Temperature drifted by 1.34
2026-08-29T00:58:27.426387,AWS_MUM,spatial_outlier,Deviating from spatial trend
2026-08-29T00:58:27.434616,AWS_BLR,drift,Temperature drifted by 1.26
2026-08-29T00:58:27.449047,AWS_MAA,frozen_value,Values frozen
2026-08-29T00:58:27.455323,AWS_CCU,drift,Temperature drifted by 2.28
2026-08-29T00:58:27.473679,AWS_LKO,drift,Temperature drifted by 1.57
2026-08-29T00:58:29.496999,AWS_BLR,drift,Temperature drifted by 1.50
2026-08-29T00:58:29.502670,AWS_MAA,frozen_value,Values frozen
2026-08-29T00:58:29.505738,AWS_CCU,drift,Temperature drifted by 2.62
2026-08-29T00:58:29.510878,AWS_STV,spatial_outlier,Deviating from spatial trend
2026-08-29T00:58:29.519683,AWS_NAG,dropout,Reading dropped
2026-08-29T00:58:29.521021,AWS_IDR,spatial_outlier,Deviating from spatial trend
2026-08-29T00:58:31.530086,AWS_BLR,drift,Temperature drifted by 1.71
2026-08-29T00:58:31.535794,AWS_MAA,frozen_value,Values frozen
2026-08-29T00:58:31.538831,AWS_CCU,drift,Temperature drifted by 2.73
2026-08-29T00:58:31.542038,AWS_PNQ,dropout,Reading dropped
2026-08-29T00:58:31.546442,AWS_JAI,drift,Temperature drifted by 0.31
2026-08-29T00:58:31.552726,AWS_NAG,dropout,Reading dropped
2026-08-29T00:58:33.572433,AWS_DEL,drift,Temperature drifted by 0.24
2026-08-29T00:58:33.575566,AWS_BLR,drift,Temperature drifted by 1.97
2026-08-29T00:58:33.577342,AWS_HYD,spatial_outlier,Deviating from spatial trend
2026-08-29T00:58:33.581643,AWS_MAA,frozen_value,Values frozen
2026-08-29T00:58:33.584376,AWS_CCU,drift,Temperature drifted by 2.84
2026-08-29T00:58:33.588867,AWS_PNQ,dropout,Reading dropped
2026-08-29T00:58:33.590144,AWS_AMD,drift,Temperature drifted by 0.36
2026-08-29T00:58:33.592435,AWS_STV,frozen_value,Values frozen
2026-08-29T00:58:33.594549,AWS_JAI,drift,Temperature drifted by 0.78
2026-08-29T00:58:33.600892,AWS_NAG,dropout,Reading dropped
2026-08-29T00:58:35.606789,AWS_MUM,frozen_value,Values frozen
2026-08-29T00:58:35.609879,AWS_DEL,drift,Temperature drifted by 0.41
2026-08-29T00:58:35.611695,AWS_BLR,drift,Temperature drifted by 2.47
2026-08-29T00:58:35.614179,AWS_MAA,frozen_value,Values frozen
2026-08-29T00:58:35.615374,AWS_CCU,drift,Temperature drifted by 3.12
2026-08-29T00:58:35.621613,AWS_AMD,drift,Temperature drifted by 0.53
2026-08-29T00:58:35.630734,AWS_STV,frozen_value,Values frozen
2026-08-29T00:58:35.633558,AWS_JAI,drift,Temperature drifted by 1.11
2026-08-29T00:58:35.642807,AWS_KNP,cross_parameter_inconsistency,Physically inconsistent state
2026-08-29T00:58:37.722907,AWS_MUM,frozen_value,Values frozen
2026-08-29T00:58:37.730364,AWS_DEL,drift,Temperature drifted by 0.88
2026-08-29T00:58:37.734518,AWS_BLR,drift,Temperature drifted by 2.66
2026-08-29T00:58:37.753395,AWS_MAA,frozen_value,Values frozen
2026-08-29T00:58:37.757471,AWS_CCU,drift,Temperature drifted by 3.48
2026-08-29T00:58:37.763921,AWS_PNQ,spike,pressure spiked by -74.37
2026-08-29T00:58:37.767272,AWS_AMD,drift,Temperature drifted by 1.03
2026-08-29T00:58:37.771043,AWS_STV,frozen_value,Values frozen
2026-08-29T00:58:37.774389,AWS_JAI,drift,Temperature drifted by 1.54
2026-08-29T00:58:37.783914,AWS_IDR,frozen_value,Values frozen
2026-08-29T00:58:39.792342,AWS_MUM,frozen_value,Values frozen
2026-08-29T00:58:39.799680,AWS_DEL,drift,Temperature drifted by 0.99
2026-08-29T00:58:39.815563,AWS_MAA,frozen_value,Values frozen
2026-08-29T00:58:39.818231,AWS_CCU,drift,Temperature drifted by 3.62
2026-08-29T00:58:39.823257,AWS_AMD,drift,Temperature drifted by 1.18
2026-08-29T00:58:39.829015,AWS_STV,frozen_value,Values frozen
2026-08-29T00:58:39.835256,AWS_JAI,drift,Temperature drifted by 1.83
2026-08-29T00:58:39.844621,AWS_IDR,frozen_value,Values frozen
2026-08-29T00:58:41.848558,AWS_MUM,frozen_value,Values frozen
2026-08-29T00:58:41.851089,AWS_DEL,drift,Temperature drifted by 1.10
2026-08-29T00:58:41.858439,AWS_MAA,frozen_value,Values frozen
2026-08-29T00:58:41.862842,AWS_AMD,drift,Temperature drifted by 1.54
2026-08-29T00:58:41.865239,AWS_STV,frozen_value,Values frozen
2026-08-29T00:58:41.867285,AWS_JAI,drift,Temperature drifted by 2.01
2026-08-29T00:58:41.874672,AWS_IDR,frozen_value,Values frozen
2026-08-29T00:58:43.883584,AWS_MUM,frozen_value,Values frozen
2026-08-29T00:58:43.891521,AWS_DEL,drift,Temperature drifted by 1.51
2026-08-29T00:58:43.906086,AWS_AMD,drift,Temperature drifted by 1.94
2026-08-29T00:58:43.912099,AWS_STV,frozen_value,Values frozen
2026-08-29T00:58:43.916635,AWS_JAI,drift,Temperature drifted by 2.42
2026-08-29T00:58:43.924488,AWS_IDR,frozen_value,Values frozen
2026-08-29T00:58:43.930172,AWS_BHO,cross_parameter_inconsistency,Physically inconsistent state
2026-08-29T00:58:45.939027,AWS_MUM,frozen_value,Values frozen
2026-08-29T00:58:45.943832,AWS_DEL,drift,Temperature drifted by 1.97
2026-08-29T00:58:45.963685,AWS_MAA,frozen_value,Values frozen
2026-08-29T00:58:45.971284,AWS_AMD,drift,Temperature drifted by 2.32
2026-08-29T00:58:45.977034,AWS_STV,frozen_value,Values frozen
2026-08-29T00:58:45.989729,AWS_LKO,dropout,Reading dropped
2026-08-29T00:58:45.995484,AWS_KNP,drift,Temperature drifted by 0.35
2026-08-29T00:58:46.006161,AWS_IDR,frozen_value,Values frozen
2026-08-29T00:58:46.008319,AWS_BHO,cross_parameter_inconsistency,Physically inconsistent state
2026-08-29T00:58:48.011349,AWS_MUM,frozen_value,Values frozen
2026-08-29T00:58:48.019765,AWS_DEL,drift,Temperature drifted by 2.42
2026-08-29T00:58:48.023902,AWS_BLR,spike,humidity spiked by -20.21
2026-08-29T00:58:48.029831,AWS_MAA,frozen_value,Values frozen
2026-08-29T00:58:48.032665,AWS_CCU,cross_parameter_inconsistency,Physically inconsistent state
2026-08-29T00:58:48.036507,AWS_AMD,drift,Temperature drifted by 2.70
2026-08-29T00:58:48.039163,AWS_STV,frozen_value,Values frozen
2026-08-29T00:58:48.045169,AWS_LKO,dropout,Reading dropped
2026-08-29T00:58:48.046398,AWS_KNP,drift,Temperature drifted by 0.62
2026-08-29T00:58:48.051297,AWS_IDR,spike,humidity spiked by 13.65
2026-08-29T00:58:50.056320,AWS_MUM,frozen_value,Values frozen
2026-08-29T00:58:50.063791,AWS_HYD,spatial_outlier,Deviating from spatial trend
2026-08-29T00:58:50.066608,AWS_MAA,frozen_value,Values frozen
2026-08-29T00:58:50.071023,AWS_CCU,frozen_value,Values frozen
2026-08-29T00:58:50.073774,AWS_AMD,drift,Temperature drifted by 3.08
2026-08-29T00:58:50.076097,AWS_STV,frozen_value,Values frozen
2026-08-29T00:58:50.080866,AWS_KNP,drift,Temperature drifted by 0.91
2026-08-29T00:58:52.089612,AWS_MUM,frozen_value,Values frozen
2026-08-29T00:58:52.100708,AWS_MAA,frozen_value,Values frozen
2026-08-29T00:58:52.105453,AWS_CCU,frozen_value,Values frozen
2026-08-29T00:58:52.113147,AWS_PNQ,spike,temperature spiked by 21.24
2026-08-29T00:58:52.124665,AWS_AMD,drift,Temperature drifted by 3.27
2026-08-29T00:58:52.130429,AWS_STV,frozen_value,Values frozen
2026-08-29T00:58:52.142373,AWS_JAI,spatial_outlier,Deviating from spatial trend
2026-08-29T00:58:52.161071,AWS_KNP,drift,Temperature drifted by 1.30
2026-08-29T00:58:54.182386,AWS_MUM,frozen_value,Values frozen
2026-08-29T00:58:54.195422,AWS_DEL,frozen_value,Values frozen
2026-08-29T00:58:54.209438,AWS_HYD,drift,Temperature drifted by 0.24
2026-08-29T00:58:54.217409,AWS_MAA,frozen_value,Values frozen
2026-08-29T00:58:54.220598,AWS_CCU,frozen_value,Values frozen
2026-08-29T00:58:54.227082,AWS_AMD,drift,Temperature drifted by 3.50
2026-08-29T00:58:54.229959,AWS_STV,frozen_value,Values frozen
2026-08-29T00:58:54.235431,AWS_KNP,drift,Temperature drifted by 1.49
2026-08-29T00:58:56.253672,AWS_DEL,frozen_value,Values frozen
2026-08-29T00:58:56.268207,AWS_BLR,drift,Temperature drifted by 0.44
2026-08-29T00:58:56.279434,AWS_HYD,drift,Temperature drifted by 0.51
2026-08-29T00:58:56.288919,AWS_MAA,frozen_value,Values frozen
2026-08-29T00:58:56.302172,AWS_CCU,frozen_value,Values frozen
2026-08-29T00:58:56.318951,AWS_STV,dropout,Reading dropped
2026-08-29T00:58:56.321858,AWS_LKO,drift,Temperature drifted by 0.48
2026-08-29T00:58:56.326773,AWS_KNP,drift,Temperature drifted by 1.66
2026-08-29T00:58:56.335590,AWS_BHO,spike,humidity spiked by 11.65
2026-08-29T00:58:58.342665,AWS_DEL,frozen_value,Values frozen
2026-08-29T00:58:58.345501,AWS_BLR,drift,Temperature drifted by 0.91
2026-08-29T00:58:58.347832,AWS_HYD,drift,Temperature drifted by 0.63
2026-08-29T00:58:58.352845,AWS_MAA,frozen_value,Values frozen
2026-08-29T00:58:58.355789,AWS_CCU,frozen_value,Values frozen
2026-08-29T00:58:58.362796,AWS_STV,dropout,Reading dropped
2026-08-29T00:58:58.363982,AWS_JAI,spatial_outlier,Deviating from spatial trend
2026-08-29T00:58:58.366650,AWS_LKO,drift,Temperature drifted by 0.69
2026-08-29T00:58:58.369193,AWS_KNP,drift,Temperature drifted by 1.99
2026-08-29T00:58:58.374460,AWS_BHO,drift,Temperature drifted by 0.20
2026-08-29T00:59:00.382050,AWS_DEL,frozen_value,Values frozen
2026-08-29T00:59:00.389066,AWS_BLR,drift,Temperature drifted by 1.37
2026-08-29T00:59:00.391215,AWS_HYD,drift,Temperature drifted by 0.90
2026-08-29T00:59:00.393219,AWS_MAA,drift,Temperature drifted by 0.11
2026-08-29T00:59:00.399307,AWS_CCU,frozen_value,Values frozen
2026-08-29T00:59:00.403220,AWS_STV,dropout,Reading dropped
2026-08-29T00:59:00.404442,AWS_JAI,frozen_value,Values frozen
2026-08-29T00:59:00.406466,AWS_LKO,drift,Temperature drifted by 0.86
2026-08-29T00:59:00.408243,AWS_KNP,drift,Temperature drifted by 2.22
2026-08-29T00:59:00.411531,AWS_BHO,drift,Temperature drifted by 0.56
2026-08-29T00:59:02.421085,AWS_DEL,frozen_value,Values frozen
2026-08-29T00:59:02.426174,AWS_BLR,drift,Temperature drifted by 1.73
2026-08-29T00:59:02.430235,AWS_HYD,drift,Temperature drifted by 1.30
2026-08-29T00:59:02.432509,AWS_MAA,drift,Temperature drifted by 0.32
2026-08-29T00:59:02.435037,AWS_CCU,frozen_value,Values frozen
2026-08-29T00:59:02.438279,AWS_PNQ,dropout,Reading dropped
2026-08-29T00:59:02.439525,AWS_AMD,frozen_value,Values frozen
2026-08-29T00:59:02.442277,AWS_JAI,frozen_value,Values frozen
2026-08-29T00:59:02.444723,AWS_LKO,drift,Temperature drifted by 1.26
2026-08-29T00:59:02.449230,AWS_KNP,drift,Temperature drifted by 2.41
2026-08-29T00:59:02.453383,AWS_BHO,drift,Temperature drifted by 0.97
2026-08-29T00:59:04.458550,AWS_DEL,frozen_value,Values frozen
2026-08-29T00:59:04.468557,AWS_BLR,drift,Temperature drifted by 1.97
2026-08-29T00:59:04.470178,AWS_HYD,drift,Temperature drifted by 1.49
2026-08-29T00:59:04.471797,AWS_MAA,drift,Temperature drifted by 0.82
2026-08-29T00:59:04.474784,AWS_CCU,frozen_value,Values frozen
2026-08-29T00:59:04.479967,AWS_PNQ,dropout,Reading dropped
2026-08-29T00:59:04.481272,AWS_AMD,frozen_value,Values frozen
2026-08-29T00:59:04.487560,AWS_JAI,frozen_value,Values frozen
2026-08-29T00:59:04.489310,AWS_LKO,drift,Temperature drifted by 1.42
2026-08-29T00:59:04.491379,AWS_KNP,drift,Temperature drifted by 2.51
2026-08-29T00:59:04.497909,AWS_BHO,drift,Temperature drifted by 1.08
2026-08-29T00:59:06.555113,AWS_DEL,frozen_value,Values frozen
2026-08-29T00:59:06.562649,AWS_BLR,drift,Temperature drifted by 2.40
2026-08-29T00:59:06.571840,AWS_HYD,drift,Temperature drifted by 1.94
2026-08-29T00:59:06.579272,AWS_MAA,drift,Temperature drifted by 1.17
2026-08-29T00:59:06.583734,AWS_CCU,frozen_value,Values frozen
2026-08-29T00:59:06.591311,AWS_AMD,frozen_value,Values frozen
2026-08-29T00:59:06.599446,AWS_JAI,frozen_value,Values frozen
2026-08-29T00:59:06.602908,AWS_LKO,drift,Temperature drifted by 1.84
2026-08-29T00:59:06.605043,AWS_KNP,drift,Temperature drifted by 2.65
2026-08-29T00:59:06.609807,AWS_IDR,cross_parameter_inconsistency,Physically inconsistent state
2026-08-29T00:59:06.616173,AWS_BHO,drift,Temperature drifted by 1.25
2026-08-29T00:59:08.622656,AWS_DEL,frozen_value,Values frozen
2026-08-29T00:59:08.625937,AWS_BLR,drift,Temperature drifted by 2.70
2026-08-29T00:59:08.627618,AWS_HYD,drift,Temperature drifted by 2.19
2026-08-29T00:59:08.632112,AWS_MAA,drift,Temperature drifted by 1.46
2026-08-29T00:59:08.634263,AWS_CCU,frozen_value,Values frozen
2026-08-29T00:59:08.638094,AWS_AMD,frozen_value,Values frozen
2026-08-29T00:59:08.641280,AWS_JAI,frozen_value,Values frozen
2026-08-29T00:59:08.645186,AWS_LKO,drift,Temperature drifted by 2.04
2026-08-29T00:59:08.648516,AWS_KNP,drift,Temperature drifted by 3.11
2026-08-29T00:59:08.650696,AWS_NAG,dropout,Reading dropped
2026-08-29T00:59:08.653319,AWS_IDR,frozen_value,Values frozen
2026-08-29T00:59:08.655414,AWS_BHO,drift,Temperature drifted by 1.53
2026-08-29T00:59:10.662427,AWS_DEL,frozen_value,Values frozen
2026-08-29T00:59:10.666998,AWS_BLR,drift,Temperature drifted by 3.02
2026-08-29T00:59:10.671394,AWS_HYD,drift,Temperature drifted by 2.34
2026-08-29T00:59:10.675433,AWS_MAA,drift,Temperature drifted by 1.92
2026-08-29T00:59:10.682268,AWS_CCU,frozen_value,Values frozen
2026-08-29T00:59:10.691196,AWS_AMD,frozen_value,Values frozen
2026-08-29T00:59:10.700241,AWS_JAI,frozen_value,Values frozen
2026-08-29T00:59:10.705343,AWS_LKO,drift,Temperature drifted by 2.40
2026-08-29T00:59:10.712248,AWS_KNP,drift,Temperature drifted by 3.28
2026-08-29T00:59:10.714591,AWS_NAG,dropout,Reading dropped
2026-08-29T00:59:10.716510,AWS_IDR,frozen_value,Values frozen
2026-08-29T00:59:10.719388,AWS_BHO,drift,Temperature drifted by 1.72
2026-08-29T00:59:12.726317,AWS_DEL,frozen_value,Values frozen
2026-08-29T00:59:12.731022,AWS_BLR,drift,Temperature drifted by 3.35
2026-08-29T00:59:12.737816,AWS_HYD,drift,Temperature drifted by 2.58
2026-08-29T00:59:12.740897,AWS_MAA,drift,Temperature drifted by 2.14
2026-08-29T00:59:12.744779,AWS_CCU,frozen_value,Values frozen
2026-08-29T00:59:12.748772,AWS_AMD,frozen_value,Values frozen
2026-08-29T00:59:12.750762,AWS_STV,cross_parameter_inconsistency,Physically inconsistent state
2026-08-29T00:59:12.754384,AWS_JAI,frozen_value,Values frozen
2026-08-29T00:59:12.757375,AWS_LKO,drift,Temperature drifted by 2.76
2026-08-29T00:59:12.766707,AWS_KNP,drift,Temperature drifted by 3.59
2026-08-29T00:59:12.773395,AWS_NAG,dropout,Reading dropped
2026-08-29T00:59:12.775380,AWS_IDR,frozen_value,Values frozen
2026-08-29T00:59:12.779329,AWS_BHO,drift,Temperature drifted by 1.95
2026-08-29T00:59:14.786764,AWS_DEL,frozen_value,Values frozen
2026-08-29T00:59:14.789024,AWS_BLR,drift,Temperature drifted by 3.78
2026-08-29T00:59:14.790819,AWS_HYD,drift,Temperature drifted by 3.05
2026-08-29T00:59:14.792743,AWS_MAA,drift,Temperature drifted by 2.47
2026-08-29T00:59:14.796427,AWS_CCU,frozen_value,Values frozen
2026-08-29T00:59:14.799938,AWS_AMD,frozen_value,Values frozen
2026-08-29T00:59:14.802163,AWS_STV,cross_parameter_inconsistency,Physically inconsistent state
2026-08-29T00:59:14.805046,AWS_JAI,frozen_value,Values frozen
2026-08-29T00:59:14.808022,AWS_LKO,drift,Temperature drifted by 3.12
2026-08-29T00:59:14.811718,AWS_KNP,drift,Temperature drifted by 4.00
2026-08-29T00:59:14.817431,AWS_IDR,frozen_value,Values frozen
2026-08-29T00:59:16.826639,AWS_DEL,frozen_value,Values frozen
2026-08-29T00:59:16.830429,AWS_BLR,drift,Temperature drifted by 4.23
2026-08-29T00:59:16.832403,AWS_HYD,drift,Temperature drifted by 3.35
2026-08-29T00:59:16.835085,AWS_MAA,drift,Temperature drifted by 2.68
2026-08-29T00:59:16.836863,AWS_CCU,frozen_value,Values frozen
2026-08-29T00:59:16.838774,AWS_PNQ,dropout,Reading dropped
2026-08-29T00:59:16.839978,AWS_AMD,frozen_value,Values frozen
2026-08-29T00:59:16.843313,AWS_JAI,frozen_value,Values frozen
2026-08-29T00:59:16.845428,AWS_LKO,drift,Temperature drifted by 3.42
2026-08-29T00:59:16.848602,AWS_IDR,frozen_value,Values frozen
2026-08-29T00:59:18.852289,AWS_DEL,frozen_value,Values frozen
2026-08-29T00:59:18.854849,AWS_BLR,drift,Temperature drifted by 4.58
2026-08-29T00:59:18.859069,AWS_MAA,drift,Temperature drifted by 3.03
2026-08-29T00:59:18.864869,AWS_AMD,frozen_value,Values frozen
2026-08-29T00:59:18.868241,AWS_JAI,frozen_value,Values frozen
2026-08-29T00:59:18.870359,AWS_LKO,drift,Temperature drifted by 3.86
2026-08-29T00:59:18.880804,AWS_IDR,frozen_value,Values frozen
2026-08-29T00:59:18.885569,AWS_BHO,spatial_outlier,Deviating from spatial trend
2026-08-29T00:59:20.893709,AWS_DEL,frozen_value,Values frozen
2026-08-29T00:59:20.909455,AWS_BLR,drift,Temperature drifted by 4.78
2026-08-29T00:59:20.926673,AWS_MAA,drift,Temperature drifted by 3.17
2026-08-29T00:59:20.937452,AWS_AMD,frozen_value,Values frozen
2026-08-29T00:59:20.940305,AWS_JAI,frozen_value,Values frozen
2026-08-29T00:59:20.942463,AWS_LKO,drift,Temperature drifted by 4.21
2026-08-29T00:59:20.946051,AWS_KNP,dropout,Reading dropped
2026-08-29T00:59:20.948354,AWS_IDR,frozen_value,Values frozen
2026-08-29T00:59:22.961319,AWS_PNQ,spatial_outlier,Deviating from spatial trend
2026-08-29T00:59:22.965591,AWS_AMD,frozen_value,Values frozen
2026-08-29T00:59:22.970458,AWS_LKO,drift,Temperature drifted by 4.57
2026-08-29T00:59:22.974466,AWS_IDR,frozen_value,Values frozen
2026-08-29T00:59:24.995751,AWS_AMD,frozen_value,Values frozen
2026-08-29T00:59:25.002803,AWS_LKO,drift,Temperature drifted by 5.03
2026-08-29T00:59:25.009165,AWS_IDR,frozen_value,Values frozen
2026-08-29T00:59:27.018952,AWS_DEL,dropout,Reading dropped
2026-08-29T00:59:27.019738,AWS_BLR,spatial_outlier,Deviating from spatial trend
2026-08-29T00:59:27.031299,AWS_NAG,spike,humidity spiked by -15.08
2026-08-29T00:59:27.034233,AWS_IDR,frozen_value,Values frozen
2026-08-29T00:59:29.043458,AWS_HYD,spatial_outlier,Deviating from spatial trend
2026-08-29T00:59:29.047587,AWS_PNQ,drift,Temperature drifted by 0.41
2026-08-29T00:59:29.055138,AWS_IDR,frozen_value,Values frozen
2026-08-29T00:59:31.064287,AWS_MAA,dropout,Reading dropped
2026-08-29T00:59:31.068399,AWS_PNQ,drift,Temperature drifted by 0.73
2026-08-29T00:59:31.072833,AWS_JAI,drift,Temperature drifted by 0.22
2026-08-29T00:59:31.080907,AWS_IDR,frozen_value,Values frozen
2026-08-29T00:59:33.092818,AWS_MUM,cross_parameter_inconsistency,Physically inconsistent state
2026-08-29T00:59:33.112346,AWS_PNQ,drift,Temperature drifted by 0.94
2026-08-29T00:59:33.116004,AWS_AMD,spatial_outlier,Deviating from spatial trend
2026-08-29T00:59:33.121498,AWS_JAI,drift,Temperature drifted by 0.59
2026-08-29T00:59:33.128003,AWS_IDR,frozen_value,Values frozen
2026-08-29T00:59:35.138771,AWS_BLR,frozen_value,Values frozen
2026-08-29T00:59:35.144800,AWS_HYD,drift,Temperature drifted by 0.25
2026-08-29T00:59:35.153792,AWS_CCU,drift,Temperature drifted by 0.33
2026-08-29T00:59:35.156805,AWS_PNQ,drift,Temperature drifted by 1.41
2026-08-29T00:59:35.163885,AWS_AMD,dropout,Reading dropped
2026-08-29T00:59:35.169345,AWS_JAI,drift,Temperature drifted by 0.96
2026-08-29T00:59:35.174238,AWS_IDR,frozen_value,Values frozen
2026-08-29T00:59:37.195208,AWS_DEL,cross_parameter_inconsistency,Physically inconsistent state
2026-08-29T00:59:37.198672,AWS_BLR,frozen_value,Values frozen
2026-08-29T00:59:37.202537,AWS_HYD,drift,Temperature drifted by 0.68
2026-08-29T00:59:37.208269,AWS_CCU,drift,Temperature drifted by 0.52
2026-08-29T00:59:37.216762,AWS_PNQ,drift,Temperature drifted by 1.86
2026-08-29T00:59:37.229742,AWS_AMD,dropout,Reading dropped
2026-08-29T00:59:37.244152,AWS_JAI,drift,Temperature drifted by 1.13
2026-08-29T00:59:37.257388,AWS_LKO,cross_parameter_inconsistency,Physically inconsistent state
2026-08-29T00:59:37.270669,AWS_KNP,spike,temperature spiked by 15.82
2026-08-29T00:59:37.287598,AWS_IDR,frozen_value,Values frozen
2026-08-29T00:59:39.301610,AWS_BLR,frozen_value,Values frozen
2026-08-29T00:59:39.304033,AWS_HYD,drift,Temperature drifted by 1.15
2026-08-29T00:59:39.310983,AWS_CCU,drift,Temperature drifted by 0.76
2026-08-29T00:59:39.314178,AWS_PNQ,drift,Temperature drifted by 1.98
2026-08-29T00:59:39.319713,AWS_JAI,drift,Temperature drifted by 1.27
2026-08-29T00:59:39.324891,AWS_LKO,dropout,Reading dropped
2026-08-29T00:59:39.328664,AWS_KNP,frozen_value,Values frozen
2026-08-29T00:59:41.341985,AWS_DEL,frozen_value,Values frozen
2026-08-29T00:59:41.348909,AWS_BLR,frozen_value,Values frozen
2026-08-29T00:59:41.367507,AWS_HYD,drift,Temperature drifted by 1.41
2026-08-29T00:59:41.385709,AWS_CCU,drift,Temperature drifted by 1.22
2026-08-29T00:59:41.395323,AWS_PNQ,drift,Temperature drifted by 2.27
2026-08-29T00:59:41.402216,AWS_AMD,spike,temperature spiked by -22.02
2026-08-29T00:59:41.407600,AWS_JAI,drift,Temperature drifted by 1.39
2026-08-29T00:59:41.412009,AWS_LKO,dropout,Reading dropped
2026-08-29T00:59:41.413439,AWS_KNP,frozen_value,Values frozen
2026-08-29T00:59:43.446108,AWS_DEL,frozen_value,Values frozen
2026-08-29T00:59:43.451297,AWS_BLR,frozen_value,Values frozen
2026-08-29T00:59:43.461780,AWS_HYD,drift,Temperature drifted by 1.91
2026-08-29T00:59:43.467004,AWS_MAA,drift,Temperature drifted by 0.39
2026-08-29T00:59:43.473767,AWS_CCU,drift,Temperature drifted by 1.50
2026-08-29T00:59:43.478404,AWS_PNQ,drift,Temperature drifted by 2.64
2026-08-29T00:59:43.483236,AWS_AMD,spike,pressure spiked by -96.21
2026-08-29T00:59:43.487253,AWS_JAI,drift,Temperature drifted by 1.52
2026-08-29T00:59:43.490266,AWS_LKO,dropout,Reading dropped
2026-08-29T00:59:43.491674,AWS_KNP,frozen_value,Values frozen
2026-08-29T00:59:45.512633,AWS_DEL,frozen_value,Values frozen
2026-08-29T00:59:45.516161,AWS_BLR,frozen_value,Values frozen
2026-08-29T00:59:45.518701,AWS_HYD,drift,Temperature drifted by 2.38
2026-08-29T00:59:45.521355,AWS_MAA,drift,Temperature drifted by 0.60
2026-08-29T00:59:45.529642,AWS_CCU,drift,Temperature drifted by 1.81
2026-08-29T00:59:45.533134,AWS_PNQ,drift,Temperature drifted by 3.03
2026-08-29T00:59:45.536457,AWS_STV,drift,Temperature drifted by 0.29
2026-08-29T00:59:45.539393,AWS_LKO,dropout,Reading dropped
2026-08-29T00:59:45.540413,AWS_KNP,frozen_value,Values frozen
2026-08-29T00:59:47.550648,AWS_MUM,cross_parameter_inconsistency,Physically inconsistent state
2026-08-29T00:59:47.559141,AWS_DEL,frozen_value,Values frozen
2026-08-29T00:59:47.561936,AWS_BLR,frozen_value,Values frozen
2026-08-29T00:59:47.564503,AWS_HYD,drift,Temperature drifted by 2.60
2026-08-29T00:59:47.569907,AWS_MAA,drift,Temperature drifted by 1.00
2026-08-29T00:59:47.572541,AWS_CCU,drift,Temperature drifted by 2.21
2026-08-29T00:59:47.575424,AWS_PNQ,drift,Temperature drifted by 3.39
2026-08-29T00:59:47.581358,AWS_AMD,cross_parameter_inconsistency,Physically inconsistent state
2026-08-29T00:59:47.584582,AWS_STV,drift,Temperature drifted by 0.58
2026-08-29T00:59:47.591136,AWS_LKO,dropout,Reading dropped
2026-08-29T00:59:47.592516,AWS_KNP,frozen_value,Values frozen
2026-08-29T00:59:47.600856,AWS_BHO,dropout,Reading dropped
2026-08-29T00:59:49.606939,AWS_DEL,frozen_value,Values frozen
2026-08-29T00:59:49.616454,AWS_BLR,frozen_value,Values frozen
2026-08-29T00:59:49.620145,AWS_HYD,drift,Temperature drifted by 2.75
2026-08-29T00:59:49.623859,AWS_MAA,drift,Temperature drifted by 1.18
2026-08-29T00:59:49.629944,AWS_CCU,drift,Temperature drifted by 2.41
2026-08-29T00:59:49.640242,AWS_PNQ,drift,Temperature drifted by 3.58
2026-08-29T00:59:49.644247,AWS_AMD,drift,Temperature drifted by 0.36
2026-08-29T00:59:49.647891,AWS_STV,drift,Temperature drifted by 0.87
2026-08-29T00:59:49.655339,AWS_LKO,spike,humidity spiked by 27.80
2026-08-29T00:59:49.659333,AWS_KNP,frozen_value,Values frozen
2026-08-29T00:59:49.668955,AWS_IDR,dropout,Reading dropped
2026-08-29T00:59:49.673132,AWS_BHO,dropout,Reading dropped
2026-08-29T00:59:51.680748,AWS_DEL,frozen_value,Values frozen
2026-08-29T00:59:51.687897,AWS_BLR,frozen_value,Values frozen
2026-08-29T00:59:51.691437,AWS_HYD,drift,Temperature drifted by 3.06
2026-08-29T00:59:51.694587,AWS_MAA,drift,Temperature drifted by 1.59
2026-08-29T00:59:51.698387,AWS_CCU,drift,Temperature drifted by 2.57
2026-08-29T00:59:51.706591,AWS_AMD,drift,Temperature drifted by 0.63
2026-08-29T00:59:51.709561,AWS_STV,drift,Temperature drifted by 0.97
2026-08-29T00:59:51.715887,AWS_LKO,drift,Temperature drifted by 0.46
2026-08-29T00:59:51.720146,AWS_KNP,frozen_value,Values frozen
2026-08-29T00:59:51.726591,AWS_IDR,dropout,Reading dropped
2026-08-29T00:59:51.729474,AWS_BHO,dropout,Reading dropped
2026-08-29T00:59:53.734151,AWS_DEL,frozen_value,Values frozen
2026-08-29T00:59:53.738641,AWS_BLR,frozen_value,Values frozen
2026-08-29T00:59:53.746316,AWS_HYD,drift,Temperature drifted by 3.40
2026-08-29T00:59:53.749123,AWS_MAA,drift,Temperature drifted by 1.88
2026-08-29T00:59:53.751136,AWS_CCU,drift,Temperature drifted by 2.85
2026-08-29T00:59:53.756300,AWS_AMD,drift,Temperature drifted by 0.95
2026-08-29T00:59:53.758397,AWS_STV,drift,Temperature drifted by 1.35
2026-08-29T00:59:53.763733,AWS_LKO,drift,Temperature drifted by 0.76
2026-08-29T00:59:53.766017,AWS_KNP,frozen_value,Values frozen
2026-08-29T00:59:53.770775,AWS_IDR,dropout,Reading dropped
2026-08-29T00:59:55.774161,AWS_MUM,dropout,Reading dropped
2026-08-29T00:59:55.775415,AWS_DEL,frozen_value,Values frozen
2026-08-29T00:59:55.781350,AWS_BLR,frozen_value,Values frozen
2026-08-29T00:59:55.791993,AWS_HYD,drift,Temperature drifted by 3.86
2026-08-29T00:59:55.797702,AWS_MAA,drift,Temperature drifted by 2.07
2026-08-29T00:59:55.804704,AWS_CCU,drift,Temperature drifted by 3.26
2026-08-29T00:59:55.811811,AWS_AMD,drift,Temperature drifted by 1.35
2026-08-29T00:59:55.814360,AWS_STV,drift,Temperature drifted by 1.64
2026-08-29T00:59:55.820190,AWS_LKO,drift,Temperature drifted by 1.08
2026-08-29T00:59:55.822198,AWS_KNP,frozen_value,Values frozen
2026-08-29T00:59:57.831600,AWS_DEL,frozen_value,Values frozen
2026-08-29T00:59:57.833750,AWS_BLR,frozen_value,Values frozen
2026-08-29T00:59:57.835455,AWS_HYD,drift,Temperature drifted by 4.21
2026-08-29T00:59:57.837281,AWS_MAA,drift,Temperature drifted by 2.47
2026-08-29T00:59:57.841123,AWS_CCU,drift,Temperature drifted by 3.44
2026-08-29T00:59:57.843782,AWS_AMD,drift,Temperature drifted by 1.54
2026-08-29T00:59:57.845552,AWS_STV,drift,Temperature drifted by 1.99
2026-08-29T00:59:57.848904,AWS_LKO,drift,Temperature drifted by 1.23
2026-08-29T00:59:57.850749,AWS_KNP,frozen_value,Values frozen
2026-08-29T00:59:57.854344,AWS_BHO,drift,Temperature drifted by 0.38
2026-08-29T00:59:59.856482,AWS_MUM,spatial_outlier,Deviating from spatial trend
2026-08-29T00:59:59.862729,AWS_DEL,frozen_value,Values frozen
2026-08-29T00:59:59.869103,AWS_BLR,frozen_value,Values frozen
2026-08-29T00:59:59.872955,AWS_HYD,drift,Temperature drifted by 4.41
2026-08-29T00:59:59.876128,AWS_MAA,drift,Temperature drifted by 2.88
2026-08-29T00:59:59.883681,AWS_CCU,drift,Temperature drifted by 3.67
2026-08-29T00:59:59.887003,AWS_PNQ,spatial_outlier,Deviating from spatial trend
2026-08-29T00:59:59.891538,AWS_AMD,drift,Temperature drifted by 1.78
2026-08-29T00:59:59.897116,AWS_STV,drift,Temperature drifted by 2.44
2026-08-29T00:59:59.901619,AWS_JAI,drift,Temperature drifted by 0.44
2026-08-29T00:59:59.906608,AWS_LKO,drift,Temperature drifted by 1.43
2026-08-29T00:59:59.912444,AWS_KNP,frozen_value,Values frozen
2026-08-29T00:59:59.934893,AWS_BHO,drift,Temperature drifted by 0.74
2026-08-29T01:00:01.948930,AWS_DEL,frozen_value,Values frozen
2026-08-29T01:00:01.953177,AWS_BLR,frozen_value,Values frozen
2026-08-29T01:00:01.963366,AWS_MAA,drift,Temperature drifted by 3.12
2026-08-29T01:00:01.969385,AWS_CCU,drift,Temperature drifted by 0.17
2026-08-29T01:00:01.975848,AWS_AMD,drift,Temperature drifted by 2.10
2026-08-29T01:00:01.980680,AWS_STV,drift,Temperature drifted by 2.82
2026-08-29T01:00:01.984304,AWS_JAI,drift,Temperature drifted by 0.59
2026-08-29T01:00:01.987291,AWS_LKO,drift,Temperature drifted by 1.58
2026-08-29T01:00:01.989010,AWS_KNP,frozen_value,Values frozen
2026-08-29T01:00:01.994713,AWS_BHO,drift,Temperature drifted by 1.15
2026-08-29T01:00:04.007441,AWS_DEL,frozen_value,Values frozen
2026-08-29T01:00:04.011719,AWS_BLR,frozen_value,Values frozen
2026-08-29T01:00:04.016333,AWS_HYD,spatial_outlier,Deviating from spatial trend
2026-08-29T01:00:04.024150,AWS_MAA,drift,Temperature drifted by 3.55
2026-08-29T01:00:04.031517,AWS_CCU,drift,Temperature drifted by 0.42
2026-08-29T01:00:04.041125,AWS_AMD,drift,Temperature drifted by 2.26
2026-08-29T01:00:04.050855,AWS_STV,drift,Temperature drifted by 0.20
2026-08-29T01:00:04.056252,AWS_JAI,drift,Temperature drifted by 1.08
2026-08-29T01:00:04.064930,AWS_LKO,drift,Temperature drifted by 1.81
2026-08-29T01:00:04.071581,AWS_KNP,frozen_value,Values frozen
2026-08-29T01:00:04.080493,AWS_BHO,drift,Temperature drifted by 1.51
2026-08-29T01:00:06.087580,AWS_DEL,frozen_value,Values frozen
2026-08-29T01:00:06.099412,AWS_MAA,drift,Temperature drifted by 3.91
2026-08-29T01:00:06.104688,AWS_CCU,drift,Temperature drifted by 0.54
2026-08-29T01:00:06.110734,AWS_AMD,drift,Temperature drifted by 2.39
2026-08-29T01:00:06.114983,AWS_STV,drift,Temperature drifted by 0.61
2026-08-29T01:00:06.118323,AWS_JAI,drift,Temperature drifted by 1.51
2026-08-29T01:00:06.120075,AWS_LKO,drift,Temperature drifted by 2.27
2026-08-29T01:00:06.123176,AWS_NAG,drift,Temperature drifted by 0.43
2026-08-29T01:00:06.127896,AWS_IDR,dropout,Reading dropped
2026-08-29T01:00:06.129185,AWS_BHO,drift,Temperature drifted by 1.94
2026-08-29T01:00:08.133748,AWS_DEL,frozen_value,Values frozen
2026-08-29T01:00:08.147375,AWS_MAA,drift,Temperature drifted by 4.17
2026-08-29T01:00:08.151484,AWS_CCU,drift,Temperature drifted by 0.89
2026-08-29T01:00:08.155267,AWS_AMD,drift,Temperature drifted by 2.83
2026-08-29T01:00:08.157101,AWS_STV,drift,Temperature drifted by 1.08
2026-08-29T01:00:08.158986,AWS_JAI,drift,Temperature drifted by 1.76
2026-08-29T01:00:08.166480,AWS_LKO,drift,Temperature drifted by 2.39
2026-08-29T01:00:08.174020,AWS_NAG,drift,Temperature drifted by 0.55
2026-08-29T01:00:08.182174,AWS_IDR,dropout,Reading dropped
2026-08-29T01:00:08.183413,AWS_BHO,drift,Temperature drifted by 2.34
2026-08-29T01:00:10.192118,AWS_DEL,frozen_value,Values frozen
2026-08-29T01:00:10.212177,AWS_MAA,drift,Temperature drifted by 0.33
2026-08-29T01:00:10.217864,AWS_CCU,drift,Temperature drifted by 1.00
2026-08-29T01:00:10.223580,AWS_PNQ,spike,pressure spiked by 53.69
2026-08-29T01:00:10.232256,AWS_AMD,drift,Temperature drifted by 3.27
2026-08-29T01:00:10.241284,AWS_STV,drift,Temperature drifted by 1.19
2026-08-29T01:00:10.248121,AWS_JAI,drift,Temperature drifted by 2.19
2026-08-29T01:00:10.258658,AWS_LKO,drift,Temperature drifted by 2.79
2026-08-29T01:00:10.268144,AWS_NAG,drift,Temperature drifted by 0.92
2026-08-29T01:00:10.276530,AWS_BHO,drift,Temperature drifted by 2.80
2026-08-29T01:00:12.282532,AWS_DEL,frozen_value,Values frozen
2026-08-29T01:00:12.286431,AWS_MAA,drift,Temperature drifted by 0.60
2026-08-29T01:00:12.288247,AWS_CCU,drift,Temperature drifted by 1.30
2026-08-29T01:00:12.291488,AWS_AMD,drift,Temperature drifted by 3.69
2026-08-29T01:00:12.293555,AWS_STV,drift,Temperature drifted by 1.56
2026-08-29T01:00:12.295003,AWS_JAI,drift,Temperature drifted by 2.62
2026-08-29T01:00:12.298242,AWS_LKO,drift,Temperature drifted by 2.94
2026-08-29T01:00:12.301131,AWS_NAG,drift,Temperature drifted by 1.34
2026-08-29T01:00:12.305415,AWS_BHO,drift,Temperature drifted by 3.14
2026-08-29T01:00:14.308858,AWS_DEL,frozen_value,Values frozen
2026-08-29T01:00:14.312188,AWS_MAA,drift,Temperature drifted by 1.02
2026-08-29T01:00:14.313904,AWS_CCU,drift,Temperature drifted by 1.63
2026-08-29T01:00:14.318622,AWS_STV,drift,Temperature drifted by 1.94
2026-08-29T01:00:14.320463,AWS_JAI,drift,Temperature drifted by 3.05
2026-08-29T01:00:14.322919,AWS_LKO,drift,Temperature drifted by 3.38
2026-08-29T01:00:14.325819,AWS_NAG,drift,Temperature drifted by 1.54
2026-08-29T01:00:14.328335,AWS_BHO,drift,Temperature drifted by 3.31
2026-08-29T01:00:16.331682,AWS_DEL,frozen_value,Values frozen
2026-08-29T01:00:16.333649,AWS_BLR,spatial_outlier,Deviating from spatial trend
2026-08-29T01:00:16.336023,AWS_MAA,drift,Temperature drifted by 1.35
2026-08-29T01:00:16.337598,AWS_CCU,drift,Temperature drifted by 2.04
2026-08-29T01:00:16.340259,AWS_PNQ,spike,pressure spiked by -59.25
2026-08-29T01:00:16.342853,AWS_STV,drift,Temperature drifted by 2.16
2026-08-29T01:00:16.344819,AWS_JAI,drift,Temperature drifted by 3.54
2026-08-29T01:00:16.348110,AWS_NAG,drift,Temperature drifted by 1.70
2026-08-29T01:00:16.351100,AWS_BHO,drift,Temperature drifted by 3.67
2026-08-29T01:00:18.357141,AWS_DEL,frozen_value,Values frozen
2026-08-29T01:00:18.368817,AWS_HYD,dropout,Reading dropped
2026-08-29T01:00:18.370443,AWS_MAA,drift,Temperature drifted by 1.71
2026-08-29T01:00:18.373031,AWS_CCU,drift,Temperature drifted by 2.14
2026-08-29T01:00:18.381105,AWS_JAI,drift,Temperature drifted by 3.69
2026-08-29T01:00:18.389116,AWS_IDR,dropout,Reading dropped
2026-08-29T01:00:18.390992,AWS_BHO,drift,Temperature drifted by 4.15
2026-08-29T01:00:20.404856,AWS_DEL,spatial_outlier,Deviating from spatial trend
2026-08-29T01:00:20.420011,AWS_MAA,drift,Temperature drifted by 2.11
2026-08-29T01:00:20.423123,AWS_CCU,drift,Temperature drifted by 2.60
2026-08-29T01:00:20.432528,AWS_JAI,drift,Temperature drifted by 4.14
2026-08-29T01:00:20.439759,AWS_IDR,dropout,Reading dropped
2026-08-29T01:00:20.441257,AWS_BHO,drift,Temperature drifted by 4.36
2026-08-29T01:00:22.459952,AWS_MAA,drift,Temperature drifted by 2.56
2026-08-29T01:00:22.464885,AWS_CCU,drift,Temperature drifted by 3.07
2026-08-29T01:00:22.469645,AWS_PNQ,frozen_value,Values frozen
2026-08-29T01:00:22.481708,AWS_JAI,drift,Temperature drifted by 4.59
2026-08-29T01:00:22.490629,AWS_IDR,dropout,Reading dropped
2026-08-29T01:00:22.493256,AWS_BHO,drift,Temperature drifted by 4.68
2026-08-29T01:00:24.570236,AWS_MAA,drift,Temperature drifted by 2.93
2026-08-29T01:00:24.575424,AWS_CCU,drift,Temperature drifted by 3.33
2026-08-29T01:00:24.583467,AWS_PNQ,frozen_value,Values frozen
2026-08-29T01:00:24.586375,AWS_AMD,drift,Temperature drifted by 0.18
2026-08-29T01:00:24.592286,AWS_LKO,dropout,Reading dropped
2026-08-29T01:00:24.598828,AWS_NAG,frozen_value,Values frozen
2026-08-29T01:00:24.603467,AWS_IDR,spike,humidity spiked by 25.33
2026-08-29T01:00:24.608458,AWS_BHO,frozen_value,Values frozen
2026-08-29T01:00:26.617124,AWS_MUM,cross_parameter_inconsistency,Physically inconsistent state
2026-08-29T01:00:26.631910,AWS_MAA,drift,Temperature drifted by 3.39
2026-08-29T01:00:26.641132,AWS_CCU,drift,Temperature drifted by 3.53
2026-08-29T01:00:26.645179,AWS_PNQ,frozen_value,Values frozen
2026-08-29T01:00:26.650608,AWS_AMD,drift,Temperature drifted by 0.63
2026-08-29T01:00:26.658340,AWS_LKO,spike,pressure spiked by -122.27
2026-08-29T01:00:26.663962,AWS_NAG,frozen_value,Values frozen
2026-08-29T01:00:26.670113,AWS_BHO,frozen_value,Values frozen
2026-08-29T01:00:28.697035,AWS_MAA,drift,Temperature drifted by 3.65
2026-08-29T01:00:28.704426,AWS_CCU,drift,Temperature drifted by 3.90
2026-08-29T01:00:28.707653,AWS_PNQ,frozen_value,Values frozen
2026-08-29T01:00:28.715150,AWS_AMD,drift,Temperature drifted by 0.74
2026-08-29T01:00:28.725896,AWS_KNP,dropout,Reading dropped
2026-08-29T01:00:28.728031,AWS_NAG,frozen_value,Values frozen
2026-08-29T01:00:28.734584,AWS_BHO,frozen_value,Values frozen
2026-08-29T01:00:30.749932,AWS_CCU,drift,Temperature drifted by 4.29
2026-08-29T01:00:30.753060,AWS_PNQ,frozen_value,Values frozen
2026-08-29T01:00:30.755980,AWS_AMD,drift,Temperature drifted by 1.06
2026-08-29T01:00:30.762610,AWS_KNP,dropout,Reading dropped
2026-08-29T01:00:30.765079,AWS_NAG,frozen_value,Values frozen
2026-08-29T01:00:30.768399,AWS_BHO,frozen_value,Values frozen
2026-08-29T01:00:32.784042,AWS_PNQ,frozen_value,Values frozen
2026-08-29T01:00:32.788876,AWS_AMD,drift,Temperature drifted by 1.32
2026-08-29T01:00:32.791292,AWS_STV,drift,Temperature drifted by 0.36
2026-08-29T01:00:32.798702,AWS_KNP,dropout,Reading dropped
2026-08-29T01:00:32.799977,AWS_NAG,frozen_value,Values frozen
2026-08-29T01:00:32.806160,AWS_BHO,frozen_value,Values frozen
2026-08-29T01:00:34.817034,AWS_MAA,frozen_value,Values frozen
2026-08-29T01:00:34.827470,AWS_PNQ,frozen_value,Values frozen
2026-08-29T01:00:34.834717,AWS_AMD,drift,Temperature drifted by 1.76
2026-08-29T01:00:34.837458,AWS_STV,drift,Temperature drifted by 0.48
2026-08-29T01:00:34.848325,AWS_BHO,frozen_value,Values frozen
2026-08-29T01:00:36.859988,AWS_MAA,frozen_value,Values frozen
2026-08-29T01:00:36.863134,AWS_CCU,spatial_outlier,Deviating from spatial trend
2026-08-29T01:00:36.865398,AWS_PNQ,frozen_value,Values frozen
2026-08-29T01:00:36.867732,AWS_AMD,drift,Temperature drifted by 2.06
2026-08-29T01:00:36.870047,AWS_STV,drift,Temperature drifted by 0.77
2026-08-29T01:00:36.878968,AWS_IDR,frozen_value,Values frozen
2026-08-29T01:00:36.881302,AWS_BHO,frozen_value,Values frozen
2026-08-29T01:00:38.901523,AWS_MAA,frozen_value,Values frozen
2026-08-29T01:00:38.910972,AWS_PNQ,frozen_value,Values frozen
2026-08-29T01:00:38.914245,AWS_AMD,drift,Temperature drifted by 2.39
2026-08-29T01:00:38.919033,AWS_STV,drift,Temperature drifted by 1.09
2026-08-29T01:00:38.940483,AWS_IDR,frozen_value,Values frozen
2026-08-29T01:00:38.948227,AWS_BHO,frozen_value,Values frozen
2026-08-29T01:00:40.968459,AWS_BLR,drift,Temperature drifted by 0.44
2026-08-29T01:00:40.980038,AWS_HYD,spatial_outlier,Deviating from spatial trend
2026-08-29T01:00:40.985084,AWS_MAA,frozen_value,Values frozen
2026-08-29T01:00:40.992921,AWS_PNQ,frozen_value,Values frozen
2026-08-29T01:00:41.000428,AWS_AMD,drift,Temperature drifted by 2.60
2026-08-29T01:00:41.005602,AWS_STV,drift,Temperature drifted by 1.34
2026-08-29T01:00:41.011270,AWS_LKO,drift,Temperature drifted by 0.32
2026-08-29T01:00:41.021030,AWS_KNP,spatial_outlier,Deviating from spatial trend
2026-08-29T01:00:41.028796,AWS_IDR,frozen_value,Values frozen
2026-08-29T01:00:41.034449,AWS_BHO,frozen_value,Values frozen
2026-08-29T01:00:43.046906,AWS_BLR,drift,Temperature drifted by 0.66
2026-08-29T01:00:43.056201,AWS_HYD,spatial_outlier,Deviating from spatial trend
2026-08-29T01:00:43.069041,AWS_MAA,frozen_value,Values frozen
2026-08-29T01:00:43.072542,AWS_CCU,frozen_value,Values frozen
2026-08-29T01:00:43.075214,AWS_PNQ,frozen_value,Values frozen
2026-08-29T01:00:43.078109,AWS_AMD,drift,Temperature drifted by 2.97
2026-08-29T01:00:43.081228,AWS_STV,drift,Temperature drifted by 1.51
2026-08-29T01:00:43.085166,AWS_LKO,drift,Temperature drifted by 0.68
2026-08-29T01:00:43.090153,AWS_KNP,spatial_outlier,Deviating from spatial trend
2026-08-29T01:00:43.093752,AWS_IDR,frozen_value,Values frozen
2026-08-29T01:00:43.095702,AWS_BHO,frozen_value,Values frozen
2026-08-29T01:00:45.113817,AWS_DEL,spike,pressure spiked by -121.94
2026-08-29T01:00:45.116778,AWS_BLR,drift,Temperature drifted by 0.83
2026-08-29T01:00:45.120106,AWS_MAA,frozen_value,Values frozen
2026-08-29T01:00:45.122977,AWS_CCU,frozen_value,Values frozen
2026-08-29T01:00:45.124768,AWS_PNQ,frozen_value,Values frozen
2026-08-29T01:00:45.127599,AWS_AMD,drift,Temperature drifted by 3.27
2026-08-29T01:00:45.130540,AWS_STV,drift,Temperature drifted by 1.91
2026-08-29T01:00:45.135112,AWS_LKO,drift,Temperature drifted by 1.11
2026-08-29T01:00:45.137026,AWS_KNP,drift,Temperature drifted by 0.13
2026-08-29T01:00:45.141661,AWS_IDR,frozen_value,Values frozen
2026-08-29T01:00:45.144248,AWS_BHO,frozen_value,Values frozen
2026-08-29T01:00:47.199635,AWS_BLR,drift,Temperature drifted by 1.27
2026-08-29T01:00:47.206300,AWS_HYD,spatial_outlier,Deviating from spatial trend
2026-08-29T01:00:47.215444,AWS_MAA,frozen_value,Values frozen
2026-08-29T01:00:47.224106,AWS_CCU,frozen_value,Values frozen
2026-08-29T01:00:47.229787,AWS_PNQ,frozen_value,Values frozen
2026-08-29T01:00:47.235559,AWS_AMD,drift,Temperature drifted by 3.40
2026-08-29T01:00:47.238225,AWS_STV,drift,Temperature drifted by 2.04
2026-08-29T01:00:47.244147,AWS_LKO,drift,Temperature drifted by 1.23
2026-08-29T01:00:47.249317,AWS_KNP,drift,Temperature drifted by 0.56
2026-08-29T01:00:47.255390,AWS_IDR,frozen_value,Values frozen
2026-08-29T01:00:47.260606,AWS_BHO,frozen_value,Values frozen
2026-08-29T01:00:49.264927,AWS_MUM,spike,humidity spiked by 23.85
2026-08-29T01:00:49.274201,AWS_DEL,frozen_value,Values frozen
2026-08-29T01:00:49.279857,AWS_BLR,drift,Temperature drifted by 1.70
2026-08-29T01:00:49.286403,AWS_MAA,frozen_value,Values frozen
2026-08-29T01:00:49.290268,AWS_CCU,frozen_value,Values frozen
2026-08-29T01:00:49.295900,AWS_PNQ,frozen_value,Values frozen
2026-08-29T01:00:49.298423,AWS_AMD,drift,Temperature drifted by 3.87
2026-08-29T01:00:49.303331,AWS_STV,drift,Temperature drifted by 2.30
2026-08-29T01:00:49.317586,AWS_LKO,drift,Temperature drifted by 1.59
2026-08-29T01:00:49.325315,AWS_KNP,drift,Temperature drifted by 0.81
2026-08-29T01:00:49.335156,AWS_IDR,frozen_value,Values frozen
2026-08-29T01:00:49.343270,AWS_BHO,frozen_value,Values frozen
2026-08-29T01:00:51.363021,AWS_DEL,frozen_value,Values frozen
2026-08-29T01:00:51.366131,AWS_BLR,drift,Temperature drifted by 2.16
2026-08-29T01:00:51.369550,AWS_HYD,spatial_outlier,Deviating from spatial trend
2026-08-29T01:00:51.377514,AWS_CCU,frozen_value,Values frozen
2026-08-29T01:00:51.382913,AWS_PNQ,frozen_value,Values frozen
2026-08-29T01:00:51.395364,AWS_STV,drift,Temperature drifted by 2.50
2026-08-29T01:00:51.401890,AWS_LKO,drift,Temperature drifted by 2.00
2026-08-29T01:00:51.410545,AWS_KNP,drift,Temperature drifted by 0.96
2026-08-29T01:00:51.414681,AWS_IDR,frozen_value,Values frozen
2026-08-29T01:00:53.421736,AWS_MUM,spatial_outlier,Deviating from spatial trend
2026-08-29T01:00:53.424511,AWS_DEL,frozen_value,Values frozen
2026-08-29T01:00:53.426823,AWS_BLR,drift,Temperature drifted by 2.35
2026-08-29T01:00:53.434546,AWS_CCU,frozen_value,Values frozen
2026-08-29T01:00:53.444132,AWS_JAI,spike,humidity spiked by 28.19
2026-08-29T01:00:53.448382,AWS_LKO,drift,Temperature drifted by 2.15
2026-08-29T01:00:53.451248,AWS_KNP,drift,Temperature drifted by 1.12
2026-08-29T01:00:53.455287,AWS_IDR,frozen_value,Values frozen
2026-08-29T01:00:55.463627,AWS_DEL,frozen_value,Values frozen
2026-08-29T01:00:55.469497,AWS_BLR,drift,Temperature drifted by 2.52
2026-08-29T01:00:55.477202,AWS_CCU,frozen_value,Values frozen
2026-08-29T01:00:55.483223,AWS_AMD,cross_parameter_inconsistency,Physically inconsistent state
2026-08-29T01:00:55.492084,AWS_LKO,drift,Temperature drifted by 2.37
2026-08-29T01:00:55.498028,AWS_KNP,drift,Temperature drifted by 1.34
2026-08-29T01:00:55.504624,AWS_IDR,frozen_value,Values frozen
2026-08-29T01:00:57.528495,AWS_DEL,frozen_value,Values frozen
2026-08-29T01:00:57.533604,AWS_BLR,drift,Temperature drifted by 2.84
2026-08-29T01:00:57.545045,AWS_HYD,drift,Temperature drifted by 0.21
2026-08-29T01:00:57.560921,AWS_CCU,frozen_value,Values frozen
2026-08-29T01:00:57.592617,AWS_LKO,drift,Temperature drifted by 2.78
2026-08-29T01:00:57.598944,AWS_KNP,drift,Temperature drifted by 1.61
2026-08-29T01:00:57.602956,AWS_NAG,frozen_value,Values frozen
2026-08-29T01:00:57.610430,AWS_IDR,frozen_value,Values frozen
2026-08-29T01:00:59.625927,AWS_DEL,frozen_value,Values frozen
2026-08-29T01:00:59.638303,AWS_BLR,drift,Temperature drifted by 3.04
2026-08-29T01:00:59.648074,AWS_HYD,drift,Temperature drifted by 0.45
2026-08-29T01:00:59.665381,AWS_CCU,frozen_value,Values frozen
2026-08-29T01:00:59.684768,AWS_STV,frozen_value,Values frozen
2026-08-29T01:00:59.696637,AWS_LKO,drift,Temperature drifted by 3.24
2026-08-29T01:00:59.702825,AWS_KNP,drift,Temperature drifted by 1.96
2026-08-29T01:00:59.708731,AWS_NAG,frozen_value,Values frozen
2026-08-29T01:00:59.715546,AWS_IDR,frozen_value,Values frozen
2026-08-29T01:00:59.719815,AWS_BHO,dropout,Reading dropped
2026-08-29T01:01:01.740490,AWS_DEL,frozen_value,Values frozen
2026-08-29T01:01:01.747999,AWS_BLR,drift,Temperature drifted by 3.44
2026-08-29T01:01:01.755853,AWS_HYD,drift,Temperature drifted by 0.87
2026-08-29T01:01:01.765657,AWS_CCU,frozen_value,Values frozen
2026-08-29T01:01:01.772343,AWS_STV,frozen_value,Values frozen
2026-08-29T01:01:01.782696,AWS_LKO,drift,Temperature drifted by 3.57
2026-08-29T01:01:01.785983,AWS_KNP,drift,Temperature drifted by 2.41
2026-08-29T01:01:01.793103,AWS_NAG,frozen_value,Values frozen
2026-08-29T01:01:01.799603,AWS_BHO,dropout,Reading dropped
2026-08-29T01:01:03.812867,AWS_BLR,drift,Temperature drifted by 3.63
2026-08-29T01:01:03.818419,AWS_HYD,drift,Temperature drifted by 1.10
2026-08-29T01:01:03.832236,AWS_CCU,frozen_value,Values frozen
2026-08-29T01:01:03.837498,AWS_PNQ,cross_parameter_inconsistency,Physically inconsistent state
2026-08-29T01:01:03.851397,AWS_STV,frozen_value,Values frozen
2026-08-29T01:01:03.867532,AWS_LKO,drift,Temperature drifted by 4.03
2026-08-29T01:01:03.869945,AWS_KNP,drift,Temperature drifted by 2.73
2026-08-29T01:01:03.874092,AWS_NAG,frozen_value,Values frozen
2026-08-29T01:01:05.913082,AWS_HYD,drift,Temperature drifted by 1.40
2026-08-29T01:01:05.954112,AWS_STV,frozen_value,Values frozen
2026-08-29T01:01:05.971195,AWS_LKO,drift,Temperature drifted by 4.31
2026-08-29T01:01:05.988332,AWS_KNP,drift,Temperature drifted by 2.85
2026-08-29T01:01:05.994484,AWS_NAG,frozen_value,Values frozen
2026-08-29T01:01:08.053151,AWS_HYD,drift,Temperature drifted by 1.77
2026-08-29T01:01:08.061345,AWS_PNQ,spike,humidity spiked by 21.39
2026-08-29T01:01:08.067959,AWS_STV,frozen_value,Values frozen
2026-08-29T01:01:08.071251,AWS_LKO,drift,Temperature drifted by 4.71
2026-08-29T01:01:08.074388,AWS_NAG,frozen_value,Values frozen
2026-08-29T01:01:10.078624,AWS_MUM,dropout,Reading dropped
2026-08-29T01:01:10.081882,AWS_BLR,spike,pressure spiked by 88.67
2026-08-29T01:01:10.084170,AWS_HYD,drift,Temperature drifted by 1.96
2026-08-29T01:01:10.093532,AWS_STV,frozen_value,Values frozen
2026-08-29T01:01:10.098209,AWS_LKO,drift,Temperature drifted by 5.21
2026-08-29T01:01:10.101324,AWS_NAG,frozen_value,Values frozen
2026-08-29T01:01:12.124062,AWS_HYD,drift,Temperature drifted by 2.38
2026-08-29T01:01:12.129005,AWS_PNQ,drift,Temperature drifted by 0.46
2026-08-29T01:01:12.132443,AWS_AMD,cross_parameter_inconsistency,Physically inconsistent state
2026-08-29T01:01:12.142929,AWS_STV,frozen_value,Values frozen
2026-08-29T01:01:12.146786,AWS_JAI,spatial_outlier,Deviating from spatial trend
2026-08-29T01:01:12.152297,AWS_NAG,frozen_value,Values frozen
2026-08-29T01:01:12.154626,AWS_IDR,dropout,Reading dropped
2026-08-29T01:01:14.188942,AWS_HYD,drift,Temperature drifted by 2.70
2026-08-29T01:01:14.199090,AWS_PNQ,drift,Temperature drifted by 0.82
2026-08-29T01:01:14.209523,AWS_LKO,cross_parameter_inconsistency,Physically inconsistent state
2026-08-29T01:01:14.215638,AWS_KNP,cross_parameter_inconsistency,Physically inconsistent state
2026-08-29T01:01:16.231511,AWS_MUM,dropout,Reading dropped
2026-08-29T01:01:16.252299,AWS_HYD,drift,Temperature drifted by 3.13
2026-08-29T01:01:16.265948,AWS_PNQ,drift,Temperature drifted by 1.12
2026-08-29T01:01:16.281182,AWS_LKO,frozen_value,Values frozen
2026-08-29T01:01:18.296970,AWS_MUM,dropout,Reading dropped
2026-08-29T01:01:18.300965,AWS_HYD,drift,Temperature drifted by 3.28
2026-08-29T01:01:18.304039,AWS_MAA,spike,humidity spiked by 18.96
2026-08-29T01:01:18.310038,AWS_PNQ,drift,Temperature drifted by 1.59
2026-08-29T01:01:18.317503,AWS_AMD,cross_parameter_inconsistency,Physically inconsistent state
2026-08-29T01:01:18.327701,AWS_LKO,frozen_value,Values frozen
2026-08-29T01:01:18.336085,AWS_IDR,frozen_value,Values frozen
2026-08-29T01:01:18.338956,AWS_BHO,spatial_outlier,Deviating from spatial trend
2026-08-29T01:01:20.343572,AWS_MUM,dropout,Reading dropped
2026-08-29T01:01:20.345674,AWS_DEL,cross_parameter_inconsistency,Physically inconsistent state
2026-08-29T01:01:20.352626,AWS_PNQ,drift,Temperature drifted by 1.99
2026-08-29T01:01:20.365432,AWS_LKO,frozen_value,Values frozen
2026-08-29T01:01:20.370731,AWS_KNP,dropout,Reading dropped
2026-08-29T01:01:20.373858,AWS_IDR,frozen_value,Values frozen
2026-08-29T01:01:22.384076,AWS_BLR,frozen_value,Values frozen
2026-08-29T01:01:22.390527,AWS_PNQ,drift,Temperature drifted by 2.30
2026-08-29T01:01:22.393452,AWS_STV,frozen_value,Values frozen
2026-08-29T01:01:22.395405,AWS_JAI,cross_parameter_inconsistency,Physically inconsistent state
2026-08-29T01:01:22.398820,AWS_LKO,frozen_value,Values frozen
2026-08-29T01:01:22.400848,AWS_KNP,spatial_outlier,Deviating from spatial trend
2026-08-29T01:01:22.404286,AWS_IDR,frozen_value,Values frozen
2026-08-29T01:01:24.411159,AWS_DEL,spike,temperature spiked by -17.75
2026-08-29T01:01:24.415877,AWS_BLR,frozen_value,Values frozen
2026-08-29T01:01:24.420930,AWS_MAA,drift,Temperature drifted by 0.20
2026-08-29T01:01:24.426944,AWS_PNQ,drift,Temperature drifted by 2.79
2026-08-29T01:01:24.429902,AWS_STV,frozen_value,Values frozen
2026-08-29T01:01:24.432193,AWS_JAI,spatial_outlier,Deviating from spatial trend
2026-08-29T01:01:24.435502,AWS_LKO,frozen_value,Values frozen
2026-08-29T01:01:24.439781,AWS_IDR,frozen_value,Values frozen
2026-08-29T01:01:26.445192,AWS_DEL,cross_parameter_inconsistency,Physically inconsistent state
2026-08-29T01:01:26.447286,AWS_BLR,frozen_value,Values frozen
2026-08-29T01:01:26.450611,AWS_MAA,drift,Temperature drifted by 0.53
2026-08-29T01:01:26.454727,AWS_PNQ,drift,Temperature drifted by 3.28
2026-08-29T01:01:26.460265,AWS_STV,frozen_value,Values frozen
2026-08-29T01:01:26.464341,AWS_LKO,frozen_value,Values frozen
2026-08-29T01:01:26.467535,AWS_NAG,cross_parameter_inconsistency,Physically inconsistent state
2026-08-29T01:01:26.469443,AWS_IDR,frozen_value,Values frozen
2026-08-29T01:01:28.475320,AWS_BLR,frozen_value,Values frozen
2026-08-29T01:01:28.478599,AWS_HYD,dropout,Reading dropped
2026-08-29T01:01:28.480577,AWS_MAA,drift,Temperature drifted by 0.75
2026-08-29T01:01:28.483279,AWS_PNQ,drift,Temperature drifted by 3.64
2026-08-29T01:01:28.486952,AWS_STV,frozen_value,Values frozen
2026-08-29T01:01:28.489842,AWS_JAI,spike,pressure spiked by 140.63
2026-08-29T01:01:28.492409,AWS_LKO,frozen_value,Values frozen
2026-08-29T01:01:28.497869,AWS_IDR,frozen_value,Values frozen
2026-08-29T01:01:30.509026,AWS_BLR,frozen_value,Values frozen
2026-08-29T01:01:30.515444,AWS_HYD,dropout,Reading dropped
2026-08-29T01:01:30.517183,AWS_MAA,drift,Temperature drifted by 1.02
2026-08-29T01:01:30.521538,AWS_PNQ,drift,Temperature drifted by 4.09
2026-08-29T01:01:30.527973,AWS_AMD,drift,Temperature drifted by 0.34
2026-08-29T01:01:30.536023,AWS_STV,frozen_value,Values frozen
2026-08-29T01:01:30.544853,AWS_LKO,frozen_value,Values frozen
2026-08-29T01:01:30.550648,AWS_IDR,frozen_value,Values frozen
2026-08-29T01:01:30.552892,AWS_BHO,dropout,Reading dropped
2026-08-29T01:01:32.561547,AWS_BLR,frozen_value,Values frozen
2026-08-29T01:01:32.565660,AWS_HYD,dropout,Reading dropped
2026-08-29T01:01:32.570656,AWS_MAA,drift,Temperature drifted by 1.17
2026-08-29T01:01:32.575086,AWS_PNQ,drift,Temperature drifted by 4.57
2026-08-29T01:01:32.579710,AWS_AMD,drift,Temperature drifted by 0.65
2026-08-29T01:01:32.582403,AWS_STV,frozen_value,Values frozen
2026-08-29T01:01:32.585784,AWS_LKO,frozen_value,Values frozen
2026-08-29T01:01:32.600321,AWS_IDR,frozen_value,Values frozen
2026-08-29T01:01:34.606421,AWS_MUM,spike,temperature spiked by 22.82
2026-08-29T01:01:34.611101,AWS_BLR,frozen_value,Values frozen
2026-08-29T01:01:34.614858,AWS_MAA,drift,Temperature drifted by 1.51
2026-08-29T01:01:34.618981,AWS_PNQ,drift,Temperature drifted by 4.85
2026-08-29T01:01:34.620832,AWS_AMD,drift,Temperature drifted by 0.90
2026-08-29T01:01:34.623280,AWS_JAI,cross_parameter_inconsistency,Physically inconsistent state
2026-08-29T01:01:34.627967,AWS_LKO,frozen_value,Values frozen
2026-08-29T01:01:34.632484,AWS_IDR,frozen_value,Values frozen
2026-08-29T01:01:36.637603,AWS_BLR,frozen_value,Values frozen
2026-08-29T01:01:36.640818,AWS_MAA,drift,Temperature drifted by 1.73
2026-08-29T01:01:36.646523,AWS_AMD,drift,Temperature drifted by 1.20
2026-08-29T01:01:36.648536,AWS_STV,frozen_value,Values frozen
2026-08-29T01:01:36.652338,AWS_LKO,frozen_value,Values frozen
2026-08-29T01:01:36.664624,AWS_IDR,frozen_value,Values frozen
2026-08-29T01:01:36.666741,AWS_BHO,drift,Temperature drifted by 0.22
2026-08-29T01:01:38.674376,AWS_BLR,frozen_value,Values frozen
2026-08-29T01:01:38.679459,AWS_MAA,drift,Temperature drifted by 2.03
2026-08-29T01:01:38.685251,AWS_AMD,drift,Temperature drifted by 1.57
2026-08-29T01:01:38.689057,AWS_STV,frozen_value,Values frozen
2026-08-29T01:01:38.691521,AWS_LKO,frozen_value,Values frozen
2026-08-29T01:01:38.693335,AWS_KNP,cross_parameter_inconsistency,Physically inconsistent state
2026-08-29T01:01:38.696992,AWS_IDR,frozen_value,Values frozen
2026-08-29T01:01:38.699349,AWS_BHO,drift,Temperature drifted by 0.33
2026-08-29T01:01:40.705820,AWS_BLR,frozen_value,Values frozen
2026-08-29T01:01:40.713651,AWS_MAA,drift,Temperature drifted by 2.23
2026-08-29T01:01:40.718848,AWS_AMD,drift,Temperature drifted by 1.77
2026-08-29T01:01:40.722139,AWS_STV,frozen_value,Values frozen
2026-08-29T01:01:40.726358,AWS_LKO,frozen_value,Values frozen
2026-08-29T01:01:40.731983,AWS_IDR,frozen_value,Values frozen
2026-08-29T01:01:40.735488,AWS_BHO,drift,Temperature drifted by 0.59
2026-08-29T01:01:42.741266,AWS_DEL,drift,Temperature drifted by 0.16
2026-08-29T01:01:42.748004,AWS_BLR,frozen_value,Values frozen
2026-08-29T01:01:42.752987,AWS_MAA,drift,Temperature drifted by 2.56
2026-08-29T01:01:42.761080,AWS_CCU,spatial_outlier,Deviating from spatial trend
2026-08-29T01:01:42.769928,AWS_AMD,drift,Temperature drifted by 2.20
2026-08-29T01:01:42.772728,AWS_STV,frozen_value,Values frozen
2026-08-29T01:01:42.776279,AWS_LKO,frozen_value,Values frozen
2026-08-29T01:01:42.778834,AWS_NAG,drift,Temperature drifted by 0.12
2026-08-29T01:01:42.781087,AWS_IDR,frozen_value,Values frozen
2026-08-29T01:01:42.782955,AWS_BHO,drift,Temperature drifted by 0.72
2026-08-29T01:01:44.791019,AWS_DEL,drift,Temperature drifted by 0.64
2026-08-29T01:01:44.809127,AWS_MAA,drift,Temperature drifted by 2.93
2026-08-29T01:01:44.818877,AWS_AMD,drift,Temperature drifted by 2.38
2026-08-29T01:01:44.826240,AWS_STV,frozen_value,Values frozen
2026-08-29T01:01:44.830792,AWS_JAI,spatial_outlier,Deviating from spatial trend
2026-08-29T01:01:44.835551,AWS_LKO,frozen_value,Values frozen
2026-08-29T01:01:44.846000,AWS_NAG,drift,Temperature drifted by 0.32
2026-08-29T01:01:44.851860,AWS_IDR,frozen_value,Values frozen
2026-08-29T01:01:44.854409,AWS_BHO,drift,Temperature drifted by 1.13
2026-08-29T01:01:46.858657,AWS_DEL,drift,Temperature drifted by 1.11
2026-08-29T01:01:46.867254,AWS_MAA,drift,Temperature drifted by 3.12
2026-08-29T01:01:46.870161,AWS_CCU,drift,Temperature drifted by 0.13
2026-08-29T01:01:46.874510,AWS_AMD,drift,Temperature drifted by 2.66
2026-08-29T01:01:46.878382,AWS_STV,frozen_value,Values frozen
2026-08-29T01:01:46.882211,AWS_LKO,frozen_value,Values frozen
2026-08-29T01:01:46.885168,AWS_NAG,drift,Temperature drifted by 0.68
2026-08-29T01:01:46.887799,AWS_IDR,cross_parameter_inconsistency,Physically inconsistent state
2026-08-29T01:01:46.889992,AWS_BHO,drift,Temperature drifted by 1.43
2026-08-29T01:01:48.893558,AWS_DEL,drift,Temperature drifted by 1.23
2026-08-29T01:01:48.897101,AWS_MAA,drift,Temperature drifted by 3.46
2026-08-29T01:01:48.899091,AWS_CCU,drift,Temperature drifted by 0.50
2026-08-29T01:01:48.904328,AWS_AMD,drift,Temperature drifted by 2.99
2026-08-29T01:01:48.906460,AWS_STV,frozen_value,Values frozen
2026-08-29T01:01:48.910823,AWS_LKO,frozen_value,Values frozen
2026-08-29T01:01:48.913435,AWS_NAG,drift,Temperature drifted by 1.16
2026-08-29T01:01:48.916129,AWS_BHO,drift,Temperature drifted by 1.56
2026-08-29T01:01:50.925376,AWS_DEL,drift,Temperature drifted by 1.39
2026-08-29T01:01:50.933393,AWS_MAA,drift,Temperature drifted by 3.84
2026-08-29T01:01:50.936114,AWS_CCU,drift,Temperature drifted by 0.97
2026-08-29T01:01:50.940395,AWS_AMD,drift,Temperature drifted by 3.10
2026-08-29T01:01:50.942381,AWS_STV,frozen_value,Values frozen
2026-08-29T01:01:50.944939,AWS_JAI,spike,pressure spiked by 140.03
2026-08-29T01:01:50.948171,AWS_LKO,frozen_value,Values frozen
2026-08-29T01:01:50.951980,AWS_NAG,drift,Temperature drifted by 1.53
2026-08-29T01:01:50.956276,AWS_BHO,drift,Temperature drifted by 1.90
2026-08-29T01:01:52.959448,AWS_MUM,dropout,Reading dropped
2026-08-29T01:01:52.961875,AWS_DEL,drift,Temperature drifted by 1.75
2026-08-29T01:01:52.969371,AWS_MAA,dropout,Reading dropped
2026-08-29T01:01:52.970681,AWS_CCU,drift,Temperature drifted by 1.27
2026-08-29T01:01:52.974704,AWS_AMD,drift,Temperature drifted by 3.54
2026-08-29T01:01:52.977269,AWS_STV,frozen_value,Values frozen
2026-08-29T01:01:52.983679,AWS_LKO,frozen_value,Values frozen
2026-08-29T01:01:52.988700,AWS_NAG,drift,Temperature drifted by 1.75
2026-08-29T01:01:52.994470,AWS_BHO,drift,Temperature drifted by 2.30
2026-08-29T01:01:54.999438,AWS_MUM,dropout,Reading dropped
2026-08-29T01:01:55.000885,AWS_DEL,drift,Temperature drifted by 2.10
2026-08-29T01:01:55.004086,AWS_BLR,drift,Temperature drifted by 0.29
2026-08-29T01:01:55.011419,AWS_MAA,dropout,Reading dropped
2026-08-29T01:01:55.013829,AWS_CCU,drift,Temperature drifted by 1.64
2026-08-29T01:01:55.018369,AWS_AMD,drift,Temperature drifted by 4.01
2026-08-29T01:01:55.021864,AWS_STV,frozen_value,Values frozen
2026-08-29T01:01:55.031216,AWS_JAI,spatial_outlier,Deviating from spatial trend
2026-08-29T01:01:55.040516,AWS_LKO,frozen_value,Values frozen
2026-08-29T01:01:55.052202,AWS_NAG,drift,Temperature drifted by 2.08
2026-08-29T01:01:55.059210,AWS_IDR,spatial_outlier,Deviating from spatial trend
2026-08-29T01:01:55.066526,AWS_BHO,drift,Temperature drifted by 2.48
2026-08-29T01:01:57.074966,AWS_MUM,dropout,Reading dropped
2026-08-29T01:01:57.080365,AWS_BLR,drift,Temperature drifted by 0.65
2026-08-29T01:01:57.086429,AWS_MAA,dropout,Reading dropped
2026-08-29T01:01:57.087732,AWS_CCU,drift,Temperature drifted by 1.92
2026-08-29T01:01:57.090618,AWS_PNQ,dropout,Reading dropped
2026-08-29T01:01:57.098423,AWS_LKO,frozen_value,Values frozen
2026-08-29T01:01:57.102550,AWS_NAG,drift,Temperature drifted by 2.34
2026-08-29T01:01:57.106629,AWS_BHO,drift,Temperature drifted by 2.84
2026-08-29T01:01:59.117377,AWS_BLR,drift,Temperature drifted by 0.82
2026-08-29T01:01:59.132341,AWS_CCU,drift,Temperature drifted by 2.32
2026-08-29T01:01:59.139381,AWS_PNQ,dropout,Reading dropped
2026-08-29T01:01:59.144527,AWS_AMD,dropout,Reading dropped
2026-08-29T01:01:59.151285,AWS_LKO,frozen_value,Values frozen
2026-08-29T01:01:59.158625,AWS_NAG,drift,Temperature drifted by 2.69
2026-08-29T01:01:59.164229,AWS_BHO,drift,Temperature drifted by 2.94
2026-08-29T01:02:01.187946,AWS_BLR,drift,Temperature drifted by 1.25
2026-08-29T01:02:01.192912,AWS_HYD,cross_parameter_inconsistency,Physically inconsistent state
2026-08-29T01:02:01.204385,AWS_CCU,drift,Temperature drifted by 2.70
2026-08-29T01:02:01.216806,AWS_STV,cross_parameter_inconsistency,Physically inconsistent state
2026-08-29T01:02:01.256484,AWS_BHO,drift,Temperature drifted by 3.29
2026-08-29T01:02:03.270936,AWS_BLR,drift,Temperature drifted by 1.54
2026-08-29T01:02:03.284378,AWS_CCU,drift,Temperature drifted by 3.00
2026-08-29T01:02:03.296615,AWS_KNP,frozen_value,Values frozen
2026-08-29T01:02:03.299104,AWS_NAG,spatial_outlier,Deviating from spatial trend
2026-08-29T01:02:03.307186,AWS_BHO,drift,Temperature drifted by 3.43
2026-08-29T01:02:05.319998,AWS_DEL,frozen_value,Values frozen
2026-08-29T01:02:05.336370,AWS_BLR,drift,Temperature drifted by 1.84
2026-08-29T01:02:05.348614,AWS_MAA,drift,Temperature drifted by 0.48
2026-08-29T01:02:05.355979,AWS_CCU,drift,Temperature drifted by 3.41
2026-08-29T01:02:05.370847,AWS_JAI,spatial_outlier,Deviating from spatial trend
2026-08-29T01:02:05.378210,AWS_KNP,frozen_value,Values frozen
2026-08-29T01:02:05.385404,AWS_BHO,drift,Temperature drifted by 3.75
2026-08-29T01:02:07.402225,AWS_DEL,frozen_value,Values frozen
2026-08-29T01:02:07.414688,AWS_BLR,drift,Temperature drifted by 2.06
2026-08-29T01:02:07.418222,AWS_MAA,drift,Temperature drifted by 0.66
2026-08-29T01:02:07.422761,AWS_CCU,drift,Temperature drifted by 3.60
2026-08-29T01:02:07.428832,AWS_AMD,dropout,Reading dropped
2026-08-29T01:02:07.431857,AWS_JAI,spike,humidity spiked by 20.57
2026-08-29T01:02:07.433845,AWS_LKO,drift,Temperature drifted by 0.22
2026-08-29T01:02:07.441665,AWS_KNP,frozen_value,Values frozen
2026-08-29T01:02:09.455135,AWS_DEL,frozen_value,Values frozen
2026-08-29T01:02:09.462547,AWS_BLR,spike,humidity spiked by -25.98
2026-08-29T01:02:09.466272,AWS_MAA,drift,Temperature drifted by 0.81
2026-08-29T01:02:09.469402,AWS_CCU,drift,Temperature drifted by 3.71
2026-08-29T01:02:09.474849,AWS_STV,spike,temperature spiked by 15.44
2026-08-29T01:02:09.479539,AWS_LKO,drift,Temperature drifted by 0.66
2026-08-29T01:02:09.482329,AWS_KNP,frozen_value,Values frozen
2026-08-29T01:02:11.491146,AWS_DEL,frozen_value,Values frozen
2026-08-29T01:02:11.496102,AWS_MAA,drift,Temperature drifted by 1.15
2026-08-29T01:02:11.498603,AWS_CCU,drift,Temperature drifted by 3.98
2026-08-29T01:02:11.503688,AWS_PNQ,spatial_outlier,Deviating from spatial trend
2026-08-29T01:02:11.508003,AWS_JAI,frozen_value,Values frozen
2026-08-29T01:02:11.511518,AWS_LKO,drift,Temperature drifted by 0.96
2026-08-29T01:02:11.515278,AWS_KNP,frozen_value,Values frozen
2026-08-29T01:02:11.517719,AWS_NAG,drift,Temperature drifted by 0.46
2026-08-29T01:02:13.525405,AWS_DEL,frozen_value,Values frozen
2026-08-29T01:02:13.528760,AWS_HYD,frozen_value,Values frozen
2026-08-29T01:02:13.530311,AWS_MAA,drift,Temperature drifted by 1.54
2026-08-29T01:02:13.531827,AWS_CCU,drift,Temperature drifted by 4.31
2026-08-29T01:02:13.537913,AWS_JAI,frozen_value,Values frozen
2026-08-29T01:02:13.546904,AWS_LKO,drift,Temperature drifted by 1.42
2026-08-29T01:02:13.562878,AWS_KNP,frozen_value,Values frozen
2026-08-29T01:02:13.566434,AWS_NAG,drift,Temperature drifted by 0.84
2026-08-29T01:02:15.573825,AWS_DEL,frozen_value,Values frozen
2026-08-29T01:02:15.589906,AWS_BLR,spike,humidity spiked by -13.98
2026-08-29T01:02:15.594875,AWS_HYD,frozen_value,Values frozen
2026-08-29T01:02:15.599158,AWS_MAA,drift,Temperature drifted by 1.70
2026-08-29T01:02:15.617239,AWS_JAI,frozen_value,Values frozen
2026-08-29T01:02:15.621432,AWS_LKO,drift,Temperature drifted by 1.67
2026-08-29T01:02:15.628704,AWS_KNP,frozen_value,Values frozen
2026-08-29T01:02:15.635398,AWS_NAG,drift,Temperature drifted by 1.24
2026-08-29T01:02:17.684918,AWS_DEL,frozen_value,Values frozen
2026-08-29T01:02:17.697391,AWS_HYD,frozen_value,Values frozen
2026-08-29T01:02:17.704451,AWS_MAA,drift,Temperature drifted by 2.19
2026-08-29T01:02:17.719670,AWS_CCU,spike,temperature spiked by 15.94
2026-08-29T01:02:17.754853,AWS_JAI,frozen_value,Values frozen
2026-08-29T01:02:17.758897,AWS_LKO,drift,Temperature drifted by 2.17
2026-08-29T01:02:17.765224,AWS_NAG,drift,Temperature drifted by 1.53
2026-08-29T01:02:19.772442,AWS_MUM,frozen_value,Values frozen
2026-08-29T01:02:19.783380,AWS_DEL,frozen_value,Values frozen
2026-08-29T01:02:19.793446,AWS_HYD,frozen_value,Values frozen
2026-08-29T01:02:19.796012,AWS_MAA,drift,Temperature drifted by 2.56
2026-08-29T01:02:19.800146,AWS_PNQ,spatial_outlier,Deviating from spatial trend
2026-08-29T01:02:19.802673,AWS_AMD,spike,temperature spiked by -11.21
2026-08-29T01:02:19.807337,AWS_JAI,frozen_value,Values frozen
2026-08-29T01:02:19.809956,AWS_LKO,drift,Temperature drifted by 2.65
2026-08-29T01:02:19.815810,AWS_NAG,drift,Temperature drifted by 1.94
2026-08-29T01:02:21.820772,AWS_MUM,frozen_value,Values frozen
2026-08-29T01:02:21.828554,AWS_HYD,frozen_value,Values frozen
2026-08-29T01:02:21.834867,AWS_MAA,drift,Temperature drifted by 3.00
2026-08-29T01:02:21.854454,AWS_JAI,frozen_value,Values frozen
2026-08-29T01:02:21.866107,AWS_LKO,drift,Temperature drifted by 2.80
2026-08-29T01:02:21.870471,AWS_KNP,spike,pressure spiked by 86.97
2026-08-29T01:02:21.876198,AWS_IDR,dropout,Reading dropped
2026-08-29T01:02:23.884132,AWS_MUM,frozen_value,Values frozen
2026-08-29T01:02:23.889848,AWS_MAA,drift,Temperature drifted by 3.15
2026-08-29T01:02:23.903362,AWS_AMD,cross_parameter_inconsistency,Physically inconsistent state
2026-08-29T01:02:23.912935,AWS_JAI,frozen_value,Values frozen
2026-08-29T01:02:23.915585,AWS_LKO,drift,Temperature drifted by 3.29
2026-08-29T01:02:23.920880,AWS_IDR,dropout,Reading dropped
2026-08-29T01:02:25.923786,AWS_MUM,frozen_value,Values frozen
2026-08-29T01:02:25.934155,AWS_MAA,drift,Temperature drifted by 3.32
2026-08-29T01:02:25.939712,AWS_PNQ,spike,pressure spiked by 94.49
2026-08-29T01:02:25.943998,AWS_JAI,frozen_value,Values frozen
2026-08-29T01:02:25.946096,AWS_LKO,drift,Temperature drifted by 3.47
2026-08-29T01:02:25.951146,AWS_IDR,spike,humidity spiked by -25.42
2026-08-29T01:02:27.959386,AWS_MUM,frozen_value,Values frozen
2026-08-29T01:02:27.965635,AWS_CCU,drift,Temperature drifted by 0.22
2026-08-29T01:02:27.971248,AWS_JAI,frozen_value,Values frozen
2026-08-29T01:02:29.990097,AWS_MUM,frozen_value,Values frozen
2026-08-29T01:02:30.000039,AWS_CCU,drift,Temperature drifted by 0.40
2026-08-29T01:02:30.008538,AWS_KNP,drift,Temperature drifted by 0.24
2026-08-29T01:02:32.015397,AWS_MUM,frozen_value,Values frozen
2026-08-29T01:02:32.018692,AWS_CCU,drift,Temperature drifted by 0.77
2026-08-29T01:02:32.019786,AWS_PNQ,frozen_value,Values frozen
2026-08-29T01:02:32.021454,AWS_STV,drift,Temperature drifted by 0.22
2026-08-29T01:02:32.028208,AWS_LKO,frozen_value,Values frozen
2026-08-29T01:02:32.033087,AWS_KNP,drift,Temperature drifted by 0.73
2026-08-29T01:02:32.036698,AWS_IDR,dropout,Reading dropped
2026-08-29T01:02:34.039661,AWS_MUM,frozen_value,Values frozen
2026-08-29T01:02:34.042522,AWS_BLR,frozen_value,Values frozen
2026-08-29T01:02:34.044583,AWS_CCU,drift,Temperature drifted by 1.12
2026-08-29T01:02:34.045682,AWS_PNQ,frozen_value,Values frozen
2026-08-29T01:02:34.047278,AWS_STV,drift,Temperature drifted by 0.64
2026-08-29T01:02:34.052404,AWS_LKO,frozen_value,Values frozen
2026-08-29T01:02:34.055412,AWS_KNP,drift,Temperature drifted by 0.90
2026-08-29T01:02:34.061538,AWS_IDR,dropout,Reading dropped
2026-08-29T01:02:36.065693,AWS_MUM,frozen_value,Values frozen
2026-08-29T01:02:36.068918,AWS_BLR,frozen_value,Values frozen
2026-08-29T01:02:36.072185,AWS_CCU,drift,Temperature drifted by 1.35
2026-08-29T01:02:36.074110,AWS_PNQ,frozen_value,Values frozen
2026-08-29T01:02:36.079390,AWS_STV,drift,Temperature drifted by 0.90
2026-08-29T01:02:36.089094,AWS_LKO,frozen_value,Values frozen
2026-08-29T01:02:36.093873,AWS_KNP,drift,Temperature drifted by 1.31
2026-08-29T01:02:36.097149,AWS_NAG,dropout,Reading dropped
2026-08-29T01:02:36.098285,AWS_IDR,dropout,Reading dropped
2026-08-29T01:02:38.101565,AWS_MUM,frozen_value,Values frozen
2026-08-29T01:02:38.104302,AWS_BLR,frozen_value,Values frozen
2026-08-29T01:02:38.105867,AWS_HYD,drift,Temperature drifted by 0.39
2026-08-29T01:02:38.108073,AWS_CCU,drift,Temperature drifted by 1.59
2026-08-29T01:02:38.111585,AWS_PNQ,frozen_value,Values frozen
2026-08-29T01:02:38.114218,AWS_STV,drift,Temperature drifted by 1.14
2026-08-29T01:02:38.115861,AWS_JAI,dropout,Reading dropped
2026-08-29T01:02:38.116938,AWS_LKO,frozen_value,Values frozen
2026-08-29T01:02:38.118515,AWS_KNP,drift,Temperature drifted by 1.46
2026-08-29T01:02:38.121075,AWS_NAG,dropout,Reading dropped
2026-08-29T01:02:40.125112,AWS_MUM,frozen_value,Values frozen
2026-08-29T01:02:40.133599,AWS_BLR,frozen_value,Values frozen
2026-08-29T01:02:40.137780,AWS_HYD,drift,Temperature drifted by 0.78
2026-08-29T01:02:40.143911,AWS_PNQ,frozen_value,Values frozen
2026-08-29T01:02:40.146068,AWS_AMD,spike,humidity spiked by -25.61
2026-08-29T01:02:40.149071,AWS_STV,drift,Temperature drifted by 1.50
2026-08-29T01:02:40.150809,AWS_JAI,dropout,Reading dropped
2026-08-29T01:02:40.159013,AWS_LKO,frozen_value,Values frozen
2026-08-29T01:02:40.161572,AWS_KNP,drift,Temperature drifted by 1.69
2026-08-29T01:02:40.163572,AWS_NAG,dropout,Reading dropped
2026-08-29T01:02:42.167703,AWS_MUM,frozen_value,Values frozen
2026-08-29T01:02:42.171709,AWS_BLR,frozen_value,Values frozen
2026-08-29T01:02:42.181377,AWS_HYD,drift,Temperature drifted by 0.92
2026-08-29T01:02:42.191168,AWS_PNQ,frozen_value,Values frozen
2026-08-29T01:02:42.198852,AWS_STV,drift,Temperature drifted by 1.98
2026-08-29T01:02:42.201335,AWS_JAI,dropout,Reading dropped
2026-08-29T01:02:42.202514,AWS_LKO,frozen_value,Values frozen
2026-08-29T01:02:42.205519,AWS_KNP,drift,Temperature drifted by 1.80
2026-08-29T01:02:44.213271,AWS_MUM,frozen_value,Values frozen
2026-08-29T01:02:44.220616,AWS_BLR,frozen_value,Values frozen
2026-08-29T01:02:44.223795,AWS_HYD,drift,Temperature drifted by 1.40
2026-08-29T01:02:44.226796,AWS_MAA,spike,pressure spiked by 135.47
2026-08-29T01:02:44.229911,AWS_PNQ,frozen_value,Values frozen
2026-08-29T01:02:44.231879,AWS_AMD,dropout,Reading dropped
2026-08-29T01:02:44.233870,AWS_STV,drift,Temperature drifted by 2.14
2026-08-29T01:02:44.236138,AWS_LKO,frozen_value,Values frozen
2026-08-29T01:02:44.237920,AWS_KNP,dropout,Reading dropped
2026-08-29T01:02:44.239228,AWS_NAG,drift,Temperature drifted by 0.44
2026-08-29T01:02:44.242803,AWS_BHO,spatial_outlier,Deviating from spatial trend
2026-08-29T01:02:46.245726,AWS_MUM,frozen_value,Values frozen
2026-08-29T01:02:46.248312,AWS_DEL,spike,humidity spiked by -26.99
2026-08-29T01:02:46.253055,AWS_BLR,frozen_value,Values frozen
2026-08-29T01:02:46.255544,AWS_HYD,drift,Temperature drifted by 1.62
2026-08-29T01:02:46.261272,AWS_PNQ,frozen_value,Values frozen
2026-08-29T01:02:46.272677,AWS_NAG,drift,Temperature drifted by 0.60
2026-08-29T01:02:46.278412,AWS_BHO,spatial_outlier,Deviating from spatial trend
2026-08-29T01:02:48.282342,AWS_MUM,spatial_outlier,Deviating from spatial trend
2026-08-29T01:02:48.285003,AWS_BLR,frozen_value,Values frozen
2026-08-29T01:02:48.286607,AWS_HYD,drift,Temperature drifted by 2.07
2026-08-29T01:02:48.289651,AWS_PNQ,frozen_value,Values frozen
2026-08-29T01:02:48.293919,AWS_AMD,drift,Temperature drifted by 0.33
2026-08-29T01:02:48.298542,AWS_NAG,drift,Temperature drifted by 0.84
2026-08-29T01:02:50.307082,AWS_BLR,frozen_value,Values frozen
2026-08-29T01:02:50.314270,AWS_HYD,drift,Temperature drifted by 2.46
2026-08-29T01:02:50.318672,AWS_MAA,frozen_value,Values frozen
2026-08-29T01:02:50.325751,AWS_PNQ,frozen_value,Values frozen
2026-08-29T01:02:50.330328,AWS_AMD,drift,Temperature drifted by 0.79
2026-08-29T01:02:50.335167,AWS_JAI,spike,pressure spiked by 89.26
2026-08-29T01:02:50.337646,AWS_LKO,cross_parameter_inconsistency,Physically inconsistent state
2026-08-29T01:02:50.341884,AWS_NAG,drift,Temperature drifted by 1.09
2026-08-29T01:02:52.378125,AWS_BLR,frozen_value,Values frozen
2026-08-29T01:02:52.395091,AWS_HYD,drift,Temperature drifted by 2.73
2026-08-29T01:02:52.406559,AWS_MAA,frozen_value,Values frozen
2026-08-29T01:02:52.417707,AWS_CCU,cross_parameter_inconsistency,Physically inconsistent state
2026-08-29T01:02:52.422697,AWS_PNQ,frozen_value,Values frozen
2026-08-29T01:02:52.430419,AWS_AMD,drift,Temperature drifted by 1.14
2026-08-29T01:02:52.440316,AWS_KNP,spatial_outlier,Deviating from spatial trend
2026-08-29T01:02:52.448238,AWS_NAG,drift,Temperature drifted by 1.31
2026-08-29T01:02:54.464703,AWS_BLR,frozen_value,Values frozen
2026-08-29T01:02:54.473928,AWS_MAA,frozen_value,Values frozen
2026-08-29T01:02:54.493105,AWS_PNQ,frozen_value,Values frozen
2026-08-29T01:02:54.512009,AWS_AMD,drift,Temperature drifted by 1.29
2026-08-29T01:02:54.543096,AWS_NAG,drift,Temperature drifted by 1.43
2026-08-29T01:02:56.555151,AWS_DEL,frozen_value,Values frozen
2026-08-29T01:02:56.561617,AWS_BLR,dropout,Reading dropped
2026-08-29T01:02:56.568301,AWS_MAA,frozen_value,Values frozen
2026-08-29T01:02:56.575281,AWS_PNQ,frozen_value,Values frozen
2026-08-29T01:02:56.577486,AWS_AMD,drift,Temperature drifted by 1.43
2026-08-29T01:02:56.582740,AWS_JAI,spatial_outlier,Deviating from spatial trend
2026-08-29T01:02:56.589680,AWS_NAG,drift,Temperature drifted by 1.67
2026-08-29T01:02:58.596834,AWS_DEL,frozen_value,Values frozen
2026-08-29T01:02:58.600438,AWS_BLR,dropout,Reading dropped
2026-08-29T01:02:58.603533,AWS_MAA,frozen_value,Values frozen
2026-08-29T01:02:58.609410,AWS_PNQ,frozen_value,Values frozen
2026-08-29T01:02:58.611556,AWS_AMD,drift,Temperature drifted by 1.54
2026-08-29T01:02:58.622776,AWS_NAG,drift,Temperature drifted by 1.90
2026-08-29T01:02:58.626583,AWS_IDR,dropout,Reading dropped
2026-08-29T01:03:00.630453,AWS_DEL,frozen_value,Values frozen
2026-08-29T01:03:00.635513,AWS_MAA,frozen_value,Values frozen
2026-08-29T01:03:00.640804,AWS_AMD,drift,Temperature drifted by 1.82
2026-08-29T01:03:00.643958,AWS_STV,drift,Temperature drifted by 0.34
2026-08-29T01:03:00.648693,AWS_JAI,dropout,Reading dropped
2026-08-29T01:03:00.650221,AWS_LKO,spatial_outlier,Deviating from spatial trend
2026-08-29T01:03:00.654243,AWS_NAG,drift,Temperature drifted by 2.13
2026-08-29T01:03:02.662334,AWS_DEL,frozen_value,Values frozen
2026-08-29T01:03:02.668827,AWS_BLR,drift,Temperature drifted by 0.16
2026-08-29T01:03:02.682676,AWS_MAA,frozen_value,Values frozen
2026-08-29T01:03:02.696957,AWS_AMD,drift,Temperature drifted by 2.20
2026-08-29T01:03:02.703105,AWS_STV,drift,Temperature drifted by 0.63
2026-08-29T01:03:02.707527,AWS_JAI,dropout,Reading dropped
2026-08-29T01:03:02.717729,AWS_NAG,drift,Temperature drifted by 2.44
2026-08-29T01:03:02.726610,AWS_BHO,dropout,Reading dropped
2026-08-29T01:03:04.731397,AWS_DEL,frozen_value,Values frozen
2026-08-29T01:03:04.739011,AWS_BLR,drift,Temperature drifted by 0.49
2026-08-29T01:03:04.744439,AWS_MAA,spike,humidity spiked by 14.87
2026-08-29T01:03:04.750913,AWS_CCU,dropout,Reading dropped
2026-08-29T01:03:04.754742,AWS_AMD,drift,Temperature drifted by 2.50
2026-08-29T01:03:04.758608,AWS_STV,drift,Temperature drifted by 1.08
2026-08-29T01:03:04.764962,AWS_JAI,cross_parameter_inconsistency,Physically inconsistent state
2026-08-29T01:03:04.769650,AWS_LKO,dropout,Reading dropped
2026-08-29T01:03:04.773359,AWS_NAG,drift,Temperature drifted by 2.63
2026-08-29T01:03:04.787450,AWS_BHO,dropout,Reading dropped
2026-08-29T01:03:06.791044,AWS_MUM,dropout,Reading dropped
2026-08-29T01:03:06.792319,AWS_DEL,frozen_value,Values frozen
2026-08-29T01:03:06.797962,AWS_BLR,drift,Temperature drifted by 0.69
2026-08-29T01:03:06.809180,AWS_CCU,dropout,Reading dropped
2026-08-29T01:03:06.815849,AWS_AMD,drift,Temperature drifted by 2.65
2026-08-29T01:03:06.821095,AWS_STV,drift,Temperature drifted by 1.23
2026-08-29T01:03:06.828846,AWS_LKO,dropout,Reading dropped
2026-08-29T01:03:06.830703,AWS_NAG,drift,Temperature drifted by 2.76
2026-08-29T01:03:08.844033,AWS_MUM,dropout,Reading dropped
2026-08-29T01:03:08.846099,AWS_DEL,frozen_value,Values frozen
2026-08-29T01:03:08.849702,AWS_BLR,drift,Temperature drifted by 1.16
2026-08-29T01:03:08.852276,AWS_HYD,dropout,Reading dropped
2026-08-29T01:03:08.854195,AWS_CCU,dropout,Reading dropped
2026-08-29T01:03:08.858935,AWS_AMD,drift,Temperature drifted by 2.76
2026-08-29T01:03:08.861847,AWS_STV,drift,Temperature drifted by 1.43
2026-08-29T01:03:08.866582,AWS_LKO,dropout,Reading dropped
2026-08-29T01:03:08.874145,AWS_NAG,drift,Temperature drifted by 3.07
2026-08-29T01:03:10.894771,AWS_DEL,frozen_value,Values frozen
2026-08-29T01:03:10.906429,AWS_BLR,drift,Temperature drifted by 1.44
2026-08-29T01:03:10.931414,AWS_STV,drift,Temperature drifted by 1.59
2026-08-29T01:03:10.942270,AWS_JAI,dropout,Reading dropped
2026-08-29T01:03:10.943514,AWS_LKO,dropout,Reading dropped
2026-08-29T01:03:10.950716,AWS_NAG,drift,Temperature drifted by 3.48
2026-08-29T01:03:12.972224,AWS_DEL,frozen_value,Values frozen
2026-08-29T01:03:12.975675,AWS_BLR,drift,Temperature drifted by 1.86
2026-08-29T01:03:12.982165,AWS_MAA,spike,pressure spiked by -59.31
2026-08-29T01:03:12.984585,AWS_CCU,dropout,Reading dropped
2026-08-29T01:03:12.989370,AWS_AMD,spike,temperature spiked by -28.52
2026-08-29T01:03:12.997384,AWS_STV,drift,Temperature drifted by 2.08
2026-08-29T01:03:13.001570,AWS_JAI,dropout,Reading dropped
2026-08-29T01:03:13.004024,AWS_LKO,dropout,Reading dropped
2026-08-29T01:03:13.008748,AWS_NAG,drift,Temperature drifted by 3.76
2026-08-29T01:03:15.024919,AWS_DEL,frozen_value,Values frozen
2026-08-29T01:03:15.030662,AWS_BLR,drift,Temperature drifted by 2.14
2026-08-29T01:03:15.052177,AWS_CCU,dropout,Reading dropped
2026-08-29T01:03:15.061723,AWS_JAI,dropout,Reading dropped
2026-08-29T01:03:15.063381,AWS_LKO,dropout,Reading dropped
2026-08-29T01:03:15.075329,AWS_IDR,spatial_outlier,Deviating from spatial trend
2026-08-29T01:03:17.085155,AWS_DEL,frozen_value,Values frozen
2026-08-29T01:03:17.087485,AWS_BLR,drift,Temperature drifted by 2.28
2026-08-29T01:03:17.091975,AWS_CCU,dropout,Reading dropped
2026-08-29T01:03:17.097778,AWS_LKO,dropout,Reading dropped
2026-08-29T01:03:17.100311,AWS_NAG,dropout,Reading dropped
2026-08-29T01:03:17.102633,AWS_BHO,spatial_outlier,Deviating from spatial trend
2026-08-29T01:03:19.109642,AWS_DEL,frozen_value,Values frozen
2026-08-29T01:03:19.118779,AWS_BLR,drift,Temperature drifted by 2.61
2026-08-29T01:03:19.122890,AWS_MAA,drift,Temperature drifted by 0.28
2026-08-29T01:03:19.125489,AWS_CCU,frozen_value,Values frozen
2026-08-29T01:03:19.130852,AWS_AMD,drift,Temperature drifted by 0.42
2026-08-29T01:03:19.132344,AWS_STV,spatial_outlier,Deviating from spatial trend
2026-08-29T01:03:19.137575,AWS_JAI,spatial_outlier,Deviating from spatial trend
2026-08-29T01:03:19.140103,AWS_LKO,spike,pressure spiked by 57.37
2026-08-29T01:03:19.142260,AWS_KNP,dropout,Reading dropped
2026-08-29T01:03:19.143450,AWS_NAG,dropout,Reading dropped
2026-08-29T01:03:21.154846,AWS_DEL,frozen_value,Values frozen
2026-08-29T01:03:21.157960,AWS_BLR,drift,Temperature drifted by 3.06
2026-08-29T01:03:21.160344,AWS_HYD,spatial_outlier,Deviating from spatial trend
2026-08-29T01:03:21.163799,AWS_MAA,drift,Temperature drifted by 0.65
2026-08-29T01:03:21.165656,AWS_CCU,frozen_value,Values frozen
2026-08-29T01:03:21.168443,AWS_AMD,drift,Temperature drifted by 0.75
2026-08-29T01:03:21.173790,AWS_KNP,dropout,Reading dropped
2026-08-29T01:03:23.186267,AWS_DEL,frozen_value,Values frozen
2026-08-29T01:03:23.189557,AWS_BLR,drift,Temperature drifted by 3.39
2026-08-29T01:03:23.197113,AWS_MAA,drift,Temperature drifted by 1.12
2026-08-29T01:03:23.201912,AWS_CCU,frozen_value,Values frozen
2026-08-29T01:03:23.208018,AWS_AMD,drift,Temperature drifted by 1.00
2026-08-29T01:03:23.216464,AWS_KNP,dropout,Reading dropped
2026-08-29T01:03:23.218651,AWS_IDR,frozen_value,Values frozen
2026-08-29T01:03:25.224145,AWS_DEL,frozen_value,Values frozen
2026-08-29T01:03:25.227177,AWS_BLR,drift,Temperature drifted by 3.67
2026-08-29T01:03:25.229730,AWS_HYD,cross_parameter_inconsistency,Physically inconsistent state
2026-08-29T01:03:25.233235,AWS_MAA,drift,Temperature drifted by 1.40
2026-08-29T01:03:25.235156,AWS_CCU,frozen_value,Values frozen
2026-08-29T01:03:25.238268,AWS_AMD,drift,Temperature drifted by 1.47
2026-08-29T01:03:25.245612,AWS_IDR,frozen_value,Values frozen
2026-08-29T01:03:25.247580,AWS_BHO,spatial_outlier,Deviating from spatial trend
2026-08-29T01:03:27.251941,AWS_DEL,frozen_value,Values frozen
2026-08-29T01:03:27.256206,AWS_BLR,drift,Temperature drifted by 4.01
2026-08-29T01:03:27.260131,AWS_MAA,drift,Temperature drifted by 1.80
2026-08-29T01:03:27.262687,AWS_CCU,frozen_value,Values frozen
2026-08-29T01:03:27.266845,AWS_AMD,drift,Temperature drifted by 1.96
2026-08-29T01:03:27.274043,AWS_IDR,frozen_value,Values frozen
2026-08-29T01:03:29.279775,AWS_DEL,frozen_value,Values frozen
2026-08-29T01:03:29.282461,AWS_BLR,drift,Temperature drifted by 4.35
2026-08-29T01:03:29.289534,AWS_CCU,frozen_value,Values frozen
2026-08-29T01:03:29.292780,AWS_AMD,drift,Temperature drifted by 2.19
2026-08-29T01:03:29.303305,AWS_IDR,frozen_value,Values frozen
2026-08-29T01:03:31.309533,AWS_DEL,frozen_value,Values frozen
2026-08-29T01:03:31.313527,AWS_MAA,spike,humidity spiked by -12.89
2026-08-29T01:03:31.315516,AWS_CCU,frozen_value,Values frozen
2026-08-29T01:03:31.318516,AWS_AMD,drift,Temperature drifted by 2.43
2026-08-29T01:03:31.321318,AWS_JAI,spatial_outlier,Deviating from spatial trend
2026-08-29T01:03:31.326291,AWS_IDR,frozen_value,Values frozen
2026-08-29T01:03:33.333292,AWS_DEL,frozen_value,Values frozen
2026-08-29T01:03:33.342511,AWS_PNQ,cross_parameter_inconsistency,Physically inconsistent state
2026-08-29T01:03:33.348019,AWS_AMD,drift,Temperature drifted by 2.63
2026-08-29T01:03:33.352743,AWS_KNP,frozen_value,Values frozen
2026-08-29T01:03:33.355191,AWS_NAG,dropout,Reading dropped
2026-08-29T01:03:33.356222,AWS_IDR,frozen_value,Values frozen
2026-08-29T01:03:35.395925,AWS_AMD,drift,Temperature drifted by 2.97
2026-08-29T01:03:35.406859,AWS_KNP,frozen_value,Values frozen
2026-08-29T01:03:35.412932,AWS_NAG,dropout,Reading dropped
2026-08-29T01:03:35.416952,AWS_IDR,frozen_value,Values frozen
2026-08-29T01:03:37.469206,AWS_AMD,drift,Temperature drifted by 3.10
2026-08-29T01:03:37.478911,AWS_KNP,frozen_value,Values frozen
2026-08-29T01:03:37.486234,AWS_IDR,frozen_value,Values frozen
2026-08-29T01:03:39.497575,AWS_CCU,cross_parameter_inconsistency,Physically inconsistent state
2026-08-29T01:03:39.500871,AWS_AMD,drift,Temperature drifted by 3.44
2026-08-29T01:03:39.505021,AWS_KNP,frozen_value,Values frozen
2026-08-29T01:03:39.506801,AWS_NAG,spatial_outlier,Deviating from spatial trend
2026-08-29T01:03:39.509901,AWS_IDR,frozen_value,Values frozen
2026-08-29T01:03:41.518429,AWS_BLR,cross_parameter_inconsistency,Physically inconsistent state
2026-08-29T01:03:41.535193,AWS_AMD,drift,Temperature drifted by 3.77
2026-08-29T01:03:41.549968,AWS_KNP,frozen_value,Values frozen
2026-08-29T01:03:41.557190,AWS_IDR,frozen_value,Values frozen
2026-08-29T01:03:43.567893,AWS_BLR,spike,temperature spiked by -22.35
2026-08-29T01:03:43.585987,AWS_AMD,drift,Temperature drifted by 4.09
2026-08-29T01:03:43.595262,AWS_JAI,frozen_value,Values frozen
2026-08-29T01:03:43.604698,AWS_KNP,frozen_value,Values frozen
2026-08-29T01:03:43.611357,AWS_NAG,dropout,Reading dropped
2026-08-29T01:03:43.613179,AWS_IDR,frozen_value,Values frozen
2026-08-29T01:03:45.629217,AWS_CCU,dropout,Reading dropped
2026-08-29T01:03:45.639368,AWS_STV,spike,temperature spiked by -15.34
2026-08-29T01:03:45.645263,AWS_JAI,frozen_value,Values frozen
2026-08-29T01:03:45.650234,AWS_KNP,frozen_value,Values frozen
2026-08-29T01:03:45.656617,AWS_NAG,dropout,Reading dropped
2026-08-29T01:03:45.658463,AWS_IDR,frozen_value,Values frozen
2026-08-29T01:03:47.669715,AWS_BLR,dropout,Reading dropped
2026-08-29T01:03:47.683710,AWS_CCU,dropout,Reading dropped
2026-08-29T01:03:47.685304,AWS_PNQ,cross_parameter_inconsistency,Physically inconsistent state
2026-08-29T01:03:47.695770,AWS_JAI,frozen_value,Values frozen
2026-08-29T01:03:47.703959,AWS_KNP,frozen_value,Values frozen
2026-08-29T01:03:47.711090,AWS_NAG,cross_parameter_inconsistency,Physically inconsistent state
2026-08-29T01:03:47.719158,AWS_IDR,frozen_value,Values frozen
2026-08-29T01:03:49.731086,AWS_MUM,spatial_outlier,Deviating from spatial trend
2026-08-29T01:03:49.737440,AWS_BLR,dropout,Reading dropped
2026-08-29T01:03:49.745845,AWS_CCU,dropout,Reading dropped
2026-08-29T01:03:49.753246,AWS_AMD,dropout,Reading dropped
2026-08-29T01:03:49.763003,AWS_JAI,frozen_value,Values frozen
2026-08-29T01:03:49.774071,AWS_KNP,frozen_value,Values frozen
2026-08-29T01:03:49.781257,AWS_NAG,spike,pressure spiked by 124.24
2026-08-29T01:03:49.784556,AWS_IDR,frozen_value,Values frozen
2026-08-29T01:03:51.806608,AWS_BLR,frozen_value,Values frozen
2026-08-29T01:03:51.861014,AWS_AMD,dropout,Reading dropped
2026-08-29T01:03:51.866562,AWS_JAI,frozen_value,Values frozen
2026-08-29T01:03:51.877549,AWS_KNP,frozen_value,Values frozen
2026-08-29T01:03:51.884773,AWS_IDR,frozen_value,Values frozen
2026-08-29T01:03:53.891143,AWS_MUM,spike,temperature spiked by 26.81
2026-08-29T01:03:53.900598,AWS_DEL,drift,Temperature drifted by 0.29
2026-08-29T01:03:53.909070,AWS_BLR,frozen_value,Values frozen
2026-08-29T01:03:53.918783,AWS_PNQ,spatial_outlier,Deviating from spatial trend
2026-08-29T01:03:53.924567,AWS_JAI,frozen_value,Values frozen
2026-08-29T01:03:53.927360,AWS_KNP,frozen_value,Values frozen
2026-08-29T01:03:55.936577,AWS_DEL,drift,Temperature drifted by 0.65
2026-08-29T01:03:55.940170,AWS_BLR,frozen_value,Values frozen
2026-08-29T01:03:55.960430,AWS_JAI,frozen_value,Values frozen
2026-08-29T01:03:55.967659,AWS_KNP,frozen_value,Values frozen
2026-08-29T01:03:55.970129,AWS_NAG,drift,Temperature drifted by 0.46
2026-08-29T01:03:57.982656,AWS_DEL,drift,Temperature drifted by 0.79
2026-08-29T01:03:57.989118,AWS_BLR,frozen_value,Values frozen
2026-08-29T01:03:58.005090,AWS_AMD,cross_parameter_inconsistency,Physically inconsistent state
2026-08-29T01:03:58.011472,AWS_JAI,frozen_value,Values frozen
2026-08-29T01:03:58.023739,AWS_LKO,spike,humidity spiked by 19.54
2026-08-29T01:03:58.036824,AWS_NAG,drift,Temperature drifted by 0.61
2026-08-29T01:03:58.044434,AWS_BHO,spatial_outlier,Deviating from spatial trend
2026-08-29T01:04:00.064671,AWS_DEL,drift,Temperature drifted by 1.04
2026-08-29T01:04:00.088603,AWS_BLR,frozen_value,Values frozen
2026-08-29T01:04:00.127922,AWS_AMD,cross_parameter_inconsistency,Physically inconsistent state
2026-08-29T01:04:00.145044,AWS_JAI,frozen_value,Values frozen
2026-08-29T01:04:00.168168,AWS_NAG,drift,Temperature drifted by 0.77
2026-08-29T01:04:00.191598,AWS_IDR,dropout,Reading dropped
2026-08-29T01:04:02.220338,AWS_DEL,drift,Temperature drifted by 1.28
2026-08-29T01:04:02.240204,AWS_BLR,frozen_value,Values frozen
2026-08-29T01:04:02.255132,AWS_JAI,frozen_value,Values frozen
2026-08-29T01:04:02.259890,AWS_KNP,cross_parameter_inconsistency,Physically inconsistent state
2026-08-29T01:04:02.261889,AWS_NAG,drift,Temperature drifted by 1.16
2026-08-29T01:04:02.264219,AWS_IDR,dropout,Reading dropped
2026-08-29T01:04:04.280409,AWS_DEL,spike,pressure spiked by 130.23
2026-08-29T01:04:04.286524,AWS_BLR,frozen_value,Values frozen
2026-08-29T01:04:04.294062,AWS_HYD,frozen_value,Values frozen
2026-08-29T01:04:04.296311,AWS_MAA,dropout,Reading dropped
2026-08-29T01:04:04.298803,AWS_PNQ,spike,pressure spiked by 106.06
2026-08-29T01:04:04.304273,AWS_LKO,cross_parameter_inconsistency,Physically inconsistent state
2026-08-29T01:04:04.310003,AWS_NAG,drift,Temperature drifted by 1.63
2026-08-29T01:04:04.312122,AWS_IDR,dropout,Reading dropped
2026-08-29T01:04:06.315192,AWS_DEL,dropout,Reading dropped
2026-08-29T01:04:06.317208,AWS_BLR,frozen_value,Values frozen
2026-08-29T01:04:06.319252,AWS_HYD,frozen_value,Values frozen
2026-08-29T01:04:06.329266,AWS_NAG,drift,Temperature drifted by 2.09
2026-08-29T01:04:06.331769,AWS_BHO,frozen_value,Values frozen
2026-08-29T01:04:08.335610,AWS_MUM,spatial_outlier,Deviating from spatial trend
2026-08-29T01:04:08.338435,AWS_DEL,dropout,Reading dropped
2026-08-29T01:04:08.339739,AWS_BLR,frozen_value,Values frozen
2026-08-29T01:04:08.341745,AWS_HYD,frozen_value,Values frozen
2026-08-29T01:04:08.343612,AWS_MAA,frozen_value,Values frozen
2026-08-29T01:04:08.349807,AWS_AMD,spatial_outlier,Deviating from spatial trend
2026-08-29T01:04:08.353229,AWS_JAI,spatial_outlier,Deviating from spatial trend
2026-08-29T01:04:08.355176,AWS_LKO,spatial_outlier,Deviating from spatial trend
2026-08-29T01:04:08.357989,AWS_IDR,spatial_outlier,Deviating from spatial trend
2026-08-29T01:04:08.361287,AWS_BHO,frozen_value,Values frozen
2026-08-29T01:04:10.364714,AWS_DEL,spike,pressure spiked by -125.32
2026-08-29T01:04:10.368464,AWS_BLR,frozen_value,Values frozen
2026-08-29T01:04:10.370682,AWS_HYD,frozen_value,Values frozen
2026-08-29T01:04:10.374449,AWS_MAA,frozen_value,Values frozen
2026-08-29T01:04:10.382948,AWS_JAI,dropout,Reading dropped
2026-08-29T01:04:10.385065,AWS_LKO,cross_parameter_inconsistency,Physically inconsistent state
2026-08-29T01:04:10.393419,AWS_BHO,frozen_value,Values frozen
2026-08-29T01:04:12.400838,AWS_BLR,frozen_value,Values frozen
2026-08-29T01:04:12.403454,AWS_HYD,frozen_value,Values frozen
2026-08-29T01:04:12.405597,AWS_MAA,frozen_value,Values frozen
2026-08-29T01:04:12.411939,AWS_PNQ,frozen_value,Values frozen
2026-08-29T01:04:12.428351,AWS_BHO,frozen_value,Values frozen
2026-08-29T01:04:14.432124,AWS_MUM,frozen_value,Values frozen
2026-08-29T01:04:14.455486,AWS_BLR,frozen_value,Values frozen
2026-08-29T01:04:14.468446,AWS_HYD,frozen_value,Values frozen
2026-08-29T01:04:14.477811,AWS_MAA,frozen_value,Values frozen
2026-08-29T01:04:14.483770,AWS_PNQ,frozen_value,Values frozen
2026-08-29T01:04:14.508184,AWS_IDR,cross_parameter_inconsistency,Physically inconsistent state
2026-08-29T01:04:14.511294,AWS_BHO,frozen_value,Values frozen
2026-08-29T01:04:16.517792,AWS_MUM,frozen_value,Values frozen
2026-08-29T01:04:16.536673,AWS_BLR,frozen_value,Values frozen
2026-08-29T01:04:16.544382,AWS_MAA,frozen_value,Values frozen
2026-08-29T01:04:16.550379,AWS_PNQ,frozen_value,Values frozen
2026-08-29T01:04:16.563849,AWS_BHO,frozen_value,Values frozen
2026-08-29T01:04:18.569557,AWS_MUM,frozen_value,Values frozen
2026-08-29T01:04:18.577362,AWS_MAA,frozen_value,Values frozen
2026-08-29T01:04:18.579825,AWS_CCU,spatial_outlier,Deviating from spatial trend
2026-08-29T01:04:18.584801,AWS_PNQ,frozen_value,Values frozen
2026-08-29T01:04:18.595320,AWS_NAG,cross_parameter_inconsistency,Physically inconsistent state
2026-08-29T01:04:18.600382,AWS_BHO,frozen_value,Values frozen
2026-08-29T01:04:20.607096,AWS_MUM,frozen_value,Values frozen
2026-08-29T01:04:20.627154,AWS_MAA,frozen_value,Values frozen
2026-08-29T01:04:20.631650,AWS_PNQ,frozen_value,Values frozen
2026-08-29T01:04:20.644572,AWS_NAG,dropout,Reading dropped
2026-08-29T01:04:20.647674,AWS_BHO,frozen_value,Values frozen
2026-08-29T01:04:22.652474,AWS_MUM,frozen_value,Values frozen
2026-08-29T01:04:22.670619,AWS_MAA,frozen_value,Values frozen
2026-08-29T01:04:22.680158,AWS_PNQ,frozen_value,Values frozen
2026-08-29T01:04:22.712299,AWS_BHO,frozen_value,Values frozen
2026-08-29T01:04:24.719472,AWS_MUM,frozen_value,Values frozen
2026-08-29T01:04:24.727190,AWS_MAA,frozen_value,Values frozen
2026-08-29T01:04:24.733523,AWS_PNQ,frozen_value,Values frozen
2026-08-29T01:04:24.747957,AWS_JAI,spatial_outlier,Deviating from spatial trend
2026-08-29T01:04:24.751830,AWS_LKO,spike,temperature spiked by 24.27
2026-08-29T01:04:26.766510,AWS_MUM,frozen_value,Values frozen
2026-08-29T01:04:26.769891,AWS_BLR,dropout,Reading dropped
2026-08-29T01:04:26.772801,AWS_MAA,frozen_value,Values frozen
2026-08-29T01:04:26.777329,AWS_PNQ,frozen_value,Values frozen
2026-08-29T01:04:26.783587,AWS_LKO,dropout,Reading dropped
2026-08-29T01:04:28.789073,AWS_MUM,frozen_value,Values frozen
2026-08-29T01:04:28.791855,AWS_DEL,spatial_outlier,Deviating from spatial trend
2026-08-29T01:04:28.795339,AWS_HYD,frozen_value,Values frozen
2026-08-29T01:04:28.797305,AWS_MAA,frozen_value,Values frozen
2026-08-29T01:04:28.802791,AWS_PNQ,frozen_value,Values frozen
2026-08-29T01:04:28.809312,AWS_LKO,dropout,Reading dropped
2026-08-29T01:04:30.819134,AWS_MUM,frozen_value,Values frozen
2026-08-29T01:04:30.822370,AWS_HYD,frozen_value,Values frozen
2026-08-29T01:04:30.824562,AWS_CCU,spatial_outlier,Deviating from spatial trend
2026-08-29T01:04:30.826344,AWS_PNQ,frozen_value,Values frozen
2026-08-29T01:04:30.830665,AWS_JAI,frozen_value,Values frozen
2026-08-29T01:04:32.838249,AWS_MUM,frozen_value,Values frozen
2026-08-29T01:04:32.843538,AWS_HYD,frozen_value,Values frozen
2026-08-29T01:04:32.845973,AWS_MAA,cross_parameter_inconsistency,Physically inconsistent state
2026-08-29T01:04:32.850719,AWS_PNQ,frozen_value,Values frozen
2026-08-29T01:04:32.855422,AWS_JAI,frozen_value,Values frozen
2026-08-29T01:04:32.859669,AWS_KNP,frozen_value,Values frozen
2026-08-29T01:04:32.862900,AWS_NAG,frozen_value,Values frozen
2026-08-29T01:04:34.868143,AWS_MUM,frozen_value,Values frozen
2026-08-29T01:04:34.871913,AWS_DEL,dropout,Reading dropped
2026-08-29T01:04:34.875022,AWS_HYD,frozen_value,Values frozen
2026-08-29T01:04:34.879601,AWS_MAA,dropout,Reading dropped
2026-08-29T01:04:34.886183,AWS_JAI,frozen_value,Values frozen
2026-08-29T01:04:34.893653,AWS_KNP,frozen_value,Values frozen
2026-08-29T01:04:34.896887,AWS_NAG,frozen_value,Values frozen
2026-08-29T01:04:36.907547,AWS_MUM,frozen_value,Values frozen
2026-08-29T01:04:36.919365,AWS_DEL,dropout,Reading dropped
2026-08-29T01:04:36.927637,AWS_HYD,frozen_value,Values frozen
2026-08-29T01:04:36.936912,AWS_MAA,dropout,Reading dropped
2026-08-29T01:04:36.941256,AWS_PNQ,cross_parameter_inconsistency,Physically inconsistent state
2026-08-29T01:04:36.953413,AWS_JAI,frozen_value,Values frozen
2026-08-29T01:04:36.956927,AWS_LKO,dropout,Reading dropped
2026-08-29T01:04:36.959871,AWS_KNP,frozen_value,Values frozen
2026-08-29T01:04:36.964452,AWS_NAG,frozen_value,Values frozen
2026-08-29T01:04:36.966916,AWS_IDR,frozen_value,Values frozen
2026-08-29T01:04:38.972111,AWS_MUM,frozen_value,Values frozen
2026-08-29T01:04:38.976424,AWS_DEL,spatial_outlier,Deviating from spatial trend
2026-08-29T01:04:38.978309,AWS_BLR,cross_parameter_inconsistency,Physically inconsistent state
2026-08-29T01:04:38.979914,AWS_HYD,frozen_value,Values frozen
2026-08-29T01:04:38.981806,AWS_MAA,dropout,Reading dropped
2026-08-29T01:04:38.986189,AWS_AMD,spatial_outlier,Deviating from spatial trend
2026-08-29T01:04:38.988986,AWS_JAI,frozen_value,Values frozen
2026-08-29T01:04:38.991133,AWS_LKO,dropout,Reading dropped
2026-08-29T01:04:38.992914,AWS_KNP,frozen_value,Values frozen
2026-08-29T01:04:38.994336,AWS_NAG,frozen_value,Values frozen
2026-08-29T01:04:38.996076,AWS_IDR,frozen_value,Values frozen
2026-08-29T01:04:38.998605,AWS_BHO,cross_parameter_inconsistency,Physically inconsistent state
2026-08-29T01:04:41.003321,AWS_HYD,frozen_value,Values frozen
2026-08-29T01:04:41.005394,AWS_MAA,spatial_outlier,Deviating from spatial trend
2026-08-29T01:04:41.007820,AWS_PNQ,spatial_outlier,Deviating from spatial trend
2026-08-29T01:04:41.012412,AWS_JAI,frozen_value,Values frozen
2026-08-29T01:04:41.014650,AWS_LKO,dropout,Reading dropped
2026-08-29T01:04:41.015676,AWS_KNP,frozen_value,Values frozen
2026-08-29T01:04:41.017306,AWS_NAG,frozen_value,Values frozen
2026-08-29T01:04:41.018847,AWS_IDR,frozen_value,Values frozen
2026-08-29T01:04:43.024816,AWS_DEL,spatial_outlier,Deviating from spatial trend
2026-08-29T01:04:43.028611,AWS_HYD,frozen_value,Values frozen
2026-08-29T01:04:43.039036,AWS_STV,cross_parameter_inconsistency,Physically inconsistent state
2026-08-29T01:04:43.042229,AWS_JAI,frozen_value,Values frozen
2026-08-29T01:04:43.045766,AWS_KNP,frozen_value,Values frozen
2026-08-29T01:04:43.048277,AWS_NAG,frozen_value,Values frozen
2026-08-29T01:04:43.049942,AWS_IDR,frozen_value,Values frozen
2026-08-29T01:04:45.056519,AWS_HYD,frozen_value,Values frozen
2026-08-29T01:04:45.060596,AWS_MAA,cross_parameter_inconsistency,Physically inconsistent state
2026-08-29T01:04:45.066530,AWS_AMD,spike,pressure spiked by -142.25
2026-08-29T01:04:45.068987,AWS_JAI,frozen_value,Values frozen
2026-08-29T01:04:45.072504,AWS_KNP,frozen_value,Values frozen
2026-08-29T01:04:45.075091,AWS_NAG,frozen_value,Values frozen
2026-08-29T01:04:45.078219,AWS_IDR,frozen_value,Values frozen
2026-08-29T01:04:45.080383,AWS_BHO,cross_parameter_inconsistency,Physically inconsistent state
2026-08-29T01:04:47.087623,AWS_HYD,frozen_value,Values frozen
2026-08-29T01:04:47.100893,AWS_JAI,frozen_value,Values frozen
2026-08-29T01:04:47.102641,AWS_LKO,dropout,Reading dropped
2026-08-29T01:04:47.105737,AWS_NAG,frozen_value,Values frozen
2026-08-29T01:04:47.108579,AWS_IDR,frozen_value,Values frozen
2026-08-29T01:04:49.120879,AWS_HYD,frozen_value,Values frozen
2026-08-29T01:04:49.126637,AWS_MAA,cross_parameter_inconsistency,Physically inconsistent state
2026-08-29T01:04:49.131553,AWS_JAI,frozen_value,Values frozen
2026-08-29T01:04:49.133947,AWS_LKO,dropout,Reading dropped
2026-08-29T01:04:49.136189,AWS_NAG,frozen_value,Values frozen
2026-08-29T01:04:49.137829,AWS_IDR,frozen_value,Values frozen
2026-08-29T01:04:49.139372,AWS_BHO,spike,humidity spiked by 21.12
2026-08-29T01:04:51.145767,AWS_HYD,frozen_value,Values frozen
2026-08-29T01:04:51.152311,AWS_STV,cross_parameter_inconsistency,Physically inconsistent state
2026-08-29T01:04:51.155477,AWS_JAI,cross_parameter_inconsistency,Physically inconsistent state
2026-08-29T01:04:51.159195,AWS_NAG,frozen_value,Values frozen
2026-08-29T01:04:51.161642,AWS_IDR,frozen_value,Values frozen
2026-08-29T01:04:53.175396,AWS_IDR,frozen_value,Values frozen
2026-08-29T01:04:55.184405,AWS_DEL,spike,humidity spiked by 25.29
2026-08-29T01:04:55.197357,AWS_BLR,frozen_value,Values frozen
2026-08-29T01:04:55.208456,AWS_HYD,dropout,Reading dropped
2026-08-29T01:04:55.215716,AWS_PNQ,spatial_outlier,Deviating from spatial trend
2026-08-29T01:04:55.226185,AWS_AMD,spatial_outlier,Deviating from spatial trend
2026-08-29T01:04:55.237515,AWS_LKO,spatial_outlier,Deviating from spatial trend
2026-08-29T01:04:55.240677,AWS_IDR,frozen_value,Values frozen
2026-08-29T01:04:57.244220,AWS_MUM,dropout,Reading dropped
2026-08-29T01:04:57.250895,AWS_BLR,frozen_value,Values frozen
2026-08-29T01:04:57.258538,AWS_HYD,dropout,Reading dropped
2026-08-29T01:04:57.263001,AWS_CCU,drift,Temperature drifted by 0.30
2026-08-29T01:04:57.268150,AWS_AMD,spatial_outlier,Deviating from spatial trend
2026-08-29T01:04:57.270245,AWS_STV,cross_parameter_inconsistency,Physically inconsistent state
2026-08-29T01:04:57.276832,AWS_IDR,frozen_value,Values frozen
2026-08-29T01:04:59.280072,AWS_MUM,dropout,Reading dropped
2026-08-29T01:04:59.282471,AWS_BLR,frozen_value,Values frozen
2026-08-29T01:04:59.284451,AWS_HYD,dropout,Reading dropped
2026-08-29T01:04:59.285917,AWS_MAA,frozen_value,Values frozen
2026-08-29T01:04:59.288203,AWS_CCU,drift,Temperature drifted by 0.56
2026-08-29T01:04:59.294142,AWS_AMD,cross_parameter_inconsistency,Physically inconsistent state
2026-08-29T01:04:59.296687,AWS_STV,drift,Temperature drifted by 0.35
2026-08-29T01:05:01.304634,AWS_MUM,dropout,Reading dropped
2026-08-29T01:05:01.312110,AWS_BLR,frozen_value,Values frozen
2026-08-29T01:05:01.329898,AWS_MAA,frozen_value,Values frozen
2026-08-29T01:05:01.347325,AWS_CCU,drift,Temperature drifted by 0.97
2026-08-29T01:05:01.364357,AWS_STV,drift,Temperature drifted by 0.72
2026-08-29T01:05:01.374549,AWS_LKO,cross_parameter_inconsistency,Physically inconsistent state
2026-08-29T01:05:01.382113,AWS_BHO,spike,pressure spiked by 149.70
2026-08-29T01:05:03.389396,AWS_BLR,frozen_value,Values frozen
2026-08-29T01:05:03.396394,AWS_HYD,dropout,Reading dropped
2026-08-29T01:05:03.397818,AWS_MAA,frozen_value,Values frozen
2026-08-29T01:05:03.400558,AWS_CCU,drift,Temperature drifted by 1.36
2026-08-29T01:05:03.410337,AWS_PNQ,cross_parameter_inconsistency,Physically inconsistent state
2026-08-29T01:05:03.425123,AWS_STV,drift,Temperature drifted by 1.04
2026-08-29T01:05:03.440883,AWS_LKO,frozen_value,Values frozen
2026-08-29T01:05:03.450395,AWS_KNP,spatial_outlier,Deviating from spatial trend
2026-08-29T01:05:03.455378,AWS_IDR,spike,humidity spiked by -20.64
2026-08-29T01:05:05.463318,AWS_MUM,cross_parameter_inconsistency,Physically inconsistent state
2026-08-29T01:05:05.472850,AWS_BLR,frozen_value,Values frozen
2026-08-29T01:05:05.475376,AWS_HYD,dropout,Reading dropped
2026-08-29T01:05:05.476422,AWS_MAA,frozen_value,Values frozen
2026-08-29T01:05:05.485469,AWS_CCU,drift,Temperature drifted by 1.82
2026-08-29T01:05:05.501579,AWS_STV,drift,Temperature drifted by 1.53
2026-08-29T01:05:05.509501,AWS_LKO,frozen_value,Values frozen
2026-08-29T01:05:05.518011,AWS_NAG,cross_parameter_inconsistency,Physically inconsistent state
2026-08-29T01:05:05.521060,AWS_IDR,spatial_outlier,Deviating from spatial trend
2026-08-29T01:05:07.528516,AWS_MUM,spike,pressure spiked by -69.08
2026-08-29T01:05:07.532557,AWS_DEL,frozen_value,Values frozen
2026-08-29T01:05:07.534980,AWS_BLR,frozen_value,Values frozen
2026-08-29T01:05:07.538046,AWS_MAA,frozen_value,Values frozen
2026-08-29T01:05:07.540557,AWS_CCU,drift,Temperature drifted by 1.97
2026-08-29T01:05:07.543898,AWS_STV,drift,Temperature drifted by 1.97
2026-08-29T01:05:07.546322,AWS_LKO,frozen_value,Values frozen
2026-08-29T01:05:07.550732,AWS_IDR,frozen_value,Values frozen
2026-08-29T01:05:09.560518,AWS_DEL,frozen_value,Values frozen
2026-08-29T01:05:09.570306,AWS_BLR,frozen_value,Values frozen
2026-08-29T01:05:09.574126,AWS_HYD,drift,Temperature drifted by 0.32
2026-08-29T01:05:09.576243,AWS_MAA,frozen_value,Values frozen
2026-08-29T01:05:09.579893,AWS_CCU,drift,Temperature drifted by 2.21
2026-08-29T01:05:09.585283,AWS_STV,drift,Temperature drifted by 2.20
2026-08-29T01:05:09.590108,AWS_LKO,frozen_value,Values frozen
2026-08-29T01:05:09.598224,AWS_IDR,frozen_value,Values frozen
2026-08-29T01:05:11.606482,AWS_DEL,frozen_value,Values frozen
2026-08-29T01:05:11.610702,AWS_BLR,frozen_value,Values frozen
2026-08-29T01:05:11.615175,AWS_HYD,drift,Temperature drifted by 0.71
2026-08-29T01:05:11.628557,AWS_MAA,frozen_value,Values frozen
2026-08-29T01:05:11.633370,AWS_CCU,drift,Temperature drifted by 2.50
2026-08-29T01:05:11.652197,AWS_STV,drift,Temperature drifted by 2.61
2026-08-29T01:05:11.664752,AWS_LKO,frozen_value,Values frozen
2026-08-29T01:05:11.679557,AWS_IDR,frozen_value,Values frozen
2026-08-29T01:05:11.687593,AWS_BHO,dropout,Reading dropped
2026-08-29T01:05:13.703919,AWS_DEL,frozen_value,Values frozen
2026-08-29T01:05:13.707611,AWS_BLR,frozen_value,Values frozen
2026-08-29T01:05:13.710351,AWS_HYD,drift,Temperature drifted by 0.84
2026-08-29T01:05:13.714072,AWS_MAA,frozen_value,Values frozen
2026-08-29T01:05:13.719983,AWS_CCU,drift,Temperature drifted by 2.84
2026-08-29T01:05:13.735448,AWS_STV,drift,Temperature drifted by 2.99
2026-08-29T01:05:13.739426,AWS_LKO,frozen_value,Values frozen
2026-08-29T01:05:13.745251,AWS_IDR,frozen_value,Values frozen
2026-08-29T01:05:13.747197,AWS_BHO,dropout,Reading dropped
2026-08-29T01:05:15.756749,AWS_DEL,frozen_value,Values frozen
2026-08-29T01:05:15.763871,AWS_BLR,frozen_value,Values frozen
2026-08-29T01:05:15.767362,AWS_HYD,drift,Temperature drifted by 1.18
2026-08-29T01:05:15.769648,AWS_MAA,frozen_value,Values frozen
2026-08-29T01:05:15.772703,AWS_CCU,drift,Temperature drifted by 3.20
2026-08-29T01:05:15.777275,AWS_AMD,cross_parameter_inconsistency,Physically inconsistent state
2026-08-29T01:05:15.779596,AWS_STV,drift,Temperature drifted by 3.44
2026-08-29T01:05:15.786070,AWS_LKO,frozen_value,Values frozen
2026-08-29T01:05:15.788491,AWS_KNP,drift,Temperature drifted by 0.13
2026-08-29T01:05:15.795932,AWS_IDR,frozen_value,Values frozen
2026-08-29T01:05:15.798952,AWS_BHO,dropout,Reading dropped
2026-08-29T01:05:17.800852,AWS_MUM,spike,pressure spiked by 117.09
2026-08-29T01:05:17.808756,AWS_DEL,frozen_value,Values frozen
2026-08-29T01:05:17.816577,AWS_BLR,frozen_value,Values frozen
2026-08-29T01:05:17.822015,AWS_HYD,drift,Temperature drifted by 1.62
2026-08-29T01:05:17.826162,AWS_MAA,frozen_value,Values frozen
2026-08-29T01:05:17.830608,AWS_CCU,drift,Temperature drifted by 3.46
2026-08-29T01:05:17.833646,AWS_PNQ,cross_parameter_inconsistency,Physically inconsistent state
2026-08-29T01:05:17.835774,AWS_AMD,cross_parameter_inconsistency,Physically inconsistent state
2026-08-29T01:05:17.839466,AWS_STV,drift,Temperature drifted by 3.58
2026-08-29T01:05:17.843094,AWS_LKO,frozen_value,Values frozen
2026-08-29T01:05:17.847736,AWS_KNP,drift,Temperature drifted by 0.30
2026-08-29T01:05:17.851320,AWS_IDR,frozen_value,Values frozen
2026-08-29T01:05:17.854136,AWS_BHO,dropout,Reading dropped
2026-08-29T01:05:19.860328,AWS_BLR,frozen_value,Values frozen
2026-08-29T01:05:19.869471,AWS_HYD,drift,Temperature drifted by 1.74
2026-08-29T01:05:19.879004,AWS_MAA,frozen_value,Values frozen
2026-08-29T01:05:19.890919,AWS_CCU,drift,Temperature drifted by 3.63
2026-08-29T01:05:19.902921,AWS_STV,drift,Temperature drifted by 4.00
2026-08-29T01:05:19.916732,AWS_LKO,frozen_value,Values frozen
2026-08-29T01:05:19.921388,AWS_KNP,drift,Temperature drifted by 0.52
2026-08-29T01:05:19.935972,AWS_IDR,frozen_value,Values frozen
2026-08-29T01:05:19.939194,AWS_BHO,dropout,Reading dropped
2026-08-29T01:05:21.946716,AWS_DEL,spike,humidity spiked by 10.83
2026-08-29T01:05:21.955773,AWS_BLR,frozen_value,Values frozen
2026-08-29T01:05:21.962725,AWS_HYD,drift,Temperature drifted by 2.12
2026-08-29T01:05:21.969916,AWS_MAA,frozen_value,Values frozen
2026-08-29T01:05:22.000155,AWS_STV,drift,Temperature drifted by 4.37
2026-08-29T01:05:22.008883,AWS_KNP,drift,Temperature drifted by 0.71
2026-08-29T01:05:22.013509,AWS_NAG,spike,humidity spiked by -14.67
2026-08-29T01:05:22.017579,AWS_IDR,frozen_value,Values frozen
2026-08-29T01:05:24.029338,AWS_HYD,drift,Temperature drifted by 2.41
2026-08-29T01:05:24.034241,AWS_MAA,frozen_value,Values frozen
2026-08-29T01:05:24.042691,AWS_PNQ,drift,Temperature drifted by 0.39
2026-08-29T01:05:24.046964,AWS_STV,drift,Temperature drifted by 4.48
2026-08-29T01:05:24.053299,AWS_KNP,drift,Temperature drifted by 0.94
2026-08-29T01:05:24.058520,AWS_IDR,frozen_value,Values frozen
2026-08-29T01:05:26.072661,AWS_DEL,dropout,Reading dropped
2026-08-29T01:05:26.080897,AWS_HYD,drift,Temperature drifted by 2.75
2026-08-29T01:05:26.086081,AWS_MAA,frozen_value,Values frozen
2026-08-29T01:05:26.088852,AWS_CCU,frozen_value,Values frozen
2026-08-29T01:05:26.094422,AWS_PNQ,drift,Temperature drifted by 0.65
2026-08-29T01:05:26.098723,AWS_STV,drift,Temperature drifted by 4.66
2026-08-29T01:05:26.102357,AWS_JAI,spike,humidity spiked by 13.44
2026-08-29T01:05:26.108154,AWS_KNP,drift,Temperature drifted by 1.37
2026-08-29T01:05:26.114716,AWS_IDR,frozen_value,Values frozen
2026-08-29T01:05:28.125437,AWS_HYD,drift,Temperature drifted by 3.05
2026-08-29T01:05:28.129785,AWS_MAA,frozen_value,Values frozen
2026-08-29T01:05:28.139584,AWS_CCU,frozen_value,Values frozen
2026-08-29T01:05:28.148123,AWS_PNQ,drift,Temperature drifted by 0.90
2026-08-29T01:05:28.153275,AWS_AMD,cross_parameter_inconsistency,Physically inconsistent state
2026-08-29T01:05:28.157100,AWS_STV,drift,Temperature drifted by 4.78
2026-08-29T01:05:28.167036,AWS_KNP,drift,Temperature drifted by 1.50
2026-08-29T01:05:28.174035,AWS_IDR,frozen_value,Values frozen
2026-08-29T01:05:30.184383,AWS_BLR,spatial_outlier,Deviating from spatial trend
2026-08-29T01:05:30.188699,AWS_HYD,drift,Temperature drifted by 3.18
2026-08-29T01:05:30.196475,AWS_CCU,frozen_value,Values frozen
2026-08-29T01:05:30.199063,AWS_PNQ,drift,Temperature drifted by 1.14
2026-08-29T01:05:30.205902,AWS_LKO,dropout,Reading dropped
2026-08-29T01:05:30.211383,AWS_KNP,drift,Temperature drifted by 1.77
2026-08-29T01:05:30.214733,AWS_IDR,frozen_value,Values frozen
2026-08-29T01:05:32.219980,AWS_BLR,spatial_outlier,Deviating from spatial trend
2026-08-29T01:05:32.221183,AWS_HYD,drift,Temperature drifted by 3.49
2026-08-29T01:05:32.222665,AWS_MAA,frozen_value,Values frozen
2026-08-29T01:05:32.223996,AWS_CCU,frozen_value,Values frozen
2026-08-29T01:05:32.225438,AWS_PNQ,drift,Temperature drifted by 1.42
2026-08-29T01:05:32.229183,AWS_KNP,drift,Temperature drifted by 1.92
2026-08-29T01:05:34.233837,AWS_HYD,drift,Temperature drifted by 3.63
2026-08-29T01:05:34.235629,AWS_MAA,frozen_value,Values frozen
2026-08-29T01:05:34.237532,AWS_CCU,frozen_value,Values frozen
2026-08-29T01:05:34.238851,AWS_PNQ,drift,Temperature drifted by 1.77
2026-08-29T01:05:34.243823,AWS_LKO,drift,Temperature drifted by 0.15
2026-08-29T01:05:34.245518,AWS_KNP,drift,Temperature drifted by 2.20
2026-08-29T01:05:34.247665,AWS_BHO,dropout,Reading dropped
2026-08-29T01:05:36.249267,AWS_MUM,cross_parameter_inconsistency,Physically inconsistent state
2026-08-29T01:05:36.259593,AWS_HYD,drift,Temperature drifted by 3.83
2026-08-29T01:05:36.266450,AWS_MAA,frozen_value,Values frozen
2026-08-29T01:05:36.276088,AWS_CCU,frozen_value,Values frozen
2026-08-29T01:05:36.279596,AWS_PNQ,drift,Temperature drifted by 2.05
2026-08-29T01:05:36.284715,AWS_LKO,drift,Temperature drifted by 0.30
2026-08-29T01:05:36.287115,AWS_KNP,drift,Temperature drifted by 2.36
2026-08-29T01:05:36.291891,AWS_BHO,dropout,Reading dropped
2026-08-29T01:11:46.276750,AWS_HYD,dropout,Reading dropped
2026-08-29T01:11:46.283422,AWS_AMD,frozen_value,Values frozen
2026-08-29T01:11:46.293465,AWS_KNP,drift,Temperature drifted by 0.26
2026-08-29T01:11:48.318034,AWS_MUM,spike,pressure spiked by 89.35
2026-08-29T01:11:48.324514,AWS_HYD,dropout,Reading dropped
2026-08-29T01:11:48.329754,AWS_CCU,frozen_value,Values frozen
2026-08-29T01:11:48.338950,AWS_AMD,frozen_value,Values frozen
2026-08-29T01:11:48.348887,AWS_KNP,drift,Temperature drifted by 0.56
2026-08-29T01:11:50.434604,AWS_CCU,frozen_value,Values frozen
2026-08-29T01:11:50.442881,AWS_AMD,frozen_value,Values frozen
2026-08-29T01:11:50.462614,AWS_KNP,drift,Temperature drifted by 0.93
2026-08-29T01:11:50.480054,AWS_BHO,cross_parameter_inconsistency,Physically inconsistent state
2026-08-29T01:11:50.495289,AWS_VTZ,spatial_outlier,Deviating from spatial trend
2026-08-29T01:11:50.519632,AWS_IXC,frozen_value,Values frozen
2026-08-29T01:11:52.564973,AWS_MUM,frozen_value,Values frozen
2026-08-29T01:11:52.574242,AWS_CCU,frozen_value,Values frozen
2026-08-29T01:11:52.579056,AWS_AMD,frozen_value,Values frozen
2026-08-29T01:11:52.582148,AWS_JAI,cross_parameter_inconsistency,Physically inconsistent state
2026-08-29T01:11:52.585766,AWS_KNP,drift,Temperature drifted by 1.20
2026-08-29T01:11:52.594241,AWS_BHO,frozen_value,Values frozen
2026-08-29T01:11:52.597071,AWS_COK,spike,humidity spiked by -21.23
2026-08-29T01:11:52.607269,AWS_VTZ,spatial_outlier,Deviating from spatial trend
2026-08-29T01:11:52.610765,AWS_IXC,frozen_value,Values frozen
2026-08-29T01:11:52.615545,AWS_CJB,spike,humidity spiked by -11.12
2026-08-29T01:11:54.633101,AWS_MUM,frozen_value,Values frozen
2026-08-29T01:11:54.658566,AWS_CCU,frozen_value,Values frozen
2026-08-29T01:11:54.667158,AWS_AMD,frozen_value,Values frozen
2026-08-29T01:11:54.682005,AWS_STV,spatial_outlier,Deviating from spatial trend
2026-08-29T01:11:54.713211,AWS_KNP,drift,Temperature drifted by 1.68
2026-08-29T01:11:54.723360,AWS_BHO,frozen_value,Values frozen
2026-08-29T01:11:54.727986,AWS_COK,drift,Temperature drifted by 0.18
2026-08-29T01:11:54.733238,AWS_VTZ,spike,temperature spiked by -24.10
2026-08-29T01:11:54.741269,AWS_IXC,frozen_value,Values frozen
2026-08-29T01:11:56.752121,AWS_MUM,frozen_value,Values frozen
2026-08-29T01:11:56.760631,AWS_CCU,frozen_value,Values frozen
2026-08-29T01:11:56.776258,AWS_KNP,drift,Temperature drifted by 2.09
2026-08-29T01:11:56.782559,AWS_BHO,frozen_value,Values frozen
2026-08-29T01:11:56.788588,AWS_COK,drift,Temperature drifted by 0.48
2026-08-29T01:11:56.793679,AWS_PAT,cross_parameter_inconsistency,Physically inconsistent state
2026-08-29T01:11:56.796981,AWS_IXC,frozen_value,Values frozen
2026-08-29T01:11:58.807543,AWS_MUM,frozen_value,Values frozen
2026-08-29T01:11:58.812879,AWS_BLR,dropout,Reading dropped
2026-08-29T01:11:58.814934,AWS_CCU,frozen_value,Values frozen
2026-08-29T01:11:58.821659,AWS_KNP,drift,Temperature drifted by 2.48
2026-08-29T01:11:58.823272,AWS_IDR,cross_parameter_inconsistency,Physically inconsistent state
2026-08-29T01:11:58.825486,AWS_BHO,frozen_value,Values frozen
2026-08-29T01:11:58.827853,AWS_COK,drift,Temperature drifted by 0.72
2026-08-29T01:11:58.832487,AWS_IXC,frozen_value,Values frozen
2026-08-29T01:11:58.836284,AWS_BBI,dropout,Reading dropped
2026-08-29T01:11:58.839720,AWS_IXR,spike,temperature spiked by 29.59
2026-08-29T01:12:00.842065,AWS_MUM,frozen_value,Values frozen
2026-08-29T01:12:00.844444,AWS_BLR,dropout,Reading dropped
2026-08-29T01:12:00.845311,AWS_HYD,cross_parameter_inconsistency,Physically inconsistent state
2026-08-29T01:12:00.850699,AWS_KNP,drift,Temperature drifted by 2.88
2026-08-29T01:12:00.852569,AWS_NAG,spatial_outlier,Deviating from spatial trend
2026-08-29T01:12:00.854491,AWS_BHO,frozen_value,Values frozen
2026-08-29T01:12:00.856584,AWS_COK,drift,Temperature drifted by 0.99
2026-08-29T01:12:00.861748,AWS_IXC,frozen_value,Values frozen
2026-08-29T01:12:00.863980,AWS_BBI,dropout,Reading dropped
2026-08-29T01:12:00.867680,AWS_MYQ,spatial_outlier,Deviating from spatial trend
2026-08-29T01:12:02.871472,AWS_MUM,frozen_value,Values frozen
2026-08-29T01:12:02.876012,AWS_KNP,drift,Temperature drifted by 3.07
2026-08-29T01:12:02.877057,AWS_BHO,frozen_value,Values frozen
2026-08-29T01:12:02.877641,AWS_COK,drift,Temperature drifted by 1.20
2026-08-29T01:12:02.878735,AWS_IXC,frozen_value,Values frozen
2026-08-29T01:12:02.879967,AWS_BBI,dropout,Reading dropped
2026-08-29T01:12:02.880356,AWS_GAU,spike,temperature spiked by 28.71
2026-08-29T01:12:04.882911,AWS_MUM,frozen_value,Values frozen
2026-08-29T01:12:04.886225,AWS_CCU,cross_parameter_inconsistency,Physically inconsistent state
2026-08-29T01:12:04.888368,AWS_STV,drift,Temperature drifted by 0.19
2026-08-29T01:12:04.889610,AWS_KNP,drift,Temperature drifted by 3.53
2026-08-29T01:12:04.891056,AWS_COK,drift,Temperature drifted by 1.51
2026-08-29T01:12:04.892058,AWS_VTZ,frozen_value,Values frozen
2026-08-29T01:12:04.892883,AWS_IXC,frozen_value,Values frozen
2026-08-29T01:12:04.893808,AWS_GAU,spike,humidity spiked by -13.44
2026-08-29T01:12:06.897369,AWS_MUM,frozen_value,Values frozen
2026-08-29T01:12:06.906766,AWS_MAA,drift,Temperature drifted by 0.30
2026-08-29T01:12:06.932478,AWS_STV,drift,Temperature drifted by 0.65
2026-08-29T01:12:06.940502,AWS_LKO,frozen_value,Values frozen
2026-08-29T01:12:06.943742,AWS_KNP,drift,Temperature drifted by 3.83
2026-08-29T01:12:06.968427,AWS_COK,drift,Temperature drifted by 1.65
2026-08-29T01:12:06.985504,AWS_VTZ,frozen_value,Values frozen
2026-08-29T01:12:06.993762,AWS_IXC,frozen_value,Values frozen
2026-08-29T01:12:07.003904,AWS_BBI,cross_parameter_inconsistency,Physically inconsistent state
2026-08-29T01:12:07.027702,AWS_MYQ,drift,Temperature drifted by 0.41
2026-08-29T01:12:09.036195,AWS_MUM,frozen_value,Values frozen
2026-08-29T01:12:09.047912,AWS_HYD,frozen_value,Values frozen
2026-08-29T01:12:09.051457,AWS_MAA,drift,Temperature drifted by 0.46
2026-08-29T01:12:09.082424,AWS_STV,drift,Temperature drifted by 0.92
2026-08-29T01:12:09.100957,AWS_LKO,frozen_value,Values frozen
2026-08-29T01:12:09.113967,AWS_KNP,drift,Temperature drifted by 4.33
2026-08-29T01:12:09.143194,AWS_VTZ,frozen_value,Values frozen
2026-08-29T01:12:09.149814,AWS_IXC,frozen_value,Values frozen
2026-08-29T01:12:09.160256,AWS_MYQ,drift,Temperature drifted by 0.58
2026-08-29T01:12:11.169050,AWS_MUM,frozen_value,Values frozen
2026-08-29T01:12:11.193389,AWS_BLR,spatial_outlier,Deviating from spatial trend
2026-08-29T01:12:11.197511,AWS_HYD,frozen_value,Values frozen
2026-08-29T01:12:11.203126,AWS_MAA,drift,Temperature drifted by 0.88
2026-08-29T01:12:11.222110,AWS_STV,drift,Temperature drifted by 1.05
2026-08-29T01:12:11.225404,AWS_LKO,frozen_value,Values frozen
2026-08-29T01:12:11.227835,AWS_KNP,drift,Temperature drifted by 4.65
2026-08-29T01:12:11.232375,AWS_TRV,drift,Temperature drifted by 0.13
2026-08-29T01:12:11.234700,AWS_VTZ,frozen_value,Values frozen
2026-08-29T01:12:11.238644,AWS_IXC,frozen_value,Values frozen
2026-08-29T01:12:11.241853,AWS_MYQ,drift,Temperature drifted by 0.88
2026-08-29T01:12:11.243617,AWS_CJB,spatial_outlier,Deviating from spatial trend
2026-08-29T01:12:13.246077,AWS_MUM,frozen_value,Values frozen
2026-08-29T01:12:13.252693,AWS_HYD,frozen_value,Values frozen
2026-08-29T01:12:13.266035,AWS_MAA,drift,Temperature drifted by 1.19
2026-08-29T01:12:13.283384,AWS_STV,drift,Temperature drifted by 1.34
2026-08-29T01:12:13.286847,AWS_LKO,frozen_value,Values frozen
2026-08-29T01:12:13.289886,AWS_KNP,drift,Temperature drifted by 5.14
2026-08-29T01:12:13.293953,AWS_NAG,spatial_outlier,Deviating from spatial trend
2026-08-29T01:12:13.297012,AWS_BHO,frozen_value,Values frozen
2026-08-29T01:12:13.300532,AWS_TRV,drift,Temperature drifted by 0.30
2026-08-29T01:12:13.306111,AWS_VTZ,frozen_value,Values frozen
2026-08-29T01:12:13.310075,AWS_IXC,frozen_value,Values frozen
2026-08-29T01:12:13.314993,AWS_MYQ,drift,Temperature drifted by 1.10
2026-08-29T01:12:15.321158,AWS_MUM,frozen_value,Values frozen
2026-08-29T01:12:15.323491,AWS_HYD,frozen_value,Values frozen
2026-08-29T01:12:15.324543,AWS_MAA,drift,Temperature drifted by 1.63
2026-08-29T01:12:15.326514,AWS_PNQ,dropout,Reading dropped
2026-08-29T01:12:15.327407,AWS_STV,drift,Temperature drifted by 1.81
2026-08-29T01:12:15.328045,AWS_JAI,drift,Temperature drifted by 0.45
2026-08-29T01:12:15.328797,AWS_LKO,frozen_value,Values frozen
2026-08-29T01:12:15.330076,AWS_BHO,frozen_value,Values frozen
2026-08-29T01:12:15.330893,AWS_TRV,drift,Temperature drifted by 0.71
2026-08-29T01:12:15.331464,AWS_VTZ,frozen_value,Values frozen
2026-08-29T01:12:15.332634,AWS_IXC,frozen_value,Values frozen
2026-08-29T01:12:15.335212,AWS_MYQ,drift,Temperature drifted by 1.36
2026-08-29T01:12:17.337386,AWS_MUM,frozen_value,Values frozen
2026-08-29T01:12:17.341590,AWS_DEL,drift,Temperature drifted by 0.22
2026-08-29T01:12:17.345208,AWS_HYD,frozen_value,Values frozen
2026-08-29T01:12:17.347254,AWS_MAA,drift,Temperature drifted by 2.01
2026-08-29T01:12:17.350781,AWS_PNQ,dropout,Reading dropped
2026-08-29T01:12:17.353940,AWS_STV,drift,Temperature drifted by 2.18
2026-08-29T01:12:17.357147,AWS_JAI,drift,Temperature drifted by 0.93
2026-08-29T01:12:17.360299,AWS_LKO,frozen_value,Values frozen
2026-08-29T01:12:17.365550,AWS_BHO,frozen_value,Values frozen
2026-08-29T01:12:17.368482,AWS_TRV,drift,Temperature drifted by 0.84
2026-08-29T01:12:17.370655,AWS_VTZ,frozen_value,Values frozen
2026-08-29T01:12:17.377018,AWS_MYQ,drift,Temperature drifted by 1.80
2026-08-29T01:12:17.379517,AWS_CJB,frozen_value,Values frozen
2026-08-29T01:12:19.383546,AWS_DEL,drift,Temperature drifted by 0.51
2026-08-29T01:12:19.385158,AWS_HYD,frozen_value,Values frozen
2026-08-29T01:12:19.385794,AWS_MAA,drift,Temperature drifted by 2.12
2026-08-29T01:12:19.386446,AWS_CCU,spike,temperature spiked by 24.91
2026-08-29T01:12:19.387518,AWS_STV,spatial_outlier,Deviating from spatial trend
2026-08-29T01:12:19.388154,AWS_JAI,drift,Temperature drifted by 1.22
2026-08-29T01:12:19.388731,AWS_LKO,frozen_value,Values frozen
2026-08-29T01:12:19.390229,AWS_BHO,frozen_value,Values frozen
2026-08-29T01:12:19.391215,AWS_TRV,drift,Temperature drifted by 1.00
2026-08-29T01:12:19.391882,AWS_VTZ,frozen_value,Values frozen
2026-08-29T01:12:19.393156,AWS_IXR,dropout,Reading dropped
2026-08-29T01:12:19.393709,AWS_MYQ,drift,Temperature drifted by 2.24
2026-08-29T01:12:19.395150,AWS_CJB,frozen_value,Values frozen
2026-08-29T01:12:21.397751,AWS_MUM,dropout,Reading dropped
2026-08-29T01:12:21.399846,AWS_DEL,drift,Temperature drifted by 1.00
2026-08-29T01:12:21.423390,AWS_AMD,dropout,Reading dropped
2026-08-29T01:12:21.430114,AWS_JAI,drift,Temperature drifted by 1.40
2026-08-29T01:12:21.434085,AWS_LKO,frozen_value,Values frozen
2026-08-29T01:12:21.460737,AWS_BHO,frozen_value,Values frozen
2026-08-29T01:12:21.467260,AWS_TRV,drift,Temperature drifted by 1.11
2026-08-29T01:12:21.473393,AWS_VTZ,frozen_value,Values frozen
2026-08-29T01:12:21.494183,AWS_MYQ,drift,Temperature drifted by 2.70
2026-08-29T01:12:21.498755,AWS_CJB,frozen_value,Values frozen
2026-08-29T01:12:23.503500,AWS_MUM,dropout,Reading dropped
2026-08-29T01:12:23.505170,AWS_DEL,drift,Temperature drifted by 1.15
2026-08-29T01:12:23.510826,AWS_CCU,frozen_value,Values frozen
2026-08-29T01:12:23.514177,AWS_AMD,dropout,Reading dropped
2026-08-29T01:12:23.528009,AWS_JAI,drift,Temperature drifted by 1.58
2026-08-29T01:12:23.538431,AWS_LKO,frozen_value,Values frozen
2026-08-29T01:12:23.558278,AWS_BHO,frozen_value,Values frozen
2026-08-29T01:12:23.570986,AWS_TRV,drift,Temperature drifted by 1.55
2026-08-29T01:12:23.577078,AWS_VTZ,frozen_value,Values frozen
2026-08-29T01:12:23.583420,AWS_GAU,cross_parameter_inconsistency,Physically inconsistent state
2026-08-29T01:12:23.588901,AWS_MYQ,drift,Temperature drifted by 3.17
2026-08-29T01:12:23.590944,AWS_CJB,frozen_value,Values frozen
2026-08-29T01:12:25.593972,AWS_MUM,dropout,Reading dropped
2026-08-29T01:12:25.595833,AWS_DEL,drift,Temperature drifted by 1.46
2026-08-29T01:12:25.599697,AWS_BLR,cross_parameter_inconsistency,Physically inconsistent state
2026-08-29T01:12:25.602073,AWS_HYD,cross_parameter_inconsistency,Physically inconsistent state
2026-08-29T01:12:25.607646,AWS_CCU,frozen_value,Values frozen
2026-08-29T01:12:25.615802,AWS_PNQ,frozen_value,Values frozen
2026-08-29T01:12:25.624683,AWS_AMD,dropout,Reading dropped
2026-08-29T01:12:25.635716,AWS_LKO,frozen_value,Values frozen
2026-08-29T01:12:25.646991,AWS_IDR,spatial_outlier,Deviating from spatial trend
2026-08-29T01:12:25.649995,AWS_BHO,frozen_value,Values frozen
2026-08-29T01:12:25.659067,AWS_TRV,drift,Temperature drifted by 2.04
2026-08-29T01:12:25.664309,AWS_VTZ,frozen_value,Values frozen
2026-08-29T01:12:25.677508,AWS_MYQ,drift,Temperature drifted by 3.57
2026-08-29T01:12:25.700595,AWS_CJB,frozen_value,Values frozen
2026-08-29T01:12:27.725649,AWS_MUM,spike,pressure spiked by -111.11
2026-08-29T01:12:27.736587,AWS_DEL,drift,Temperature drifted by 1.74
2026-08-29T01:12:27.745025,AWS_CCU,frozen_value,Values frozen
2026-08-29T01:12:27.747289,AWS_PNQ,frozen_value,Values frozen
2026-08-29T01:12:27.750723,AWS_STV,dropout,Reading dropped
2026-08-29T01:12:27.752629,AWS_LKO,frozen_value,Values frozen
2026-08-29T01:12:27.757675,AWS_BHO,frozen_value,Values frozen
2026-08-29T01:12:27.760372,AWS_VTZ,frozen_value,Values frozen
2026-08-29T01:12:27.762509,AWS_PAT,frozen_value,Values frozen
2026-08-29T01:12:27.764642,AWS_IXC,frozen_value,Values frozen
2026-08-29T01:12:27.769109,AWS_IXR,cross_parameter_inconsistency,Physically inconsistent state
2026-08-29T01:12:27.770928,AWS_MYQ,spatial_outlier,Deviating from spatial trend
2026-08-29T01:12:27.773036,AWS_CJB,frozen_value,Values frozen
2026-08-29T01:12:29.779955,AWS_DEL,drift,Temperature drifted by 1.98
2026-08-29T01:12:29.808192,AWS_CCU,frozen_value,Values frozen
2026-08-29T01:12:29.814801,AWS_PNQ,frozen_value,Values frozen
2026-08-29T01:12:29.829521,AWS_STV,dropout,Reading dropped
2026-08-29T01:12:29.843232,AWS_LKO,frozen_value,Values frozen
2026-08-29T01:12:29.852998,AWS_NAG,cross_parameter_inconsistency,Physically inconsistent state
2026-08-29T01:12:29.860004,AWS_BHO,frozen_value,Values frozen
2026-08-29T01:12:29.867371,AWS_TRV,frozen_value,Values frozen
2026-08-29T01:12:29.875345,AWS_VTZ,frozen_value,Values frozen
2026-08-29T01:12:29.879068,AWS_PAT,frozen_value,Values frozen
2026-08-29T01:12:29.882074,AWS_IXC,frozen_value,Values frozen
2026-08-29T01:12:29.896581,AWS_BBI,frozen_value,Values frozen
2026-08-29T01:12:29.903465,AWS_GAU,frozen_value,Values frozen
2026-08-29T01:12:29.911650,AWS_MYQ,cross_parameter_inconsistency,Physically inconsistent state
2026-08-29T01:12:29.921937,AWS_CJB,frozen_value,Values frozen
2026-08-29T01:12:31.933139,AWS_DEL,drift,Temperature drifted by 2.28
2026-08-29T01:12:31.951441,AWS_CCU,frozen_value,Values frozen
2026-08-29T01:12:31.966839,AWS_PNQ,frozen_value,Values frozen
2026-08-29T01:12:31.993416,AWS_LKO,frozen_value,Values frozen
2026-08-29T01:12:32.028034,AWS_BHO,frozen_value,Values frozen
2026-08-29T01:12:32.041864,AWS_TRV,frozen_value,Values frozen
2026-08-29T01:12:32.046476,AWS_VTZ,frozen_value,Values frozen
2026-08-29T01:12:32.048753,AWS_PAT,frozen_value,Values frozen
2026-08-29T01:12:32.050972,AWS_IXC,frozen_value,Values frozen
2026-08-29T01:12:32.054518,AWS_BBI,frozen_value,Values frozen
2026-08-29T01:12:32.057377,AWS_GAU,frozen_value,Values frozen
2026-08-29T01:12:32.091426,AWS_CJB,frozen_value,Values frozen
2026-08-29T01:12:34.112357,AWS_DEL,drift,Temperature drifted by 2.53
2026-08-29T01:12:34.123020,AWS_CCU,frozen_value,Values frozen
2026-08-29T01:12:34.124955,AWS_PNQ,frozen_value,Values frozen
2026-08-29T01:12:34.127297,AWS_STV,cross_parameter_inconsistency,Physically inconsistent state
2026-08-29T01:12:34.130088,AWS_JAI,cross_parameter_inconsistency,Physically inconsistent state
2026-08-29T01:12:34.134793,AWS_NAG,dropout,Reading dropped
2026-08-29T01:12:34.136249,AWS_IDR,drift,Temperature drifted by 0.35
2026-08-29T01:12:34.140336,AWS_TRV,frozen_value,Values frozen
2026-08-29T01:12:34.142819,AWS_VTZ,frozen_value,Values frozen
2026-08-29T01:12:34.145243,AWS_PAT,frozen_value,Values frozen
2026-08-29T01:12:34.147206,AWS_IXC,frozen_value,Values frozen
2026-08-29T01:12:34.149114,AWS_BBI,frozen_value,Values frozen
2026-08-29T01:12:34.151025,AWS_GAU,frozen_value,Values frozen
2026-08-29T01:12:34.153955,AWS_MYQ,dropout,Reading dropped
2026-08-29T01:12:34.155046,AWS_CJB,frozen_value,Values frozen
2026-08-29T01:12:36.157911,AWS_MUM,cross_parameter_inconsistency,Physically inconsistent state
2026-08-29T01:12:36.166080,AWS_BLR,drift,Temperature drifted by 0.29
2026-08-29T01:12:36.183665,AWS_CCU,frozen_value,Values frozen
2026-08-29T01:12:36.186818,AWS_PNQ,frozen_value,Values frozen
2026-08-29T01:12:36.189871,AWS_AMD,drift,Temperature drifted by 0.13
2026-08-29T01:12:36.193988,AWS_JAI,cross_parameter_inconsistency,Physically inconsistent state
2026-08-29T01:12:36.197161,AWS_LKO,drift,Temperature drifted by 0.32
2026-08-29T01:12:36.207792,AWS_NAG,dropout,Reading dropped
2026-08-29T01:12:36.213711,AWS_IDR,drift,Temperature drifted by 0.66
2026-08-29T01:12:36.223095,AWS_TRV,frozen_value,Values frozen
2026-08-29T01:12:36.226139,AWS_PAT,frozen_value,Values frozen
2026-08-29T01:12:36.227819,AWS_IXC,frozen_value,Values frozen
2026-08-29T01:12:36.230487,AWS_BBI,frozen_value,Values frozen
2026-08-29T01:12:36.233487,AWS_GAU,frozen_value,Values frozen
2026-08-29T01:12:36.236031,AWS_IXR,spike,temperature spiked by -15.68
2026-08-29T01:12:36.238918,AWS_CJB,frozen_value,Values frozen
2026-08-29T01:12:38.244133,AWS_BLR,drift,Temperature drifted by 0.73
2026-08-29T01:12:38.247382,AWS_CCU,frozen_value,Values frozen
2026-08-29T01:12:38.251063,AWS_PNQ,spike,pressure spiked by 74.99
2026-08-29T01:12:38.253817,AWS_AMD,drift,Temperature drifted by 0.47
2026-08-29T01:12:38.258298,AWS_LKO,drift,Temperature drifted by 0.55
2026-08-29T01:12:38.260389,AWS_KNP,spatial_outlier,Deviating from spatial trend
2026-08-29T01:12:38.264697,AWS_IDR,drift,Temperature drifted by 0.97
2026-08-29T01:12:38.271892,AWS_TRV,frozen_value,Values frozen
2026-08-29T01:12:38.275293,AWS_PAT,frozen_value,Values frozen
2026-08-29T01:12:38.279499,AWS_IXC,frozen_value,Values frozen
2026-08-29T01:12:38.281758,AWS_BBI,frozen_value,Values frozen
2026-08-29T01:12:38.284577,AWS_GAU,frozen_value,Values frozen
2026-08-29T01:12:38.288774,AWS_MYQ,spike,temperature spiked by 29.45
2026-08-29T01:12:38.290683,AWS_CJB,frozen_value,Values frozen
2026-08-29T01:12:40.296226,AWS_BLR,drift,Temperature drifted by 0.83
2026-08-29T01:12:40.298434,AWS_HYD,spike,temperature spiked by -17.80
2026-08-29T01:12:40.302835,AWS_CCU,frozen_value,Values frozen
2026-08-29T01:12:40.305962,AWS_AMD,drift,Temperature drifted by 0.60
2026-08-29T01:12:40.309575,AWS_JAI,dropout,Reading dropped
2026-08-29T01:12:40.310733,AWS_LKO,drift,Temperature drifted by 0.74
2026-08-29T01:12:40.314363,AWS_IDR,drift,Temperature drifted by 1.16
2026-08-29T01:12:40.317353,AWS_BHO,spike,pressure spiked by -71.31
2026-08-29T01:12:40.320153,AWS_TRV,frozen_value,Values frozen
2026-08-29T01:12:40.323186,AWS_PAT,frozen_value,Values frozen
2026-08-29T01:12:40.325019,AWS_IXC,frozen_value,Values frozen
2026-08-29T01:12:40.326640,AWS_BBI,frozen_value,Values frozen
2026-08-29T01:12:40.328251,AWS_GAU,frozen_value,Values frozen
2026-08-29T01:12:40.333126,AWS_CJB,frozen_value,Values frozen
2026-08-29T01:12:42.335601,AWS_MUM,cross_parameter_inconsistency,Physically inconsistent state
2026-08-29T01:12:42.338672,AWS_BLR,drift,Temperature drifted by 1.23
2026-08-29T01:12:42.340495,AWS_HYD,frozen_value,Values frozen
2026-08-29T01:12:42.343424,AWS_CCU,frozen_value,Values frozen
2026-08-29T01:12:42.346847,AWS_AMD,drift,Temperature drifted by 0.87
2026-08-29T01:12:42.349675,AWS_STV,dropout,Reading dropped
2026-08-29T01:12:42.351426,AWS_LKO,drift,Temperature drifted by 1.16
2026-08-29T01:12:42.355843,AWS_IDR,drift,Temperature drifted by 1.33
2026-08-29T01:12:42.358606,AWS_COK,frozen_value,Values frozen
2026-08-29T01:12:42.360244,AWS_TRV,frozen_value,Values frozen
2026-08-29T01:12:42.363699,AWS_PAT,frozen_value,Values frozen
2026-08-29T01:12:42.366059,AWS_IXC,frozen_value,Values frozen
2026-08-29T01:12:42.370006,AWS_BBI,frozen_value,Values frozen
2026-08-29T01:12:42.372228,AWS_GAU,frozen_value,Values frozen
2026-08-29T01:12:42.376598,AWS_CJB,frozen_value,Values frozen
2026-08-29T01:12:44.380543,AWS_DEL,spatial_outlier,Deviating from spatial trend
2026-08-29T01:12:44.383268,AWS_BLR,drift,Temperature drifted by 1.55
2026-08-29T01:12:44.386093,AWS_HYD,frozen_value,Values frozen
2026-08-29T01:12:44.391575,AWS_CCU,frozen_value,Values frozen
2026-08-29T01:12:44.394427,AWS_AMD,drift,Temperature drifted by 0.98
2026-08-29T01:12:44.398071,AWS_STV,dropout,Reading dropped
2026-08-29T01:12:44.401914,AWS_LKO,drift,Temperature drifted by 1.37
2026-08-29T01:12:44.405344,AWS_NAG,drift,Temperature drifted by 0.42
2026-08-29T01:12:44.407529,AWS_IDR,drift,Temperature drifted by 1.73
2026-08-29T01:12:44.409737,AWS_BHO,spike,humidity spiked by 19.96
2026-08-29T01:12:44.411723,AWS_COK,frozen_value,Values frozen
2026-08-29T01:12:44.413929,AWS_TRV,frozen_value,Values frozen
2026-08-29T01:12:44.416453,AWS_PAT,frozen_value,Values frozen
2026-08-29T01:12:44.421406,AWS_IXC,frozen_value,Values frozen
2026-08-29T01:12:44.423634,AWS_BBI,dropout,Reading dropped
2026-08-29T01:12:44.424776,AWS_GAU,frozen_value,Values frozen
2026-08-29T01:12:44.428568,AWS_MYQ,spatial_outlier,Deviating from spatial trend
2026-08-29T01:12:44.432688,AWS_CJB,dropout,Reading dropped
2026-08-29T01:12:46.436134,AWS_HYD,frozen_value,Values frozen
2026-08-29T01:12:46.438847,AWS_CCU,frozen_value,Values frozen
2026-08-29T01:12:46.441653,AWS_AMD,spatial_outlier,Deviating from spatial trend
2026-08-29T01:12:46.445494,AWS_LKO,drift,Temperature drifted by 1.60
2026-08-29T01:12:46.447484,AWS_KNP,frozen_value,Values frozen
2026-08-29T01:12:46.450067,AWS_NAG,drift,Temperature drifted by 0.62
2026-08-29T01:12:46.452988,AWS_IDR,drift,Temperature drifted by 1.97
2026-08-29T01:12:46.458007,AWS_COK,frozen_value,Values frozen
2026-08-29T01:12:46.460996,AWS_TRV,frozen_value,Values frozen
2026-08-29T01:12:46.465499,AWS_PAT,frozen_value,Values frozen
2026-08-29T01:12:46.467565,AWS_IXC,frozen_value,Values frozen
2026-08-29T01:12:46.469171,AWS_BBI,dropout,Reading dropped
2026-08-29T01:12:46.471184,AWS_GAU,frozen_value,Values frozen
2026-08-29T01:12:48.475961,AWS_DEL,cross_parameter_inconsistency,Physically inconsistent state
2026-08-29T01:12:48.479400,AWS_HYD,frozen_value,Values frozen
2026-08-29T01:12:48.482600,AWS_CCU,frozen_value,Values frozen
2026-08-29T01:12:48.486495,AWS_AMD,spike,temperature spiked by 27.76
2026-08-29T01:12:48.491218,AWS_LKO,drift,Temperature drifted by 2.07
2026-08-29T01:12:48.493205,AWS_KNP,frozen_value,Values frozen
2026-08-29T01:12:48.495688,AWS_NAG,drift,Temperature drifted by 1.05
2026-08-29T01:12:48.499092,AWS_IDR,drift,Temperature drifted by 2.45
2026-08-29T01:12:48.506017,AWS_COK,frozen_value,Values frozen
2026-08-29T01:12:48.509165,AWS_TRV,frozen_value,Values frozen
2026-08-29T01:12:48.514662,AWS_PAT,frozen_value,Values frozen
2026-08-29T01:12:48.516353,AWS_IXC,frozen_value,Values frozen
2026-08-29T01:12:48.519876,AWS_GAU,frozen_value,Values frozen
2026-08-29T01:12:50.529504,AWS_BLR,spike,humidity spiked by -29.27
2026-08-29T01:12:50.532997,AWS_HYD,frozen_value,Values frozen
2026-08-29T01:12:50.538038,AWS_CCU,frozen_value,Values frozen
2026-08-29T01:12:50.547098,AWS_PNQ,cross_parameter_inconsistency,Physically inconsistent state
2026-08-29T01:12:50.563198,AWS_LKO,drift,Temperature drifted by 2.38
2026-08-29T01:12:50.565344,AWS_KNP,frozen_value,Values frozen
2026-08-29T01:12:50.569556,AWS_NAG,drift,Temperature drifted by 1.20
2026-08-29T01:12:50.578199,AWS_IDR,drift,Temperature drifted by 2.87
2026-08-29T01:12:50.590073,AWS_COK,frozen_value,Values frozen
2026-08-29T01:12:50.594342,AWS_PAT,frozen_value,Values frozen
2026-08-29T01:12:50.597472,AWS_IXC,frozen_value,Values frozen
2026-08-29T01:12:50.599834,AWS_GAU,frozen_value,Values frozen
2026-08-29T01:12:50.604680,AWS_CJB,spike,pressure spiked by 121.06
2026-08-29T01:12:52.610212,AWS_MUM,dropout,Reading dropped
2026-08-29T01:12:52.625269,AWS_HYD,frozen_value,Values frozen
2026-08-29T01:12:52.645801,AWS_CCU,frozen_value,Values frozen
2026-08-29T01:12:52.654537,AWS_KNP,frozen_value,Values frozen
2026-08-29T01:12:52.658014,AWS_NAG,drift,Temperature drifted by 1.54
2026-08-29T01:12:52.659735,AWS_IDR,drift,Temperature drifted by 3.01
2026-08-29T01:12:52.661738,AWS_COK,frozen_value,Values frozen
2026-08-29T01:12:52.665097,AWS_PAT,frozen_value,Values frozen
2026-08-29T01:12:52.667165,AWS_IXC,frozen_value,Values frozen
2026-08-29T01:12:52.671113,AWS_GAU,frozen_value,Values frozen
2026-08-29T01:12:52.674341,AWS_CJB,spike,temperature spiked by 24.99
2026-08-29T01:12:54.676082,AWS_MUM,dropout,Reading dropped
2026-08-29T01:12:54.681153,AWS_HYD,frozen_value,Values frozen
2026-08-29T01:12:54.709416,AWS_KNP,frozen_value,Values frozen
2026-08-29T01:12:54.711500,AWS_NAG,drift,Temperature drifted by 1.74
2026-08-29T01:12:54.713451,AWS_IDR,drift,Temperature drifted by 3.28
2026-08-29T01:12:54.717631,AWS_COK,frozen_value,Values frozen
2026-08-29T01:12:54.723036,AWS_IXC,frozen_value,Values frozen
2026-08-29T01:12:54.726241,AWS_GAU,dropout,Reading dropped
2026-08-29T01:12:56.730774,AWS_MUM,dropout,Reading dropped
2026-08-29T01:12:56.750913,AWS_HYD,frozen_value,Values frozen
2026-08-29T01:12:56.767114,AWS_KNP,frozen_value,Values frozen
2026-08-29T01:12:56.769496,AWS_NAG,drift,Temperature drifted by 2.22
2026-08-29T01:12:56.771504,AWS_IDR,drift,Temperature drifted by 3.72
2026-08-29T01:12:56.775316,AWS_COK,frozen_value,Values frozen
2026-08-29T01:12:56.779107,AWS_IXC,frozen_value,Values frozen
2026-08-29T01:12:56.783962,AWS_BBI,spike,temperature spiked by -15.78
2026-08-29T01:12:56.786999,AWS_GAU,dropout,Reading dropped
2026-08-29T01:12:56.788527,AWS_IXR,dropout,Reading dropped
2026-08-29T01:12:56.791713,AWS_CJB,drift,Temperature drifted by 0.49
2026-08-29T01:12:58.810647,AWS_HYD,frozen_value,Values frozen
2026-08-29T01:12:58.847948,AWS_KNP,frozen_value,Values frozen
2026-08-29T01:12:58.850760,AWS_NAG,drift,Temperature drifted by 2.49
2026-08-29T01:12:58.854494,AWS_IDR,drift,Temperature drifted by 3.99
2026-08-29T01:12:58.858416,AWS_COK,frozen_value,Values frozen
2026-08-29T01:12:58.864323,AWS_IXC,cross_parameter_inconsistency,Physically inconsistent state
2026-08-29T01:12:58.873027,AWS_CJB,drift,Temperature drifted by 0.78
2026-08-29T01:13:00.897320,AWS_CCU,frozen_value,Values frozen
2026-08-29T01:13:00.907413,AWS_LKO,frozen_value,Values frozen
2026-08-29T01:13:00.909523,AWS_KNP,frozen_value,Values frozen
2026-08-29T01:13:00.912043,AWS_NAG,drift,Temperature drifted by 2.94
2026-08-29T01:13:00.914472,AWS_IDR,drift,Temperature drifted by 4.29
2026-08-29T01:13:00.916321,AWS_BHO,cross_parameter_inconsistency,Physically inconsistent state
2026-08-29T01:13:00.920807,AWS_COK,frozen_value,Values frozen
2026-08-29T01:13:00.931839,AWS_MYQ,frozen_value,Values frozen
2026-08-29T01:13:00.933725,AWS_CJB,drift,Temperature drifted by 1.25
2026-08-29T01:13:02.938474,AWS_MUM,spike,pressure spiked by 117.87
2026-08-29T01:13:02.946213,AWS_CCU,frozen_value,Values frozen
2026-08-29T01:13:02.954703,AWS_AMD,cross_parameter_inconsistency,Physically inconsistent state
2026-08-29T01:13:02.961038,AWS_STV,dropout,Reading dropped
2026-08-29T01:13:02.963795,AWS_LKO,frozen_value,Values frozen
2026-08-29T01:13:02.968967,AWS_KNP,frozen_value,Values frozen
2026-08-29T01:13:02.971929,AWS_NAG,dropout,Reading dropped
2026-08-29T01:13:02.976049,AWS_IDR,drift,Temperature drifted by 4.46
2026-08-29T01:13:02.990787,AWS_VTZ,spatial_outlier,Deviating from spatial trend
2026-08-29T01:13:02.994099,AWS_IXC,drift,Temperature drifted by 0.19
2026-08-29T01:13:02.999605,AWS_MYQ,frozen_value,Values frozen
2026-08-29T01:13:03.002844,AWS_CJB,drift,Temperature drifted by 1.52
2026-08-29T01:13:05.013325,AWS_CCU,frozen_value,Values frozen
2026-08-29T01:13:05.020258,AWS_AMD,spike,temperature spiked by 22.22
2026-08-29T01:13:05.022269,AWS_STV,spike,temperature spiked by 18.05
2026-08-29T01:13:05.025694,AWS_LKO,frozen_value,Values frozen
2026-08-29T01:13:05.027925,AWS_KNP,frozen_value,Values frozen
2026-08-29T01:13:05.029665,AWS_NAG,dropout,Reading dropped
2026-08-29T01:13:05.036802,AWS_IXC,drift,Temperature drifted by 0.64
2026-08-29T01:13:05.040062,AWS_MYQ,frozen_value,Values frozen
2026-08-29T01:13:05.041887,AWS_CJB,drift,Temperature drifted by 1.92
2026-08-29T01:13:07.043873,AWS_MUM,spike,humidity spiked by 13.83
2026-08-29T01:13:07.047902,AWS_HYD,dropout,Reading dropped
2026-08-29T01:13:07.050767,AWS_CCU,frozen_value,Values frozen
2026-08-29T01:13:07.057054,AWS_LKO,frozen_value,Values frozen
2026-08-29T01:13:07.059318,AWS_KNP,frozen_value,Values frozen
2026-08-29T01:13:07.061788,AWS_NAG,dropout,Reading dropped
2026-08-29T01:13:07.065007,AWS_COK,spatial_outlier,Deviating from spatial trend
2026-08-29T01:13:07.072297,AWS_IXC,drift,Temperature drifted by 0.93
2026-08-29T01:13:07.076968,AWS_GAU,spike,pressure spiked by -71.45
2026-08-29T01:13:07.079963,AWS_MYQ,frozen_value,Values frozen
2026-08-29T01:13:07.082326,AWS_CJB,drift,Temperature drifted by 2.27
2026-08-29T01:13:09.086874,AWS_DEL,cross_parameter_inconsistency,Physically inconsistent state
2026-08-29T01:13:09.095613,AWS_MAA,cross_parameter_inconsistency,Physically inconsistent state
2026-08-29T01:13:09.098318,AWS_CCU,frozen_value,Values frozen
2026-08-29T01:13:09.110559,AWS_JAI,spatial_outlier,Deviating from spatial trend
2026-08-29T01:13:09.113472,AWS_LKO,frozen_value,Values frozen
2026-08-29T01:13:09.116423,AWS_KNP,spike,humidity spiked by -14.74
2026-08-29T01:13:09.124899,AWS_IDR,drift,Temperature drifted by 0.13
2026-08-29T01:13:09.148574,AWS_VTZ,dropout,Reading dropped
2026-08-29T01:13:09.163177,AWS_IXC,drift,Temperature drifted by 1.23
2026-08-29T01:13:09.202536,AWS_MYQ,frozen_value,Values frozen
2026-08-29T01:13:09.208560,AWS_CJB,drift,Temperature drifted by 2.40
2026-08-29T01:13:11.224931,AWS_HYD,spike,humidity spiked by -17.97
2026-08-29T01:13:11.238610,AWS_CCU,frozen_value,Values frozen
2026-08-29T01:13:11.247660,AWS_AMD,spike,temperature spiked by -15.30
2026-08-29T01:13:11.250142,AWS_STV,spatial_outlier,Deviating from spatial trend
2026-08-29T01:13:11.256778,AWS_JAI,spike,temperature spiked by -12.34
2026-08-29T01:13:11.261284,AWS_LKO,frozen_value,Values frozen
2026-08-29T01:13:11.270237,AWS_IDR,drift,Temperature drifted by 0.62
2026-08-29T01:13:11.287545,AWS_VTZ,dropout,Reading dropped
2026-08-29T01:13:11.298650,AWS_IXC,drift,Temperature drifted by 1.62
2026-08-29T01:13:11.304517,AWS_GAU,spike,pressure spiked by 145.74
2026-08-29T01:13:11.307289,AWS_IXR,dropout,Reading dropped
2026-08-29T01:13:11.308404,AWS_MYQ,frozen_value,Values frozen
2026-08-29T01:13:11.315831,AWS_CJB,drift,Temperature drifted by 2.85
2026-08-29T01:13:13.326381,AWS_CCU,frozen_value,Values frozen
2026-08-29T01:13:13.330122,AWS_AMD,cross_parameter_inconsistency,Physically inconsistent state
2026-08-29T01:13:13.337671,AWS_LKO,frozen_value,Values frozen
2026-08-29T01:13:13.339329,AWS_KNP,drift,Temperature drifted by 0.34
2026-08-29T01:13:13.343119,AWS_IDR,drift,Temperature drifted by 0.93
2026-08-29T01:13:13.345911,AWS_COK,drift,Temperature drifted by 0.25
2026-08-29T01:13:13.347295,AWS_TRV,cross_parameter_inconsistency,Physically inconsistent state
2026-08-29T01:13:13.349488,AWS_VTZ,dropout,Reading dropped
2026-08-29T01:13:13.353178,AWS_IXR,dropout,Reading dropped
2026-08-29T01:13:13.354423,AWS_MYQ,frozen_value,Values frozen
2026-08-29T01:13:13.355959,AWS_CJB,drift,Temperature drifted by 3.22
2026-08-29T01:13:15.359894,AWS_MUM,frozen_value,Values frozen
2026-08-29T01:13:15.363569,AWS_HYD,dropout,Reading dropped
2026-08-29T01:13:15.365140,AWS_CCU,frozen_value,Values frozen
2026-08-29T01:13:15.366560,AWS_PNQ,drift,Temperature drifted by 0.28
2026-08-29T01:13:15.368817,AWS_STV,spatial_outlier,Deviating from spatial trend
2026-08-29T01:13:15.372123,AWS_LKO,frozen_value,Values frozen
2026-08-29T01:13:15.373718,AWS_KNP,drift,Temperature drifted by 0.78
2026-08-29T01:13:15.375658,AWS_NAG,drift,Temperature drifted by 0.18
2026-08-29T01:13:15.377200,AWS_IDR,drift,Temperature drifted by 1.36
2026-08-29T01:13:15.379117,AWS_BHO,drift,Temperature drifted by 0.12
2026-08-29T01:13:15.380753,AWS_COK,drift,Temperature drifted by 0.45
2026-08-29T01:13:15.390022,AWS_PAT,spatial_outlier,Deviating from spatial trend
2026-08-29T01:13:15.392450,AWS_IXC,cross_parameter_inconsistency,Physically inconsistent state
2026-08-29T01:13:15.397237,AWS_MYQ,frozen_value,Values frozen
2026-08-29T01:13:15.399046,AWS_CJB,drift,Temperature drifted by 3.59
2026-08-29T01:13:17.401856,AWS_MUM,frozen_value,Values frozen
2026-08-29T01:13:17.409450,AWS_CCU,frozen_value,Values frozen
2026-08-29T01:13:17.414484,AWS_PNQ,drift,Temperature drifted by 0.62
2026-08-29T01:13:17.416796,AWS_AMD,drift,Temperature drifted by 0.48
2026-08-29T01:13:17.426817,AWS_LKO,frozen_value,Values frozen
2026-08-29T01:13:17.430677,AWS_KNP,drift,Temperature drifted by 1.06
2026-08-29T01:13:17.435717,AWS_NAG,drift,Temperature drifted by 0.64
2026-08-29T01:13:17.445251,AWS_IDR,drift,Temperature drifted by 1.65
2026-08-29T01:13:17.485687,AWS_BHO,drift,Temperature drifted by 0.31
2026-08-29T01:13:17.499441,AWS_COK,drift,Temperature drifted by 0.92
2026-08-29T01:13:17.511965,AWS_TRV,spike,pressure spiked by 98.09
2026-08-29T01:13:17.527032,AWS_BBI,spatial_outlier,Deviating from spatial trend
2026-08-29T01:13:17.542879,AWS_MYQ,frozen_value,Values frozen
2026-08-29T01:13:17.547775,AWS_CJB,drift,Temperature drifted by 3.92
2026-08-29T01:13:19.556478,AWS_MUM,frozen_value,Values frozen
2026-08-29T01:13:19.567160,AWS_DEL,dropout,Reading dropped
2026-08-29T01:13:19.571454,AWS_BLR,dropout,Reading dropped
2026-08-29T01:13:19.585955,AWS_CCU,frozen_value,Values frozen
2026-08-29T01:13:19.591382,AWS_PNQ,drift,Temperature drifted by 0.74
2026-08-29T01:13:19.600441,AWS_AMD,drift,Temperature drifted by 0.96
2026-08-29T01:13:19.611973,AWS_KNP,drift,Temperature drifted by 1.23
2026-08-29T01:13:19.616028,AWS_NAG,drift,Temperature drifted by 0.82
2026-08-29T01:13:19.619623,AWS_IDR,drift,Temperature drifted by 2.05
2026-08-29T01:13:19.623709,AWS_BHO,drift,Temperature drifted by 0.46
2026-08-29T01:13:19.628551,AWS_COK,drift,Temperature drifted by 1.20
2026-08-29T01:13:19.673732,AWS_GAU,dropout,Reading dropped
2026-08-29T01:13:19.677668,AWS_IXR,dropout,Reading dropped
2026-08-29T01:13:19.678867,AWS_MYQ,frozen_value,Values frozen
2026-08-29T01:13:19.689529,AWS_CJB,drift,Temperature drifted by 4.19
2026-08-29T01:13:21.696458,AWS_MUM,frozen_value,Values frozen
2026-08-29T01:13:21.702129,AWS_DEL,dropout,Reading dropped
2026-08-29T01:13:21.720743,AWS_CCU,frozen_value,Values frozen
2026-08-29T01:13:21.727391,AWS_PNQ,drift,Temperature drifted by 0.92
2026-08-29T01:13:21.732598,AWS_AMD,drift,Temperature drifted by 1.44
2026-08-29T01:13:21.740641,AWS_KNP,drift,Temperature drifted by 1.50
2026-08-29T01:13:21.752924,AWS_NAG,drift,Temperature drifted by 1.07
2026-08-29T01:13:21.761561,AWS_IDR,drift,Temperature drifted by 2.34
2026-08-29T01:13:21.763874,AWS_BHO,drift,Temperature drifted by 0.62
2026-08-29T01:13:21.765673,AWS_COK,drift,Temperature drifted by 1.33
2026-08-29T01:13:21.770495,AWS_VTZ,cross_parameter_inconsistency,Physically inconsistent state
2026-08-29T01:13:21.773408,AWS_BBI,drift,Temperature drifted by 0.43
2026-08-29T01:13:21.776932,AWS_IXR,dropout,Reading dropped
2026-08-29T01:13:21.777994,AWS_MYQ,frozen_value,Values frozen
2026-08-29T01:13:21.782002,AWS_CJB,drift,Temperature drifted by 4.50
2026-08-29T01:13:23.787615,AWS_MUM,frozen_value,Values frozen
2026-08-29T01:13:23.796127,AWS_HYD,frozen_value,Values frozen
2026-08-29T01:13:23.798835,AWS_MAA,spatial_outlier,Deviating from spatial trend
2026-08-29T01:13:23.806192,AWS_PNQ,drift,Temperature drifted by 1.16
2026-08-29T01:13:23.808724,AWS_AMD,drift,Temperature drifted by 1.79
2026-08-29T01:13:23.823019,AWS_NAG,drift,Temperature drifted by 1.22
2026-08-29T01:13:23.830202,AWS_IDR,drift,Temperature drifted by 2.78
2026-08-29T01:13:23.838537,AWS_BHO,drift,Temperature drifted by 0.82
2026-08-29T01:13:23.844506,AWS_COK,drift,Temperature drifted by 1.77
2026-08-29T01:13:23.852021,AWS_BBI,drift,Temperature drifted by 0.69
2026-08-29T01:13:23.854887,AWS_MYQ,frozen_value,Values frozen
2026-08-29T01:13:23.856723,AWS_CJB,drift,Temperature drifted by 4.95
2026-08-29T01:13:25.862593,AWS_MUM,frozen_value,Values frozen
2026-08-29T01:13:25.871090,AWS_HYD,frozen_value,Values frozen
2026-08-29T01:13:25.894683,AWS_PNQ,drift,Temperature drifted by 1.29
2026-08-29T01:13:25.899981,AWS_AMD,drift,Temperature drifted by 2.04
2026-08-29T01:13:25.905457,AWS_STV,dropout,Reading dropped
2026-08-29T01:13:25.916521,AWS_KNP,drift,Temperature drifted by 0.17
2026-08-29T01:13:25.919244,AWS_NAG,drift,Temperature drifted by 1.55
2026-08-29T01:13:25.921400,AWS_IDR,spike,pressure spiked by -104.65
2026-08-29T01:13:25.927965,AWS_BHO,frozen_value,Values frozen
2026-08-29T01:13:25.940434,AWS_COK,drift,Temperature drifted by 1.94
2026-08-29T01:13:25.945460,AWS_TRV,frozen_value,Values frozen
2026-08-29T01:13:25.958278,AWS_BBI,drift,Temperature drifted by 1.18
2026-08-29T01:13:25.962512,AWS_MYQ,dropout,Reading dropped
2026-08-29T01:13:25.963846,AWS_CJB,drift,Temperature drifted by 5.42
2026-08-29T01:13:27.966404,AWS_MUM,frozen_value,Values frozen
2026-08-29T01:13:27.983742,AWS_HYD,frozen_value,Values frozen
2026-08-29T01:13:27.992831,AWS_PNQ,drift,Temperature drifted by 1.46
2026-08-29T01:13:28.003921,AWS_STV,dropout,Reading dropped
2026-08-29T01:13:28.006868,AWS_JAI,drift,Temperature drifted by 0.33
2026-08-29T01:13:28.018875,AWS_KNP,drift,Temperature drifted by 0.46
2026-08-29T01:13:28.025605,AWS_NAG,drift,Temperature drifted by 1.73
2026-08-29T01:13:28.033605,AWS_BHO,frozen_value,Values frozen
2026-08-29T01:13:28.038163,AWS_COK,drift,Temperature drifted by 2.23
2026-08-29T01:13:28.042959,AWS_TRV,frozen_value,Values frozen
2026-08-29T01:13:28.045765,AWS_VTZ,drift,Temperature drifted by 0.37
2026-08-29T01:13:28.065944,AWS_BBI,drift,Temperature drifted by 1.32
2026-08-29T01:13:28.085507,AWS_MYQ,dropout,Reading dropped
2026-08-29T01:13:30.094524,AWS_MUM,frozen_value,Values frozen
2026-08-29T01:13:30.099069,AWS_HYD,frozen_value,Values frozen
2026-08-29T01:13:30.105630,AWS_PNQ,drift,Temperature drifted by 1.59
2026-08-29T01:13:30.109768,AWS_JAI,drift,Temperature drifted by 0.69
2026-08-29T01:13:30.113370,AWS_KNP,drift,Temperature drifted by 0.62
2026-08-29T01:13:30.115659,AWS_NAG,drift,Temperature drifted by 1.92
2026-08-29T01:13:30.120469,AWS_BHO,frozen_value,Values frozen
2026-08-29T01:13:30.124419,AWS_TRV,frozen_value,Values frozen
2026-08-29T01:13:30.126906,AWS_VTZ,drift,Temperature drifted by 0.54
2026-08-29T01:13:30.131038,AWS_BBI,drift,Temperature drifted by 1.62
2026-08-29T01:13:30.133101,AWS_IXR,dropout,Reading dropped
2026-08-29T01:13:32.137226,AWS_MUM,frozen_value,Values frozen
2026-08-29T01:13:32.139635,AWS_HYD,frozen_value,Values frozen
2026-08-29T01:13:32.140722,AWS_PNQ,drift,Temperature drifted by 1.71
2026-08-29T01:13:32.142360,AWS_JAI,drift,Temperature drifted by 0.89
2026-08-29T01:13:32.143367,AWS_LKO,drift,Temperature drifted by 0.36
2026-08-29T01:13:32.144922,AWS_KNP,drift,Temperature drifted by 1.09
2026-08-29T01:13:32.145659,AWS_NAG,drift,Temperature drifted by 2.41
2026-08-29T01:13:32.146559,AWS_BHO,frozen_value,Values frozen
2026-08-29T01:13:32.147359,AWS_TRV,frozen_value,Values frozen
2026-08-29T01:13:32.147979,AWS_VTZ,drift,Temperature drifted by 0.89
2026-08-29T01:13:32.149044,AWS_BBI,drift,Temperature drifted by 2.12
2026-08-29T01:13:32.150726,AWS_IXR,dropout,Reading dropped
2026-08-29T01:13:32.151372,AWS_MYQ,dropout,Reading dropped
2026-08-29T01:13:32.151752,AWS_CJB,spike,temperature spiked by 11.03
2026-08-29T01:13:34.152695,AWS_MUM,frozen_value,Values frozen
2026-08-29T01:13:34.155192,AWS_HYD,frozen_value,Values frozen
2026-08-29T01:13:34.156010,AWS_MAA,spatial_outlier,Deviating from spatial trend
2026-08-29T01:13:34.159097,AWS_PNQ,drift,Temperature drifted by 2.04
2026-08-29T01:13:34.160513,AWS_JAI,drift,Temperature drifted by 1.25
2026-08-29T01:13:34.161629,AWS_LKO,drift,Temperature drifted by 0.73
2026-08-29T01:13:34.162579,AWS_KNP,drift,Temperature drifted by 1.41
2026-08-29T01:13:34.163717,AWS_BHO,frozen_value,Values frozen
2026-08-29T01:13:34.164762,AWS_TRV,frozen_value,Values frozen
2026-08-29T01:13:34.165775,AWS_VTZ,drift,Temperature drifted by 1.24
2026-08-29T01:13:34.168585,AWS_IXC,dropout,Reading dropped
2026-08-29T01:13:34.169630,AWS_IXR,dropout,Reading dropped
2026-08-29T01:13:34.170165,AWS_MYQ,dropout,Reading dropped
2026-08-29T01:13:34.170487,AWS_CJB,dropout,Reading dropped
2026-08-29T01:13:36.171115,AWS_MUM,frozen_value,Values frozen
2026-08-29T01:13:36.173764,AWS_HYD,frozen_value,Values frozen
2026-08-29T01:13:36.174389,AWS_MAA,dropout,Reading dropped
2026-08-29T01:13:36.174956,AWS_PNQ,drift,Temperature drifted by 2.24
2026-08-29T01:13:36.175897,AWS_JAI,drift,Temperature drifted by 1.38
2026-08-29T01:13:36.176490,AWS_LKO,drift,Temperature drifted by 1.06
2026-08-29T01:13:36.177008,AWS_KNP,drift,Temperature drifted by 1.67
2026-08-29T01:13:36.178697,AWS_COK,drift,Temperature drifted by 0.26
2026-08-29T01:13:36.179811,AWS_VTZ,drift,Temperature drifted by 1.69
2026-08-29T01:13:36.181177,AWS_IXC,dropout,Reading dropped
2026-08-29T01:13:36.181958,AWS_IXR,dropout,Reading dropped
2026-08-29T01:13:36.182518,AWS_CJB,dropout,Reading dropped
2026-08-29T01:13:38.185398,AWS_BLR,spatial_outlier,Deviating from spatial trend
2026-08-29T01:13:38.186276,AWS_HYD,frozen_value,Values frozen
2026-08-29T01:13:38.186927,AWS_MAA,dropout,Reading dropped
2026-08-29T01:13:38.187558,AWS_PNQ,drift,Temperature drifted by 2.69
2026-08-29T01:13:38.188463,AWS_JAI,drift,Temperature drifted by 1.80
2026-08-29T01:13:38.189083,AWS_LKO,drift,Temperature drifted by 1.36
2026-08-29T01:13:38.189716,AWS_KNP,drift,Temperature drifted by 1.98
2026-08-29T01:13:38.190782,AWS_IDR,spatial_outlier,Deviating from spatial trend
2026-08-29T01:13:38.191880,AWS_COK,drift,Temperature drifted by 0.60
2026-08-29T01:13:38.192770,AWS_VTZ,drift,Temperature drifted by 1.89
2026-08-29T01:13:38.193570,AWS_IXC,dropout,Reading dropped
2026-08-29T01:13:40.195774,AWS_DEL,frozen_value,Values frozen
2026-08-29T01:13:40.196899,AWS_HYD,frozen_value,Values frozen
2026-08-29T01:13:40.198080,AWS_CCU,dropout,Reading dropped
2026-08-29T01:13:40.198613,AWS_PNQ,drift,Temperature drifted by 3.03
2026-08-29T01:13:40.200495,AWS_JAI,drift,Temperature drifted by 2.05
2026-08-29T01:13:40.201572,AWS_LKO,drift,Temperature drifted by 1.73
2026-08-29T01:13:40.202639,AWS_KNP,drift,Temperature drifted by 2.44
2026-08-29T01:13:40.203568,AWS_NAG,drift,Temperature drifted by 0.28
2026-08-29T01:13:40.204407,AWS_IDR,spatial_outlier,Deviating from spatial trend
2026-08-29T01:13:40.205156,AWS_BHO,cross_parameter_inconsistency,Physically inconsistent state
2026-08-29T01:13:40.205888,AWS_COK,drift,Temperature drifted by 1.07
2026-08-29T01:13:40.206941,AWS_VTZ,drift,Temperature drifted by 2.17
2026-08-29T01:13:40.207957,AWS_BBI,frozen_value,Values frozen
2026-08-29T01:13:40.209023,AWS_MYQ,frozen_value,Values frozen
2026-08-29T01:13:42.210544,AWS_DEL,frozen_value,Values frozen
2026-08-29T01:13:42.211731,AWS_HYD,frozen_value,Values frozen
2026-08-29T01:13:42.212881,AWS_CCU,dropout,Reading dropped
2026-08-29T01:13:42.213360,AWS_PNQ,drift,Temperature drifted by 3.27
2026-08-29T01:13:42.213969,AWS_AMD,spatial_outlier,Deviating from spatial trend
2026-08-29T01:13:42.214943,AWS_JAI,drift,Temperature drifted by 2.43
2026-08-29T01:13:42.215769,AWS_LKO,drift,Temperature drifted by 1.97
2026-08-29T01:13:42.216697,AWS_KNP,drift,Temperature drifted by 2.84
2026-08-29T01:13:42.217722,AWS_NAG,drift,Temperature drifted by 0.42
2026-08-29T01:13:42.219116,AWS_COK,drift,Temperature drifted by 1.27
2026-08-29T01:13:42.219801,AWS_TRV,cross_parameter_inconsistency,Physically inconsistent state
2026-08-29T01:13:42.220447,AWS_VTZ,drift,Temperature drifted by 2.64
2026-08-29T01:13:42.221474,AWS_BBI,frozen_value,Values frozen
2026-08-29T01:13:42.223180,AWS_MYQ,frozen_value,Values frozen
2026-08-29T01:13:42.224185,AWS_CJB,spatial_outlier,Deviating from spatial trend
2026-08-29T01:13:44.225440,AWS_MUM,dropout,Reading dropped
2026-08-29T01:13:44.226559,AWS_DEL,frozen_value,Values frozen
2026-08-29T01:13:44.228265,AWS_HYD,frozen_value,Values frozen
2026-08-29T01:13:44.229085,AWS_CCU,dropout,Reading dropped
2026-08-29T01:13:44.229448,AWS_PNQ,drift,Temperature drifted by 3.53
2026-08-29T01:13:44.231032,AWS_JAI,drift,Temperature drifted by 2.55
2026-08-29T01:13:44.231625,AWS_LKO,drift,Temperature drifted by 2.47
2026-08-29T01:13:44.232130,AWS_KNP,drift,Temperature drifted by 3.18
2026-08-29T01:13:44.232628,AWS_NAG,drift,Temperature drifted by 0.89
2026-08-29T01:13:44.233880,AWS_COK,drift,Temperature drifted by 1.44
2026-08-29T01:13:44.234822,AWS_VTZ,drift,Temperature drifted by 2.88
2026-08-29T01:13:44.235855,AWS_BBI,frozen_value,Values frozen
2026-08-29T01:13:44.236849,AWS_MYQ,frozen_value,Values frozen
2026-08-29T01:13:46.238601,AWS_DEL,frozen_value,Values frozen
2026-08-29T01:13:46.241698,AWS_HYD,frozen_value,Values frozen
2026-08-29T01:13:46.247494,AWS_JAI,drift,Temperature drifted by 2.90
2026-08-29T01:13:46.249834,AWS_LKO,drift,Temperature drifted by 2.83
2026-08-29T01:13:46.252049,AWS_KNP,drift,Temperature drifted by 3.54
2026-08-29T01:13:46.254356,AWS_NAG,drift,Temperature drifted by 1.19
2026-08-29T01:13:46.257217,AWS_BHO,dropout,Reading dropped
2026-08-29T01:13:46.258827,AWS_COK,drift,Temperature drifted by 1.56
2026-08-29T01:13:46.262440,AWS_VTZ,drift,Temperature drifted by 3.13
2026-08-29T01:13:46.266969,AWS_BBI,frozen_value,Values frozen
2026-08-29T01:13:46.269998,AWS_GAU,spike,pressure spiked by 123.28
2026-08-29T01:13:46.273326,AWS_IXR,cross_parameter_inconsistency,Physically inconsistent state
2026-08-29T01:13:46.275713,AWS_MYQ,frozen_value,Values frozen
2026-08-29T01:13:48.281456,AWS_DEL,frozen_value,Values frozen
2026-08-29T01:13:48.284611,AWS_STV,frozen_value,Values frozen
2026-08-29T01:13:48.285325,AWS_JAI,drift,Temperature drifted by 3.39
2026-08-29T01:13:48.285944,AWS_LKO,frozen_value,Values frozen
2026-08-29T01:13:48.288010,AWS_KNP,drift,Temperature drifted by 4.01
2026-08-29T01:13:48.288977,AWS_NAG,drift,Temperature drifted by 1.38
2026-08-29T01:13:48.289909,AWS_BHO,dropout,Reading dropped
2026-08-29T01:13:48.290360,AWS_COK,drift,Temperature drifted by 1.93
2026-08-29T01:13:48.290930,AWS_TRV,cross_parameter_inconsistency,Physically inconsistent state
2026-08-29T01:13:48.291524,AWS_VTZ,drift,Temperature drifted by 3.50
2026-08-29T01:13:48.292618,AWS_BBI,frozen_value,Values frozen
2026-08-29T01:13:48.293962,AWS_MYQ,frozen_value,Values frozen
2026-08-29T01:13:50.297322,AWS_DEL,frozen_value,Values frozen
2026-08-29T01:13:50.299477,AWS_HYD,drift,Temperature drifted by 0.26
2026-08-29T01:13:50.301091,AWS_STV,frozen_value,Values frozen
2026-08-29T01:13:50.301908,AWS_JAI,drift,Temperature drifted by 3.82
2026-08-29T01:13:50.303344,AWS_LKO,frozen_value,Values frozen
2026-08-29T01:13:50.304844,AWS_KNP,drift,Temperature drifted by 4.48
2026-08-29T01:13:50.305900,AWS_NAG,drift,Temperature drifted by 1.52
2026-08-29T01:13:50.307095,AWS_BHO,dropout,Reading dropped
2026-08-29T01:13:50.307484,AWS_COK,drift,Temperature drifted by 2.33
2026-08-29T01:13:50.308175,AWS_VTZ,drift,Temperature drifted by 3.90
2026-08-29T01:13:50.311339,AWS_MYQ,frozen_value,Values frozen
2026-08-29T01:13:50.312068,AWS_CJB,frozen_value,Values frozen
2026-08-29T01:13:52.314952,AWS_DEL,frozen_value,Values frozen
2026-08-29T01:13:52.318229,AWS_HYD,drift,Temperature drifted by 0.42
2026-08-29T01:13:52.319440,AWS_PNQ,cross_parameter_inconsistency,Physically inconsistent state
2026-08-29T01:13:52.320264,AWS_AMD,cross_parameter_inconsistency,Physically inconsistent state
2026-08-29T01:13:52.320998,AWS_STV,frozen_value,Values frozen
2026-08-29T01:13:52.321593,AWS_JAI,drift,Temperature drifted by 4.27
2026-08-29T01:13:52.322451,AWS_LKO,frozen_value,Values frozen
2026-08-29T01:13:52.323657,AWS_NAG,drift,Temperature drifted by 1.97
2026-08-29T01:13:52.325689,AWS_COK,drift,Temperature drifted by 2.67
2026-08-29T01:13:52.327867,AWS_TRV,dropout,Reading dropped
2026-08-29T01:13:52.329257,AWS_VTZ,drift,Temperature drifted by 4.39
2026-08-29T01:13:52.330887,AWS_MYQ,frozen_value,Values frozen
2026-08-29T01:13:52.331893,AWS_CJB,frozen_value,Values frozen
2026-08-29T01:13:54.335493,AWS_DEL,frozen_value,Values frozen
2026-08-29T01:13:54.337508,AWS_HYD,drift,Temperature drifted by 0.62
2026-08-29T01:13:54.340024,AWS_AMD,spatial_outlier,Deviating from spatial trend
2026-08-29T01:13:54.340804,AWS_STV,frozen_value,Values frozen
2026-08-29T01:13:54.341651,AWS_JAI,drift,Temperature drifted by 4.72
2026-08-29T01:13:54.342437,AWS_LKO,frozen_value,Values frozen
2026-08-29T01:13:54.343346,AWS_NAG,drift,Temperature drifted by 2.41
2026-08-29T01:13:54.344744,AWS_COK,drift,Temperature drifted by 3.10
2026-08-29T01:13:54.346236,AWS_TRV,dropout,Reading dropped
2026-08-29T01:13:54.347077,AWS_VTZ,drift,Temperature drifted by 4.80
2026-08-29T01:13:54.348986,AWS_MYQ,frozen_value,Values frozen
2026-08-29T01:13:54.349802,AWS_CJB,frozen_value,Values frozen
2026-08-29T01:13:56.352992,AWS_DEL,frozen_value,Values frozen
2026-08-29T01:13:56.355233,AWS_BLR,spike,humidity spiked by 19.62
2026-08-29T01:13:56.357323,AWS_HYD,drift,Temperature drifted by 1.01
2026-08-29T01:13:56.363218,AWS_STV,frozen_value,Values frozen
2026-08-29T01:13:56.368015,AWS_LKO,frozen_value,Values frozen
2026-08-29T01:13:56.371542,AWS_NAG,drift,Temperature drifted by 2.88
2026-08-29T01:13:56.375187,AWS_BHO,dropout,Reading dropped
2026-08-29T01:13:56.375873,AWS_COK,drift,Temperature drifted by 3.54
2026-08-29T01:13:56.376692,AWS_TRV,dropout,Reading dropped
2026-08-29T01:13:56.377145,AWS_VTZ,cross_parameter_inconsistency,Physically inconsistent state
2026-08-29T01:13:56.382912,AWS_GAU,dropout,Reading dropped
2026-08-29T01:13:56.383649,AWS_MYQ,frozen_value,Values frozen
2026-08-29T01:13:56.384330,AWS_CJB,frozen_value,Values frozen
2026-08-29T01:13:58.386085,AWS_DEL,frozen_value,Values frozen
2026-08-29T01:13:58.388037,AWS_HYD,drift,Temperature drifted by 1.49
2026-08-29T01:13:58.390203,AWS_STV,frozen_value,Values frozen
2026-08-29T01:13:58.391566,AWS_LKO,frozen_value,Values frozen
2026-08-29T01:13:58.394791,AWS_NAG,drift,Temperature drifted by 3.26
2026-08-29T01:13:58.401323,AWS_GAU,dropout,Reading dropped
2026-08-29T01:13:58.402122,AWS_MYQ,frozen_value,Values frozen
2026-08-29T01:13:58.403291,AWS_CJB,frozen_value,Values frozen
2026-08-29T01:14:00.405568,AWS_MUM,dropout,Reading dropped
2026-08-29T01:14:00.406960,AWS_DEL,frozen_value,Values frozen
2026-08-29T01:14:00.410283,AWS_HYD,drift,Temperature drifted by 1.72
2026-08-29T01:14:00.416063,AWS_STV,frozen_value,Values frozen
2026-08-29T01:14:00.417132,AWS_LKO,frozen_value,Values frozen
2026-08-29T01:14:00.419304,AWS_KNP,cross_parameter_inconsistency,Physically inconsistent state
2026-08-29T01:14:00.421575,AWS_NAG,drift,Temperature drifted by 3.72
2026-08-29T01:14:00.423659,AWS_COK,spike,humidity spiked by 28.92
2026-08-29T01:14:00.424996,AWS_TRV,cross_parameter_inconsistency,Physically inconsistent state
2026-08-29T01:14:00.431199,AWS_BBI,drift,Temperature drifted by 0.24
2026-08-29T01:14:00.434990,AWS_GAU,dropout,Reading dropped
2026-08-29T01:14:00.438431,AWS_MYQ,frozen_value,Values frozen
2026-08-29T01:14:00.442474,AWS_CJB,frozen_value,Values frozen
2026-08-29T01:14:02.447648,AWS_BLR,frozen_value,Values frozen
2026-08-29T01:14:02.449304,AWS_HYD,drift,Temperature drifted by 2.12
2026-08-29T01:14:02.451678,AWS_PNQ,cross_parameter_inconsistency,Physically inconsistent state
2026-08-29T01:14:02.453237,AWS_STV,frozen_value,Values frozen
2026-08-29T01:14:02.454193,AWS_LKO,frozen_value,Values frozen
2026-08-29T01:14:02.455122,AWS_NAG,drift,Temperature drifted by 4.08
2026-08-29T01:14:02.456115,AWS_BHO,frozen_value,Values frozen
2026-08-29T01:14:02.456919,AWS_TRV,spike,pressure spiked by -112.87
2026-08-29T01:14:02.457551,AWS_VTZ,drift,Temperature drifted by 0.11
2026-08-29T01:14:02.458621,AWS_BBI,drift,Temperature drifted by 0.69
2026-08-29T01:14:02.459266,AWS_GAU,drift,Temperature drifted by 0.21
2026-08-29T01:14:02.460186,AWS_MYQ,frozen_value,Values frozen
2026-08-29T01:14:02.460777,AWS_CJB,frozen_value,Values frozen
2026-08-29T01:14:04.463757,AWS_BLR,frozen_value,Values frozen
2026-08-29T01:14:04.465388,AWS_HYD,drift,Temperature drifted by 2.27
2026-08-29T01:14:04.466857,AWS_PNQ,spatial_outlier,Deviating from spatial trend
2026-08-29T01:14:04.471404,AWS_STV,frozen_value,Values frozen
2026-08-29T01:14:04.474488,AWS_JAI,spike,pressure spiked by 79.64
2026-08-29T01:14:04.476835,AWS_LKO,frozen_value,Values frozen
2026-08-29T01:14:04.480039,AWS_NAG,drift,Temperature drifted by 4.45
2026-08-29T01:14:04.482852,AWS_BHO,frozen_value,Values frozen
2026-08-29T01:14:04.487071,AWS_VTZ,drift,Temperature drifted by 0.31
2026-08-29T01:14:04.488789,AWS_PAT,spatial_outlier,Deviating from spatial trend
2026-08-29T01:14:04.492633,AWS_BBI,drift,Temperature drifted by 1.19
2026-08-29T01:14:04.495498,AWS_GAU,drift,Temperature drifted by 0.56
2026-08-29T01:14:04.497854,AWS_MYQ,frozen_value,Values frozen
2026-08-29T01:14:04.500153,AWS_CJB,frozen_value,Values frozen
2026-08-29T01:14:06.503633,AWS_MUM,spike,humidity spiked by -15.22
2026-08-29T01:14:06.506338,AWS_BLR,frozen_value,Values frozen
2026-08-29T01:14:06.507228,AWS_HYD,drift,Temperature drifted by 2.62
2026-08-29T01:14:06.509852,AWS_STV,frozen_value,Values frozen
2026-08-29T01:14:06.510718,AWS_LKO,frozen_value,Values frozen
2026-08-29T01:14:06.511620,AWS_KNP,drift,Temperature drifted by 0.36
2026-08-29T01:14:06.512889,AWS_NAG,drift,Temperature drifted by 4.89
2026-08-29T01:14:06.513683,AWS_BHO,frozen_value,Values frozen
2026-08-29T01:14:06.514225,AWS_COK,spike,humidity spiked by 17.45
2026-08-29T01:14:06.514820,AWS_TRV,spike,humidity spiked by -19.63
2026-08-29T01:14:06.515520,AWS_VTZ,drift,Temperature drifted by 0.57
2026-08-29T01:14:06.516830,AWS_BBI,drift,Temperature drifted by 1.35
2026-08-29T01:14:06.517581,AWS_GAU,drift,Temperature drifted by 0.89
2026-08-29T01:14:06.518381,AWS_MYQ,frozen_value,Values frozen
2026-08-29T01:14:06.519057,AWS_CJB,frozen_value,Values frozen
2026-08-29T01:14:08.521519,AWS_BLR,frozen_value,Values frozen
2026-08-29T01:14:08.523111,AWS_HYD,drift,Temperature drifted by 3.12
2026-08-29T01:14:08.527798,AWS_LKO,frozen_value,Values frozen
2026-08-29T01:14:08.528800,AWS_KNP,drift,Temperature drifted by 0.71
2026-08-29T01:14:08.529925,AWS_BHO,frozen_value,Values frozen
2026-08-29T01:14:08.530944,AWS_VTZ,drift,Temperature drifted by 0.83
2026-08-29T01:14:08.535798,AWS_BBI,drift,Temperature drifted by 1.78
2026-08-29T01:14:08.538452,AWS_GAU,drift,Temperature drifted by 0.99
2026-08-29T01:14:08.540470,AWS_MYQ,frozen_value,Values frozen
2026-08-29T01:14:08.541234,AWS_CJB,frozen_value,Values frozen
2026-08-29T01:14:10.544999,AWS_BLR,frozen_value,Values frozen
2026-08-29T01:14:10.546253,AWS_HYD,drift,Temperature drifted by 3.37
2026-08-29T01:14:10.547945,AWS_JAI,dropout,Reading dropped
2026-08-29T01:14:10.548354,AWS_LKO,frozen_value,Values frozen
2026-08-29T01:14:10.549014,AWS_KNP,drift,Temperature drifted by 1.09
2026-08-29T01:14:10.549795,AWS_IDR,frozen_value,Values frozen
2026-08-29T01:14:10.550691,AWS_BHO,frozen_value,Values frozen
2026-08-29T01:14:10.551743,AWS_VTZ,drift,Temperature drifted by 1.12
2026-08-29T01:14:10.553124,AWS_IXC,frozen_value,Values frozen
2026-08-29T01:14:10.553692,AWS_BBI,drift,Temperature drifted by 2.01
2026-08-29T01:14:10.554267,AWS_GAU,drift,Temperature drifted by 1.33
2026-08-29T01:14:10.554824,AWS_IXR,spike,pressure spiked by -86.38
2026-08-29T01:14:10.555483,AWS_MYQ,dropout,Reading dropped
2026-08-29T01:14:10.555901,AWS_CJB,frozen_value,Values frozen
2026-08-29T01:14:12.557706,AWS_MUM,cross_parameter_inconsistency,Physically inconsistent state
2026-08-29T01:14:12.560242,AWS_BLR,frozen_value,Values frozen
2026-08-29T01:14:12.561024,AWS_HYD,drift,Temperature drifted by 3.53
2026-08-29T01:14:12.563617,AWS_AMD,dropout,Reading dropped
2026-08-29T01:14:12.564847,AWS_STV,dropout,Reading dropped
2026-08-29T01:14:12.566608,AWS_LKO,frozen_value,Values frozen
2026-08-29T01:14:12.567372,AWS_KNP,drift,Temperature drifted by 1.55
2026-08-29T01:14:12.568345,AWS_NAG,spike,temperature spiked by -26.67
2026-08-29T01:14:12.569460,AWS_IDR,frozen_value,Values frozen
2026-08-29T01:14:12.570274,AWS_BHO,frozen_value,Values frozen
2026-08-29T01:14:12.571505,AWS_VTZ,drift,Temperature drifted by 1.27
2026-08-29T01:14:12.572227,AWS_PAT,spike,temperature spiked by 13.30
2026-08-29T01:14:12.574115,AWS_IXC,frozen_value,Values frozen
2026-08-29T01:14:12.575091,AWS_BBI,drift,Temperature drifted by 2.34
2026-08-29T01:14:12.575781,AWS_GAU,drift,Temperature drifted by 1.51
2026-08-29T01:14:12.578716,AWS_MYQ,dropout,Reading dropped
2026-08-29T01:14:14.581398,AWS_BLR,frozen_value,Values frozen
2026-08-29T01:14:14.583309,AWS_HYD,drift,Temperature drifted by 3.69
2026-08-29T01:14:14.586695,AWS_PNQ,cross_parameter_inconsistency,Physically inconsistent state
2026-08-29T01:14:14.590320,AWS_LKO,frozen_value,Values frozen
2026-08-29T01:14:14.591856,AWS_KNP,drift,Temperature drifted by 1.90
2026-08-29T01:14:14.593842,AWS_IDR,frozen_value,Values frozen
2026-08-29T01:14:14.594532,AWS_BHO,frozen_value,Values frozen
2026-08-29T01:14:14.595516,AWS_VTZ,drift,Temperature drifted by 1.41
2026-08-29T01:14:14.596327,AWS_IXC,frozen_value,Values frozen
2026-08-29T01:14:14.597055,AWS_GAU,drift,Temperature drifted by 1.96
2026-08-29T01:14:14.597691,AWS_IXR,cross_parameter_inconsistency,Physically inconsistent state
2026-08-29T01:14:16.600418,AWS_BLR,frozen_value,Values frozen
2026-08-29T01:14:16.602279,AWS_HYD,drift,Temperature drifted by 3.86
2026-08-29T01:14:16.608028,AWS_JAI,drift,Temperature drifted by 0.50
2026-08-29T01:14:16.610523,AWS_LKO,frozen_value,Values frozen
2026-08-29T01:14:16.613588,AWS_KNP,drift,Temperature drifted by 2.30
2026-08-29T01:14:16.616159,AWS_NAG,cross_parameter_inconsistency,Physically inconsistent state
2026-08-29T01:14:16.619438,AWS_IDR,frozen_value,Values frozen
2026-08-29T01:14:16.622991,AWS_BHO,frozen_value,Values frozen
2026-08-29T01:14:16.628326,AWS_VTZ,drift,Temperature drifted by 1.61
2026-08-29T01:14:16.630890,AWS_PAT,dropout,Reading dropped
2026-08-29T01:14:16.632423,AWS_IXC,frozen_value,Values frozen
2026-08-29T01:14:16.637199,AWS_GAU,drift,Temperature drifted by 2.24
2026-08-29T01:14:16.640989,AWS_MYQ,spike,temperature spiked by -16.39
2026-08-29T01:14:18.646864,AWS_DEL,spatial_outlier,Deviating from spatial trend
2026-08-29T01:14:18.648350,AWS_BLR,frozen_value,Values frozen
2026-08-29T01:14:18.650831,AWS_AMD,spike,humidity spiked by 10.75
2026-08-29T01:14:18.651959,AWS_JAI,drift,Temperature drifted by 0.98
2026-08-29T01:14:18.653123,AWS_KNP,drift,Temperature drifted by 2.68
2026-08-29T01:14:18.654104,AWS_IDR,frozen_value,Values frozen
2026-08-29T01:14:18.654711,AWS_BHO,frozen_value,Values frozen
2026-08-29T01:14:18.655806,AWS_VTZ,drift,Temperature drifted by 1.85
2026-08-29T01:14:18.656450,AWS_PAT,dropout,Reading dropped
2026-08-29T01:14:18.656990,AWS_IXC,frozen_value,Values frozen
2026-08-29T01:14:18.657788,AWS_GAU,drift,Temperature drifted by 2.54
2026-08-29T01:14:20.660240,AWS_DEL,frozen_value,Values frozen
2026-08-29T01:14:20.661932,AWS_BLR,frozen_value,Values frozen
2026-08-29T01:14:20.664466,AWS_AMD,drift,Temperature drifted by 0.29
2026-08-29T01:14:20.665859,AWS_JAI,drift,Temperature drifted by 1.39
2026-08-29T01:14:20.667008,AWS_KNP,drift,Temperature drifted by 2.89
2026-08-29T01:14:20.668717,AWS_IDR,frozen_value,Values frozen
2026-08-29T01:14:20.669351,AWS_BHO,frozen_value,Values frozen
2026-08-29T01:14:20.670285,AWS_VTZ,drift,Temperature drifted by 2.18
2026-08-29T01:14:20.672395,AWS_BBI,cross_parameter_inconsistency,Physically inconsistent state
2026-08-29T01:14:20.673111,AWS_GAU,drift,Temperature drifted by 2.76
2026-08-29T01:14:22.674758,AWS_MUM,spike,temperature spiked by -29.55
2026-08-29T01:14:22.676625,AWS_DEL,frozen_value,Values frozen
2026-08-29T01:14:22.678143,AWS_BLR,frozen_value,Values frozen
2026-08-29T01:14:22.681382,AWS_AMD,drift,Temperature drifted by 0.42
2026-08-29T01:14:22.685126,AWS_JAI,drift,Temperature drifted by 1.70
2026-08-29T01:14:22.687406,AWS_KNP,drift,Temperature drifted by 3.36
2026-08-29T01:14:22.689613,AWS_IDR,frozen_value,Values frozen
2026-08-29T01:14:22.691557,AWS_BHO,frozen_value,Values frozen
2026-08-29T01:14:22.694664,AWS_VTZ,drift,Temperature drifted by 2.50
2026-08-29T01:14:22.698235,AWS_GAU,drift,Temperature drifted by 3.25
2026-08-29T01:14:22.701373,AWS_CJB,drift,Temperature drifted by 0.37
2026-08-29T01:14:24.704307,AWS_DEL,frozen_value,Values frozen
2026-08-29T01:14:24.705949,AWS_BLR,frozen_value,Values frozen
2026-08-29T01:14:24.707108,AWS_CCU,frozen_value,Values frozen
2026-08-29T01:14:24.708714,AWS_AMD,drift,Temperature drifted by 0.85
2026-08-29T01:14:24.710201,AWS_STV,drift,Temperature drifted by 0.42
2026-08-29T01:14:24.711847,AWS_JAI,drift,Temperature drifted by 1.81
2026-08-29T01:14:24.713517,AWS_KNP,drift,Temperature drifted by 3.57
2026-08-29T01:14:24.715419,AWS_IDR,frozen_value,Values frozen
2026-08-29T01:14:24.717544,AWS_BHO,frozen_value,Values frozen
2026-08-29T01:14:24.719462,AWS_VTZ,drift,Temperature drifted by 2.64
2026-08-29T01:14:24.720834,AWS_GAU,drift,Temperature drifted by 3.73
2026-08-29T01:14:24.721785,AWS_CJB,drift,Temperature drifted by 0.60
2026-08-29T01:14:26.723965,AWS_DEL,frozen_value,Values frozen
2026-08-29T01:14:26.725866,AWS_BLR,frozen_value,Values frozen
2026-08-29T01:14:26.728713,AWS_CCU,frozen_value,Values frozen
2026-08-29T01:14:26.729934,AWS_AMD,drift,Temperature drifted by 1.31
2026-08-29T01:14:26.730649,AWS_STV,drift,Temperature drifted by 0.62
2026-08-29T01:14:26.731241,AWS_JAI,drift,Temperature drifted by 2.03
2026-08-29T01:14:26.732081,AWS_KNP,drift,Temperature drifted by 3.68
2026-08-29T01:14:26.732943,AWS_IDR,frozen_value,Values frozen
2026-08-29T01:14:26.733559,AWS_BHO,frozen_value,Values frozen
2026-08-29T01:14:26.734638,AWS_TRV,drift,Temperature drifted by 0.24
2026-08-29T01:14:26.735295,AWS_VTZ,drift,Temperature drifted by 3.00
2026-08-29T01:14:26.736080,AWS_IXC,spatial_outlier,Deviating from spatial trend
2026-08-29T01:14:26.737926,AWS_CJB,drift,Temperature drifted by 1.10
2026-08-29T01:14:28.739761,AWS_DEL,frozen_value,Values frozen
2026-08-29T01:14:28.740924,AWS_BLR,spike,temperature spiked by -13.09
2026-08-29T01:14:28.743191,AWS_CCU,frozen_value,Values frozen
2026-08-29T01:14:28.745171,AWS_AMD,drift,Temperature drifted by 1.46
2026-08-29T01:14:28.746973,AWS_STV,drift,Temperature drifted by 0.93
2026-08-29T01:14:28.748448,AWS_JAI,drift,Temperature drifted by 2.21
2026-08-29T01:14:28.749861,AWS_LKO,spatial_outlier,Deviating from spatial trend
2026-08-29T01:14:28.751570,AWS_KNP,drift,Temperature drifted by 4.05
2026-08-29T01:14:28.752953,AWS_NAG,spike,pressure spiked by -84.43
2026-08-29T01:14:28.754298,AWS_IDR,frozen_value,Values frozen
2026-08-29T01:14:28.755864,AWS_BHO,frozen_value,Values frozen
2026-08-29T01:14:28.757925,AWS_TRV,drift,Temperature drifted by 0.55
2026-08-29T01:14:28.759486,AWS_VTZ,drift,Temperature drifted by 3.32
2026-08-29T01:14:28.761667,AWS_IXC,drift,Temperature drifted by 0.12
2026-08-29T01:14:28.765132,AWS_IXR,drift,Temperature drifted by 0.49
2026-08-29T01:14:28.766912,AWS_CJB,drift,Temperature drifted by 1.56
2026-08-29T01:14:30.769531,AWS_DEL,frozen_value,Values frozen
2026-08-29T01:14:30.771656,AWS_CCU,frozen_value,Values frozen
2026-08-29T01:14:30.773399,AWS_AMD,drift,Temperature drifted by 1.94
2026-08-29T01:14:30.774761,AWS_STV,drift,Temperature drifted by 1.37
2026-08-29T01:14:30.776725,AWS_JAI,drift,Temperature drifted by 2.37
2026-08-29T01:14:30.778897,AWS_KNP,drift,Temperature drifted by 4.26
2026-08-29T01:14:30.780308,AWS_NAG,cross_parameter_inconsistency,Physically inconsistent state
2026-08-29T01:14:30.781631,AWS_IDR,frozen_value,Values frozen
2026-08-29T01:14:30.783597,AWS_BHO,frozen_value,Values frozen
2026-08-29T01:14:30.786928,AWS_TRV,drift,Temperature drifted by 0.70
2026-08-29T01:14:30.789580,AWS_VTZ,drift,Temperature drifted by 3.68
2026-08-29T01:14:30.792700,AWS_IXC,drift,Temperature drifted by 0.58
2026-08-29T01:14:30.795142,AWS_GAU,drift,Temperature drifted by 0.21
2026-08-29T01:14:30.796948,AWS_IXR,drift,Temperature drifted by 0.96
2026-08-29T01:14:30.799533,AWS_CJB,drift,Temperature drifted by 1.86
2026-08-29T01:14:32.802846,AWS_DEL,frozen_value,Values frozen
2026-08-29T01:14:32.807354,AWS_CCU,frozen_value,Values frozen
2026-08-29T01:14:32.809661,AWS_AMD,drift,Temperature drifted by 2.25
2026-08-29T01:14:32.810327,AWS_STV,drift,Temperature drifted by 1.85
2026-08-29T01:14:32.812693,AWS_JAI,drift,Temperature drifted by 2.70
2026-08-29T01:14:32.816742,AWS_KNP,drift,Temperature drifted by 4.73
2026-08-29T01:14:32.821186,AWS_IDR,frozen_value,Values frozen
2026-08-29T01:14:32.826230,AWS_TRV,drift,Temperature drifted by 1.15
2026-08-29T01:14:32.828758,AWS_PAT,drift,Temperature drifted by 0.32
2026-08-29T01:14:32.831183,AWS_IXC,drift,Temperature drifted by 0.86
2026-08-29T01:14:32.834812,AWS_GAU,drift,Temperature drifted by 0.60
2026-08-29T01:14:32.836688,AWS_IXR,drift,Temperature drifted by 1.09
2026-08-29T01:14:32.839346,AWS_CJB,drift,Temperature drifted by 2.25
2026-08-29T01:14:34.842276,AWS_DEL,frozen_value,Values frozen
2026-08-29T01:14:34.844256,AWS_HYD,drift,Temperature drifted by 0.39
2026-08-29T01:14:34.845498,AWS_MAA,drift,Temperature drifted by 0.49
2026-08-29T01:14:34.846739,AWS_CCU,frozen_value,Values frozen
2026-08-29T01:14:34.848433,AWS_AMD,drift,Temperature drifted by 2.69
2026-08-29T01:14:34.849859,AWS_STV,drift,Temperature drifted by 2.16
2026-08-29T01:14:34.851665,AWS_JAI,drift,Temperature drifted by 2.94
2026-08-29T01:14:34.855122,AWS_IDR,drift,Temperature drifted by 0.27
2026-08-29T01:14:34.857827,AWS_TRV,drift,Temperature drifted by 1.44
2026-08-29T01:14:34.860136,AWS_VTZ,drift,Temperature drifted by 0.16
2026-08-29T01:14:34.862316,AWS_PAT,drift,Temperature drifted by 0.62
2026-08-29T01:14:34.864162,AWS_IXC,drift,Temperature drifted by 1.11
2026-08-29T01:14:34.866923,AWS_GAU,drift,Temperature drifted by 0.72
2026-08-29T01:14:34.869220,AWS_IXR,drift,Temperature drifted by 1.25
2026-08-29T01:14:34.874147,AWS_CJB,drift,Temperature drifted by 2.54
2026-08-29T01:14:36.879431,AWS_DEL,frozen_value,Values frozen
2026-08-29T01:14:36.881848,AWS_HYD,drift,Temperature drifted by 0.68
2026-08-29T01:14:36.883074,AWS_MAA,drift,Temperature drifted by 0.94
2026-08-29T01:14:36.884362,AWS_CCU,frozen_value,Values frozen
2026-08-29T01:14:36.887240,AWS_AMD,drift,Temperature drifted by 2.93
2026-08-29T01:14:36.888628,AWS_STV,drift,Temperature drifted by 2.33
2026-08-29T01:14:36.892270,AWS_IDR,drift,Temperature drifted by 0.70
2026-08-29T01:14:36.895962,AWS_VTZ,drift,Temperature drifted by 0.59
2026-08-29T01:14:36.897255,AWS_PAT,drift,Temperature drifted by 0.82
2026-08-29T01:14:36.898176,AWS_IXC,drift,Temperature drifted by 1.35
2026-08-29T01:14:36.899367,AWS_GAU,drift,Temperature drifted by 0.82
2026-08-29T01:14:36.900364,AWS_IXR,drift,Temperature drifted by 1.49
2026-08-29T01:14:36.901505,AWS_CJB,drift,Temperature drifted by 2.98
2026-08-29T01:14:38.905042,AWS_DEL,frozen_value,Values frozen
2026-08-29T01:14:38.908716,AWS_HYD,drift,Temperature drifted by 0.86
2026-08-29T01:14:38.911924,AWS_MAA,drift,Temperature drifted by 1.43
2026-08-29T01:14:38.915122,AWS_CCU,frozen_value,Values frozen
2026-08-29T01:14:38.919336,AWS_AMD,drift,Temperature drifted by 3.40
2026-08-29T01:14:38.922714,AWS_STV,drift,Temperature drifted by 2.60
2026-08-29T01:14:38.925212,AWS_JAI,spatial_outlier,Deviating from spatial trend
2026-08-29T01:14:38.930287,AWS_NAG,cross_parameter_inconsistency,Physically inconsistent state
2026-08-29T01:14:38.932791,AWS_IDR,drift,Temperature drifted by 0.82
2026-08-29T01:14:38.940340,AWS_VTZ,drift,Temperature drifted by 0.84
2026-08-29T01:14:38.945079,AWS_PAT,drift,Temperature drifted by 1.23
2026-08-29T01:14:38.947969,AWS_IXC,drift,Temperature drifted by 1.74
2026-08-29T01:14:38.952239,AWS_GAU,drift,Temperature drifted by 1.24
2026-08-29T01:14:38.955167,AWS_IXR,drift,Temperature drifted by 1.76
2026-08-29T01:14:38.957573,AWS_MYQ,frozen_value,Values frozen
2026-08-29T01:14:40.962354,AWS_DEL,frozen_value,Values frozen
2026-08-29T01:14:40.964712,AWS_HYD,drift,Temperature drifted by 1.30
2026-08-29T01:14:40.966252,AWS_MAA,drift,Temperature drifted by 1.81
2026-08-29T01:14:40.967708,AWS_CCU,spike,humidity spiked by -23.76
2026-08-29T01:14:40.970828,AWS_AMD,drift,Temperature drifted by 3.55
2026-08-29T01:14:40.972684,AWS_STV,drift,Temperature drifted by 3.09
2026-08-29T01:14:40.977595,AWS_NAG,frozen_value,Values frozen
2026-08-29T01:14:40.979691,AWS_IDR,drift,Temperature drifted by 1.14
2026-08-29T01:14:40.984113,AWS_VTZ,drift,Temperature drifted by 1.23
2026-08-29T01:14:40.986563,AWS_PAT,drift,Temperature drifted by 1.60
2026-08-29T01:14:40.988842,AWS_IXC,drift,Temperature drifted by 1.86
2026-08-29T01:14:40.992234,AWS_GAU,drift,Temperature drifted by 1.66
2026-08-29T01:14:40.994462,AWS_IXR,drift,Temperature drifted by 2.02
2026-08-29T01:14:40.996537,AWS_MYQ,frozen_value,Values frozen
2026-08-29T01:14:43.000994,AWS_DEL,frozen_value,Values frozen
2026-08-29T01:14:43.002474,AWS_BLR,dropout,Reading dropped
2026-08-29T01:14:43.003284,AWS_HYD,drift,Temperature drifted by 1.72
2026-08-29T01:14:43.004585,AWS_MAA,drift,Temperature drifted by 2.10
2026-08-29T01:14:43.007525,AWS_STV,drift,Temperature drifted by 3.20
2026-08-29T01:14:43.009204,AWS_NAG,frozen_value,Values frozen
2026-08-29T01:14:43.010327,AWS_IDR,drift,Temperature drifted by 1.37
2026-08-29T01:14:43.013335,AWS_VTZ,drift,Temperature drifted by 1.54
2026-08-29T01:14:43.014021,AWS_PAT,drift,Temperature drifted by 1.75
2026-08-29T01:14:43.014628,AWS_IXC,drift,Temperature drifted by 2.29
2026-08-29T01:14:43.016591,AWS_GAU,drift,Temperature drifted by 1.92
2026-08-29T01:14:43.018049,AWS_IXR,drift,Temperature drifted by 2.41
2026-08-29T01:14:43.020101,AWS_MYQ,frozen_value,Values frozen
2026-08-29T01:14:45.022547,AWS_MUM,drift,Temperature drifted by 0.38
2026-08-29T01:14:45.026490,AWS_DEL,dropout,Reading dropped
2026-08-29T01:14:45.030047,AWS_BLR,dropout,Reading dropped
2026-08-29T01:14:45.035855,AWS_CCU,spatial_outlier,Deviating from spatial trend
2026-08-29T01:14:45.039941,AWS_AMD,drift,Temperature drifted by 0.47
2026-08-29T01:14:45.042252,AWS_STV,drift,Temperature drifted by 3.37
2026-08-29T01:14:45.050954,AWS_NAG,frozen_value,Values frozen
2026-08-29T01:14:45.055127,AWS_IDR,drift,Temperature drifted by 1.73
2026-08-29T01:14:45.062018,AWS_VTZ,drift,Temperature drifted by 1.88
2026-08-29T01:14:45.066671,AWS_PAT,drift,Temperature drifted by 2.12
2026-08-29T01:14:45.070437,AWS_IXC,drift,Temperature drifted by 2.45
2026-08-29T01:14:45.074806,AWS_GAU,drift,Temperature drifted by 2.17
2026-08-29T01:14:45.080181,AWS_MYQ,frozen_value,Values frozen
2026-08-29T01:14:47.086181,AWS_MUM,drift,Temperature drifted by 0.66
2026-08-29T01:14:47.088549,AWS_DEL,dropout,Reading dropped
2026-08-29T01:14:47.089663,AWS_BLR,dropout,Reading dropped
2026-08-29T01:14:47.091215,AWS_MAA,spike,pressure spiked by 66.97
2026-08-29T01:14:47.094298,AWS_AMD,drift,Temperature drifted by 0.85
2026-08-29T01:14:47.098545,AWS_NAG,frozen_value,Values frozen
2026-08-29T01:14:47.101090,AWS_IDR,drift,Temperature drifted by 1.92
2026-08-29T01:14:47.103829,AWS_COK,frozen_value,Values frozen
2026-08-29T01:14:47.107269,AWS_VTZ,drift,Temperature drifted by 2.23
2026-08-29T01:14:47.110058,AWS_PAT,drift,Temperature drifted by 2.37
2026-08-29T01:14:47.112400,AWS_IXC,drift,Temperature drifted by 2.74
2026-08-29T01:14:47.114526,AWS_BBI,spatial_outlier,Deviating from spatial trend
2026-08-29T01:14:47.117176,AWS_GAU,drift,Temperature drifted by 2.33
2026-08-29T01:14:47.118590,AWS_MYQ,frozen_value,Values frozen
2026-08-29T01:14:49.120549,AWS_MUM,drift,Temperature drifted by 1.10
2026-08-29T01:14:49.122176,AWS_DEL,spike,pressure spiked by 120.89
2026-08-29T01:14:49.123174,AWS_BLR,spatial_outlier,Deviating from spatial trend
2026-08-29T01:14:49.125633,AWS_AMD,drift,Temperature drifted by 0.99
2026-08-29T01:14:49.126486,AWS_JAI,frozen_value,Values frozen
2026-08-29T01:14:49.127500,AWS_NAG,frozen_value,Values frozen
2026-08-29T01:14:49.128740,AWS_IDR,drift,Temperature drifted by 2.21
2026-08-29T01:14:49.129881,AWS_BHO,drift,Temperature drifted by 0.32
2026-08-29T01:14:49.130451,AWS_COK,frozen_value,Values frozen
2026-08-29T01:14:49.131256,AWS_VTZ,drift,Temperature drifted by 2.49
2026-08-29T01:14:49.131793,AWS_PAT,drift,Temperature drifted by 2.78
2026-08-29T01:14:49.132867,AWS_IXC,drift,Temperature drifted by 2.85
2026-08-29T01:14:49.133993,AWS_GAU,drift,Temperature drifted by 2.59
2026-08-29T01:14:49.135691,AWS_MYQ,frozen_value,Values frozen
2026-08-29T01:14:51.138031,AWS_MUM,drift,Temperature drifted by 1.22
2026-08-29T01:14:51.141335,AWS_DEL,drift,Temperature drifted by 0.21
2026-08-29T01:14:51.152965,AWS_PNQ,drift,Temperature drifted by 0.43
2026-08-29T01:14:51.154222,AWS_AMD,drift,Temperature drifted by 1.39
2026-08-29T01:14:51.156047,AWS_JAI,frozen_value,Values frozen
2026-08-29T01:14:51.158560,AWS_NAG,frozen_value,Values frozen
2026-08-29T01:14:51.160137,AWS_IDR,drift,Temperature drifted by 2.36
2026-08-29T01:14:51.162103,AWS_BHO,drift,Temperature drifted by 0.73
2026-08-29T01:14:51.163833,AWS_COK,frozen_value,Values frozen
2026-08-29T01:14:51.166376,AWS_VTZ,drift,Temperature drifted by 2.82
2026-08-29T01:14:51.168260,AWS_PAT,drift,Temperature drifted by 3.00
2026-08-29T01:14:51.169846,AWS_IXC,drift,Temperature drifted by 3.31
2026-08-29T01:14:51.172829,AWS_MYQ,frozen_value,Values frozen
2026-08-29T01:14:51.174678,AWS_CJB,frozen_value,Values frozen
2026-08-29T01:14:53.176984,AWS_MUM,drift,Temperature drifted by 1.50
2026-08-29T01:14:53.178611,AWS_DEL,drift,Temperature drifted by 0.38
2026-08-29T01:14:53.181139,AWS_PNQ,drift,Temperature drifted by 0.69
2026-08-29T01:14:53.181891,AWS_AMD,drift,Temperature drifted by 1.81
2026-08-29T01:14:53.182900,AWS_JAI,frozen_value,Values frozen
2026-08-29T01:14:53.183889,AWS_KNP,drift,Temperature drifted by 0.33
2026-08-29T01:14:53.185042,AWS_NAG,frozen_value,Values frozen
2026-08-29T01:14:53.186071,AWS_IDR,drift,Temperature drifted by 2.83
2026-08-29T01:14:53.187185,AWS_BHO,drift,Temperature drifted by 0.95
2026-08-29T01:14:53.188512,AWS_COK,frozen_value,Values frozen
2026-08-29T01:14:53.190351,AWS_VTZ,drift,Temperature drifted by 3.26
2026-08-29T01:14:53.191683,AWS_PAT,drift,Temperature drifted by 3.45
2026-08-29T01:14:53.193518,AWS_BBI,dropout,Reading dropped
2026-08-29T01:14:53.195508,AWS_MYQ,frozen_value,Values frozen
2026-08-29T01:14:53.196897,AWS_CJB,frozen_value,Values frozen
2026-08-29T01:14:55.198735,AWS_MUM,drift,Temperature drifted by 1.75
2026-08-29T01:14:55.201000,AWS_DEL,drift,Temperature drifted by 0.63
2026-08-29T01:14:55.203722,AWS_HYD,spike,temperature spiked by -18.86
2026-08-29T01:14:55.205595,AWS_MAA,spike,humidity spiked by -13.59
2026-08-29T01:14:55.209040,AWS_PNQ,drift,Temperature drifted by 0.79
2026-08-29T01:14:55.212552,AWS_JAI,frozen_value,Values frozen
2026-08-29T01:14:55.215922,AWS_KNP,drift,Temperature drifted by 0.64
2026-08-29T01:14:55.218150,AWS_NAG,frozen_value,Values frozen
2026-08-29T01:14:55.219880,AWS_IDR,drift,Temperature drifted by 3.14
2026-08-29T01:14:55.221730,AWS_BHO,drift,Temperature drifted by 1.28
2026-08-29T01:14:55.224254,AWS_COK,frozen_value,Values frozen
2026-08-29T01:14:55.226947,AWS_VTZ,drift,Temperature drifted by 3.40
2026-08-29T01:14:55.229099,AWS_PAT,drift,Temperature drifted by 3.56
2026-08-29T01:14:55.232253,AWS_BBI,dropout,Reading dropped
2026-08-29T01:14:55.235348,AWS_MYQ,frozen_value,Values frozen
2026-08-29T01:14:55.237360,AWS_CJB,frozen_value,Values frozen
2026-08-29T01:14:57.239975,AWS_MUM,drift,Temperature drifted by 1.87
2026-08-29T01:14:57.241985,AWS_DEL,drift,Temperature drifted by 0.94
2026-08-29T01:14:57.244171,AWS_CCU,cross_parameter_inconsistency,Physically inconsistent state
2026-08-29T01:14:57.245580,AWS_PNQ,drift,Temperature drifted by 1.03
2026-08-29T01:14:57.248096,AWS_JAI,frozen_value,Values frozen
2026-08-29T01:14:57.250123,AWS_LKO,spike,pressure spiked by -96.65
2026-08-29T01:14:57.251485,AWS_KNP,drift,Temperature drifted by 0.83
2026-08-29T01:14:57.252344,AWS_NAG,frozen_value,Values frozen
2026-08-29T01:14:57.253654,AWS_IDR,drift,Temperature drifted by 3.28
2026-08-29T01:14:57.255289,AWS_BHO,drift,Temperature drifted by 1.68
2026-08-29T01:14:57.256513,AWS_COK,frozen_value,Values frozen
2026-08-29T01:14:57.259278,AWS_VTZ,drift,Temperature drifted by 3.87
2026-08-29T01:14:57.260662,AWS_PAT,drift,Temperature drifted by 3.95
2026-08-29T01:14:57.261719,AWS_IXC,cross_parameter_inconsistency,Physically inconsistent state
2026-08-29T01:14:57.262761,AWS_BBI,dropout,Reading dropped
2026-08-29T01:14:57.263998,AWS_MYQ,frozen_value,Values frozen
2026-08-29T01:14:57.265084,AWS_CJB,frozen_value,Values frozen
2026-08-29T01:14:59.267587,AWS_MUM,drift,Temperature drifted by 2.11
2026-08-29T01:14:59.269085,AWS_DEL,drift,Temperature drifted by 1.15
2026-08-29T01:14:59.271832,AWS_PNQ,drift,Temperature drifted by 1.42
2026-08-29T01:14:59.274367,AWS_AMD,dropout,Reading dropped
2026-08-29T01:14:59.275774,AWS_JAI,frozen_value,Values frozen
2026-08-29T01:14:59.277887,AWS_LKO,spike,humidity spiked by 13.48
2026-08-29T01:14:59.279233,AWS_KNP,drift,Temperature drifted by 1.31
2026-08-29T01:14:59.281389,AWS_NAG,frozen_value,Values frozen
2026-08-29T01:14:59.283278,AWS_IDR,drift,Temperature drifted by 3.60
2026-08-29T01:14:59.284858,AWS_BHO,drift,Temperature drifted by 1.80
2026-08-29T01:14:59.286724,AWS_COK,frozen_value,Values frozen
2026-08-29T01:14:59.289526,AWS_VTZ,drift,Temperature drifted by 4.07
2026-08-29T01:14:59.291252,AWS_PAT,drift,Temperature drifted by 4.12
2026-08-29T01:14:59.296163,AWS_IXR,spike,humidity spiked by -25.11
2026-08-29T01:14:59.297763,AWS_MYQ,frozen_value,Values frozen
2026-08-29T01:14:59.299378,AWS_CJB,frozen_value,Values frozen
2026-08-29T01:15:01.302209,AWS_MUM,spatial_outlier,Deviating from spatial trend
2026-08-29T01:15:01.303791,AWS_DEL,drift,Temperature drifted by 1.43
2026-08-29T01:15:01.305207,AWS_BLR,spike,temperature spiked by 19.48
2026-08-29T01:15:01.308485,AWS_MAA,spatial_outlier,Deviating from spatial trend
2026-08-29T01:15:01.312027,AWS_PNQ,drift,Temperature drifted by 1.84
2026-08-29T01:15:01.313928,AWS_AMD,dropout,Reading dropped
2026-08-29T01:15:01.314857,AWS_JAI,frozen_value,Values frozen
2026-08-29T01:15:01.317791,AWS_KNP,drift,Temperature drifted by 1.47
2026-08-29T01:15:01.321793,AWS_IDR,drift,Temperature drifted by 3.75
2026-08-29T01:15:01.324796,AWS_BHO,drift,Temperature drifted by 1.95
2026-08-29T01:15:01.328143,AWS_COK,frozen_value,Values frozen
2026-08-29T01:15:01.330932,AWS_VTZ,frozen_value,Values frozen
2026-08-29T01:15:01.337633,AWS_IXR,cross_parameter_inconsistency,Physically inconsistent state
2026-08-29T01:15:01.340202,AWS_MYQ,frozen_value,Values frozen
2026-08-29T01:15:03.345451,AWS_MUM,cross_parameter_inconsistency,Physically inconsistent state
2026-08-29T01:15:03.348323,AWS_DEL,drift,Temperature drifted by 1.89
2026-08-29T01:15:03.351465,AWS_HYD,dropout,Reading dropped
2026-08-29T01:15:03.355977,AWS_PNQ,drift,Temperature drifted by 1.95
2026-08-29T01:15:03.359765,AWS_JAI,frozen_value,Values frozen
2026-08-29T01:15:03.362652,AWS_KNP,drift,Temperature drifted by 1.76
2026-08-29T01:15:03.364932,AWS_NAG,spike,pressure spiked by 146.18
2026-08-29T01:15:03.369852,AWS_BHO,drift,Temperature drifted by 2.28
2026-08-29T01:15:03.372669,AWS_COK,frozen_value,Values frozen
2026-08-29T01:15:03.374880,AWS_VTZ,frozen_value,Values frozen
2026-08-29T01:15:03.377712,AWS_GAU,spike,humidity spiked by -13.20
2026-08-29T01:15:03.379680,AWS_MYQ,frozen_value,Values frozen
2026-08-29T01:15:05.381925,AWS_MUM,cross_parameter_inconsistency,Physically inconsistent state
2026-08-29T01:15:05.383246,AWS_DEL,drift,Temperature drifted by 2.21
2026-08-29T01:15:05.384320,AWS_BLR,spike,humidity spiked by 29.50
2026-08-29T01:15:05.385344,AWS_MAA,spike,temperature spiked by -14.45
2026-08-29T01:15:05.386792,AWS_PNQ,drift,Temperature drifted by 2.12
2026-08-29T01:15:05.387736,AWS_STV,frozen_value,Values frozen
2026-08-29T01:15:05.388619,AWS_JAI,frozen_value,Values frozen
2026-08-29T01:15:05.389382,AWS_LKO,frozen_value,Values frozen
2026-08-29T01:15:05.390502,AWS_KNP,drift,Temperature drifted by 1.90
2026-08-29T01:15:05.392903,AWS_BHO,drift,Temperature drifted by 2.66
2026-08-29T01:15:05.394098,AWS_COK,frozen_value,Values frozen
2026-08-29T01:15:05.395462,AWS_VTZ,frozen_value,Values frozen
2026-08-29T01:15:05.396829,AWS_IXC,spatial_outlier,Deviating from spatial trend
2026-08-29T01:15:05.398855,AWS_MYQ,spatial_outlier,Deviating from spatial trend
2026-08-29T01:15:07.402204,AWS_BLR,drift,Temperature drifted by 0.20
2026-08-29T01:15:07.404820,AWS_PNQ,drift,Temperature drifted by 2.60
2026-08-29T01:15:07.405798,AWS_STV,frozen_value,Values frozen
2026-08-29T01:15:07.406416,AWS_JAI,frozen_value,Values frozen
2026-08-29T01:15:07.407525,AWS_LKO,frozen_value,Values frozen
2026-08-29T01:15:07.408429,AWS_KNP,drift,Temperature drifted by 2.12
2026-08-29T01:15:07.410191,AWS_BHO,drift,Temperature drifted by 2.79
2026-08-29T01:15:07.410831,AWS_COK,frozen_value,Values frozen
2026-08-29T01:15:07.411572,AWS_VTZ,frozen_value,Values frozen
2026-08-29T01:15:09.416055,AWS_BLR,drift,Temperature drifted by 0.58
2026-08-29T01:15:09.417019,AWS_HYD,dropout,Reading dropped
2026-08-29T01:15:09.417988,AWS_MAA,cross_parameter_inconsistency,Physically inconsistent state
2026-08-29T01:15:09.419599,AWS_PNQ,drift,Temperature drifted by 3.01
2026-08-29T01:15:09.421046,AWS_STV,frozen_value,Values frozen
2026-08-29T01:15:09.421957,AWS_JAI,frozen_value,Values frozen
2026-08-29T01:15:09.423774,AWS_LKO,frozen_value,Values frozen
2026-08-29T01:15:09.425039,AWS_KNP,drift,Temperature drifted by 2.39
2026-08-29T01:15:09.426980,AWS_IDR,dropout,Reading dropped
2026-08-29T01:15:09.427905,AWS_COK,frozen_value,Values frozen
2026-08-29T01:15:09.429345,AWS_VTZ,frozen_value,Values frozen
2026-08-29T01:15:11.436817,AWS_BLR,drift,Temperature drifted by 1.04
2026-08-29T01:15:11.441180,AWS_CCU,spike,temperature spiked by -23.45
2026-08-29T01:15:11.445078,AWS_PNQ,drift,Temperature drifted by 3.36
2026-08-29T01:15:11.448429,AWS_STV,frozen_value,Values frozen
2026-08-29T01:15:11.450434,AWS_JAI,frozen_value,Values frozen
2026-08-29T01:15:11.452598,AWS_LKO,frozen_value,Values frozen
2026-08-29T01:15:11.454880,AWS_KNP,drift,Temperature drifted by 2.58
2026-08-29T01:15:11.457262,AWS_NAG,frozen_value,Values frozen
2026-08-29T01:15:11.461787,AWS_IDR,dropout,Reading dropped
2026-08-29T01:15:11.466681,AWS_VTZ,frozen_value,Values frozen
2026-08-29T01:15:11.482729,AWS_BBI,dropout,Reading dropped
2026-08-29T01:15:13.496201,AWS_MUM,dropout,Reading dropped
2026-08-29T01:15:13.498510,AWS_BLR,drift,Temperature drifted by 1.26
2026-08-29T01:15:13.501634,AWS_MAA,spike,temperature spiked by 26.02
2026-08-29T01:15:13.504343,AWS_CCU,dropout,Reading dropped
2026-08-29T01:15:13.506244,AWS_PNQ,drift,Temperature drifted by 3.80
2026-08-29T01:15:13.509408,AWS_STV,frozen_value,Values frozen
2026-08-29T01:15:13.512555,AWS_JAI,frozen_value,Values frozen
2026-08-29T01:15:13.516104,AWS_LKO,frozen_value,Values frozen
2026-08-29T01:15:13.518513,AWS_KNP,drift,Temperature drifted by 2.97
2026-08-29T01:15:13.520695,AWS_NAG,frozen_value,Values frozen
2026-08-29T01:15:13.522845,AWS_IDR,dropout,Reading dropped
2026-08-29T01:15:13.529339,AWS_VTZ,frozen_value,Values frozen
2026-08-29T01:15:13.534659,AWS_BBI,dropout,Reading dropped
2026-08-29T01:15:13.536153,AWS_GAU,spike,pressure spiked by -64.64
2026-08-29T01:15:13.539643,AWS_MYQ,drift,Temperature drifted by 0.33
2026-08-29T01:15:15.544950,AWS_BLR,drift,Temperature drifted by 1.60
2026-08-29T01:15:15.547191,AWS_CCU,dropout,Reading dropped
2026-08-29T01:15:15.547741,AWS_PNQ,drift,Temperature drifted by 4.21
2026-08-29T01:15:15.549120,AWS_STV,frozen_value,Values frozen
2026-08-29T01:15:15.550916,AWS_LKO,frozen_value,Values frozen
2026-08-29T01:15:15.552243,AWS_KNP,drift,Temperature drifted by 3.42
2026-08-29T01:15:15.553605,AWS_NAG,frozen_value,Values frozen
2026-08-29T01:15:15.555977,AWS_VTZ,frozen_value,Values frozen
2026-08-29T01:15:15.557446,AWS_BBI,dropout,Reading dropped
2026-08-29T01:15:15.558226,AWS_IXR,frozen_value,Values frozen
2026-08-29T01:15:15.559885,AWS_MYQ,drift,Temperature drifted by 0.70
2026-08-29T01:15:15.561703,AWS_CJB,frozen_value,Values frozen
2026-08-29T01:15:17.564153,AWS_MUM,frozen_value,Values frozen
2026-08-29T01:15:17.567633,AWS_BLR,drift,Temperature drifted by 1.79
2026-08-29T01:15:17.571598,AWS_PNQ,drift,Temperature drifted by 4.61
2026-08-29T01:15:17.575437,AWS_STV,frozen_value,Values frozen
2026-08-29T01:15:17.577714,AWS_JAI,spike,humidity spiked by 23.47
2026-08-29T01:15:17.580880,AWS_LKO,frozen_value,Values frozen
2026-08-29T01:15:17.585309,AWS_NAG,frozen_value,Values frozen
2026-08-29T01:15:17.590782,AWS_TRV,cross_parameter_inconsistency,Physically inconsistent state
2026-08-29T01:15:17.593735,AWS_VTZ,frozen_value,Values frozen
2026-08-29T01:15:17.596601,AWS_PAT,dropout,Reading dropped
2026-08-29T01:15:17.601265,AWS_IXC,frozen_value,Values frozen
2026-08-29T01:15:17.609026,AWS_IXR,frozen_value,Values frozen
2026-08-29T01:15:17.611447,AWS_MYQ,drift,Temperature drifted by 1.05
2026-08-29T01:15:17.614433,AWS_CJB,frozen_value,Values frozen
2026-08-29T01:15:19.618273,AWS_MUM,frozen_value,Values frozen
2026-08-29T01:15:19.620349,AWS_BLR,drift,Temperature drifted by 2.25
2026-08-29T01:15:19.621163,AWS_HYD,dropout,Reading dropped
2026-08-29T01:15:19.621681,AWS_CCU,frozen_value,Values frozen
2026-08-29T01:15:19.622195,AWS_PNQ,drift,Temperature drifted by 5.07
2026-08-29T01:15:19.623058,AWS_STV,frozen_value,Values frozen
2026-08-29T01:15:19.623893,AWS_LKO,frozen_value,Values frozen
2026-08-29T01:15:19.624784,AWS_NAG,frozen_value,Values frozen
2026-08-29T01:15:19.627590,AWS_VTZ,frozen_value,Values frozen
2026-08-29T01:15:19.628310,AWS_PAT,dropout,Reading dropped
2026-08-29T01:15:19.628687,AWS_IXC,frozen_value,Values frozen
2026-08-29T01:15:19.629294,AWS_BBI,cross_parameter_inconsistency,Physically inconsistent state
2026-08-29T01:15:19.630627,AWS_IXR,frozen_value,Values frozen
2026-08-29T01:15:19.631683,AWS_MYQ,drift,Temperature drifted by 1.54
2026-08-29T01:15:19.632630,AWS_CJB,frozen_value,Values frozen
2026-08-29T01:15:21.633986,AWS_MUM,frozen_value,Values frozen
2026-08-29T01:15:21.636092,AWS_BLR,drift,Temperature drifted by 2.54
2026-08-29T01:15:21.638059,AWS_CCU,frozen_value,Values frozen
2026-08-29T01:15:21.641017,AWS_STV,frozen_value,Values frozen
2026-08-29T01:15:21.642970,AWS_LKO,frozen_value,Values frozen
2026-08-29T01:15:21.646047,AWS_IDR,dropout,Reading dropped
2026-08-29T01:15:21.648442,AWS_TRV,cross_parameter_inconsistency,Physically inconsistent state
2026-08-29T01:15:21.650728,AWS_VTZ,frozen_value,Values frozen
2026-08-29T01:15:21.651906,AWS_IXC,frozen_value,Values frozen
2026-08-29T01:15:21.653225,AWS_BBI,spike,pressure spiked by 87.21
2026-08-29T01:15:21.655611,AWS_IXR,frozen_value,Values frozen
2026-08-29T01:15:21.656988,AWS_MYQ,drift,Temperature drifted by 1.81
2026-08-29T01:15:21.658696,AWS_CJB,frozen_value,Values frozen
2026-08-29T01:15:23.660795,AWS_MUM,frozen_value,Values frozen
2026-08-29T01:15:23.663366,AWS_BLR,drift,Temperature drifted by 2.87
2026-08-29T01:15:23.666780,AWS_CCU,frozen_value,Values frozen
2026-08-29T01:15:23.668487,AWS_PNQ,frozen_value,Values frozen
2026-08-29T01:15:23.671757,AWS_STV,frozen_value,Values frozen
2026-08-29T01:15:23.675403,AWS_NAG,frozen_value,Values frozen
2026-08-29T01:15:23.677897,AWS_IDR,dropout,Reading dropped
2026-08-29T01:15:23.684624,AWS_VTZ,frozen_value,Values frozen
2026-08-29T01:15:23.688390,AWS_IXC,frozen_value,Values frozen
2026-08-29T01:15:23.691774,AWS_IXR,frozen_value,Values frozen
2026-08-29T01:15:23.693889,AWS_MYQ,drift,Temperature drifted by 2.22
2026-08-29T01:15:23.695404,AWS_CJB,frozen_value,Values frozen
2026-08-29T01:15:25.698287,AWS_MUM,frozen_value,Values frozen
2026-08-29T01:15:25.700639,AWS_DEL,spatial_outlier,Deviating from spatial trend
2026-08-29T01:15:25.703325,AWS_BLR,drift,Temperature drifted by 3.10
2026-08-29T01:15:25.705493,AWS_HYD,dropout,Reading dropped
2026-08-29T01:15:25.709439,AWS_CCU,frozen_value,Values frozen
2026-08-29T01:15:25.712774,AWS_PNQ,frozen_value,Values frozen
2026-08-29T01:15:25.718492,AWS_STV,frozen_value,Values frozen
2026-08-29T01:15:25.725997,AWS_NAG,frozen_value,Values frozen
2026-08-29T01:15:25.728749,AWS_IDR,dropout,Reading dropped
2026-08-29T01:15:25.729946,AWS_BHO,spike,temperature spiked by 23.61
2026-08-29T01:15:25.732506,AWS_COK,dropout,Reading dropped
2026-08-29T01:15:25.738829,AWS_VTZ,frozen_value,Values frozen
2026-08-29T01:15:25.742374,AWS_IXC,frozen_value,Values frozen
2026-08-29T01:15:25.747294,AWS_IXR,frozen_value,Values frozen
2026-08-29T01:15:25.749890,AWS_MYQ,drift,Temperature drifted by 2.47
2026-08-29T01:15:25.752190,AWS_CJB,frozen_value,Values frozen
2026-08-29T01:15:27.755121,AWS_MUM,spike,temperature spiked by -25.13
2026-08-29T01:15:27.757466,AWS_BLR,drift,Temperature drifted by 3.47
2026-08-29T01:15:27.758830,AWS_HYD,dropout,Reading dropped
2026-08-29T01:15:27.760597,AWS_CCU,frozen_value,Values frozen
2026-08-29T01:15:27.761926,AWS_PNQ,frozen_value,Values frozen
2026-08-29T01:15:27.767680,AWS_NAG,frozen_value,Values frozen
2026-08-29T01:15:27.770372,AWS_BHO,drift,Temperature drifted by 0.21
2026-08-29T01:15:27.773082,AWS_COK,dropout,Reading dropped
2026-08-29T01:15:27.774368,AWS_TRV,frozen_value,Values frozen
2026-08-29T01:15:27.776227,AWS_VTZ,frozen_value,Values frozen
2026-08-29T01:15:27.783678,AWS_IXR,frozen_value,Values frozen
2026-08-29T01:15:27.787427,AWS_MYQ,drift,Temperature drifted by 2.89
2026-08-29T01:15:27.789784,AWS_CJB,frozen_value,Values frozen
2026-08-29T01:15:29.792588,AWS_DEL,drift,Temperature drifted by 0.20
2026-08-29T01:15:29.793427,AWS_BLR,drift,Temperature drifted by 3.82
2026-08-29T01:15:29.794303,AWS_MAA,spatial_outlier,Deviating from spatial trend
2026-08-29T01:15:29.794922,AWS_CCU,frozen_value,Values frozen
2026-08-29T01:15:29.795879,AWS_PNQ,frozen_value,Values frozen
2026-08-29T01:15:29.797460,AWS_NAG,frozen_value,Values frozen
2026-08-29T01:15:29.799939,AWS_BHO,drift,Temperature drifted by 0.34
2026-08-29T01:15:29.802672,AWS_TRV,frozen_value,Values frozen
2026-08-29T01:15:29.804303,AWS_VTZ,frozen_value,Values frozen
2026-08-29T01:15:29.809085,AWS_IXR,frozen_value,Values frozen
2026-08-29T01:15:29.809902,AWS_MYQ,drift,Temperature drifted by 3.07
2026-08-29T01:15:31.811505,AWS_DEL,drift,Temperature drifted by 0.66
2026-08-29T01:15:31.812167,AWS_BLR,drift,Temperature drifted by 3.92
2026-08-29T01:15:31.813470,AWS_CCU,frozen_value,Values frozen
2026-08-29T01:15:31.814215,AWS_PNQ,frozen_value,Values frozen
2026-08-29T01:15:31.817810,AWS_LKO,dropout,Reading dropped
2026-08-29T01:15:31.818712,AWS_NAG,frozen_value,Values frozen
2026-08-29T01:15:31.819750,AWS_BHO,drift,Temperature drifted by 0.56
2026-08-29T01:15:31.820809,AWS_TRV,frozen_value,Values frozen
2026-08-29T01:15:31.821614,AWS_VTZ,spike,pressure spiked by 83.23
2026-08-29T01:15:31.823198,AWS_GAU,drift,Temperature drifted by 0.27
2026-08-29T01:15:31.824331,AWS_MYQ,drift,Temperature drifted by 3.24
2026-08-29T01:15:33.825718,AWS_MUM,spike,humidity spiked by -26.81
2026-08-29T01:15:33.827610,AWS_DEL,drift,Temperature drifted by 1.14
2026-08-29T01:15:33.828903,AWS_BLR,drift,Temperature drifted by 4.39
2026-08-29T01:15:33.831633,AWS_CCU,frozen_value,Values frozen
2026-08-29T01:15:33.833882,AWS_PNQ,frozen_value,Values frozen
2026-08-29T01:15:33.838080,AWS_STV,spatial_outlier,Deviating from spatial trend
2026-08-29T01:15:33.839378,AWS_LKO,dropout,Reading dropped
2026-08-29T01:15:33.840219,AWS_NAG,frozen_value,Values frozen
2026-08-29T01:15:33.841119,AWS_BHO,drift,Temperature drifted by 0.98
2026-08-29T01:15:33.842382,AWS_TRV,frozen_value,Values frozen
2026-08-29T01:15:33.846343,AWS_GAU,drift,Temperature drifted by 0.55
2026-08-29T01:15:33.849819,AWS_MYQ,drift,Temperature drifted by 3.72
2026-08-29T01:15:35.855583,AWS_DEL,drift,Temperature drifted by 1.39
2026-08-29T01:15:35.856969,AWS_BLR,drift,Temperature drifted by 4.67
2026-08-29T01:15:35.858161,AWS_HYD,cross_parameter_inconsistency,Physically inconsistent state
2026-08-29T01:15:35.860179,AWS_PNQ,frozen_value,Values frozen
2026-08-29T01:15:35.861236,AWS_AMD,spatial_outlier,Deviating from spatial trend
2026-08-29T01:15:35.864209,AWS_LKO,dropout,Reading dropped
2026-08-29T01:15:35.866085,AWS_NAG,frozen_value,Values frozen
2026-08-29T01:15:35.867993,AWS_BHO,drift,Temperature drifted by 1.11
2026-08-29T01:15:35.870625,AWS_TRV,frozen_value,Values frozen
2026-08-29T01:15:35.873080,AWS_VTZ,drift,Temperature drifted by 0.11
2026-08-29T01:15:35.876040,AWS_GAU,drift,Temperature drifted by 0.68
2026-08-29T01:15:35.877652,AWS_MYQ,drift,Temperature drifted by 4.00
2026-08-29T01:15:37.880998,AWS_DEL,drift,Temperature drifted by 1.80
2026-08-29T01:15:37.890781,AWS_NAG,frozen_value,Values frozen
2026-08-29T01:15:37.892932,AWS_BHO,drift,Temperature drifted by 1.27
2026-08-29T01:15:37.895288,AWS_TRV,frozen_value,Values frozen
2026-08-29T01:15:37.896715,AWS_VTZ,drift,Temperature drifted by 0.34
2026-08-29T01:15:37.898826,AWS_IXC,cross_parameter_inconsistency,Physically inconsistent state
2026-08-29T01:15:37.901381,AWS_GAU,drift,Temperature drifted by 0.99
2026-08-29T01:15:37.902926,AWS_IXR,frozen_value,Values frozen
2026-08-29T01:15:37.904450,AWS_MYQ,drift,Temperature drifted by 4.39
2026-08-29T01:15:39.955836,AWS_DEL,drift,Temperature drifted by 2.26
2026-08-29T01:15:39.975471,AWS_STV,dropout,Reading dropped
2026-08-29T01:15:39.981179,AWS_NAG,frozen_value,Values frozen
2026-08-29T01:15:39.989036,AWS_BHO,drift,Temperature drifted by 1.76
2026-08-29T01:15:39.992026,AWS_TRV,frozen_value,Values frozen
2026-08-29T01:15:39.994871,AWS_VTZ,drift,Temperature drifted by 0.53
2026-08-29T01:15:40.003947,AWS_GAU,drift,Temperature drifted by 1.33
2026-08-29T01:15:40.008458,AWS_IXR,frozen_value,Values frozen
2026-08-29T01:15:42.014936,AWS_MUM,frozen_value,Values frozen
2026-08-29T01:15:42.021063,AWS_DEL,drift,Temperature drifted by 2.67
2026-08-29T01:15:42.023896,AWS_BLR,spatial_outlier,Deviating from spatial trend
2026-08-29T01:15:42.026678,AWS_HYD,cross_parameter_inconsistency,Physically inconsistent state
2026-08-29T01:15:42.037851,AWS_STV,dropout,Reading dropped
2026-08-29T01:15:42.042533,AWS_NAG,frozen_value,Values frozen
2026-08-29T01:15:42.049123,AWS_IDR,dropout,Reading dropped
2026-08-29T01:15:42.055507,AWS_BHO,drift,Temperature drifted by 1.92
2026-08-29T01:15:42.078505,AWS_TRV,frozen_value,Values frozen
2026-08-29T01:15:42.082138,AWS_VTZ,drift,Temperature drifted by 0.94
2026-08-29T01:15:42.096456,AWS_GAU,drift,Temperature drifted by 1.53
2026-08-29T01:15:42.105373,AWS_IXR,frozen_value,Values frozen
2026-08-29T01:15:44.129554,AWS_MUM,frozen_value,Values frozen
2026-08-29T01:15:44.132919,AWS_DEL,drift,Temperature drifted by 3.03
2026-08-29T01:15:44.151228,AWS_PNQ,spatial_outlier,Deviating from spatial trend
2026-08-29T01:15:44.162832,AWS_STV,dropout,Reading dropped
2026-08-29T01:15:44.173928,AWS_NAG,frozen_value,Values frozen
2026-08-29T01:15:44.177232,AWS_IDR,dropout,Reading dropped
2026-08-29T01:15:44.178708,AWS_BHO,drift,Temperature drifted by 2.10
2026-08-29T01:15:44.187246,AWS_TRV,frozen_value,Values frozen
2026-08-29T01:15:44.191876,AWS_VTZ,drift,Temperature drifted by 1.23
2026-08-29T01:15:44.195884,AWS_PAT,dropout,Reading dropped
2026-08-29T01:15:44.205716,AWS_GAU,drift,Temperature drifted by 1.84
2026-08-29T01:15:44.220805,AWS_IXR,frozen_value,Values frozen
2026-08-29T01:15:46.240058,AWS_MUM,frozen_value,Values frozen
2026-08-29T01:15:46.243896,AWS_DEL,drift,Temperature drifted by 3.13
2026-08-29T01:15:46.453692,AWS_NAG,frozen_value,Values frozen
2026-08-29T01:15:46.478859,AWS_BHO,drift,Temperature drifted by 2.48
2026-08-29T01:15:46.513717,AWS_COK,dropout,Reading dropped
2026-08-29T01:15:46.514896,AWS_TRV,frozen_value,Values frozen
2026-08-29T01:15:46.534589,AWS_VTZ,drift,Temperature drifted by 1.57
2026-08-29T01:15:46.542307,AWS_PAT,dropout,Reading dropped
2026-08-29T01:15:46.555400,AWS_GAU,drift,Temperature drifted by 2.33
2026-08-29T01:15:46.567056,AWS_IXR,frozen_value,Values frozen
2026-08-29T01:15:48.577884,AWS_MUM,frozen_value,Values frozen
2026-08-29T01:15:48.582510,AWS_DEL,drift,Temperature drifted by 3.63
2026-08-29T01:15:48.602760,AWS_PNQ,drift,Temperature drifted by 0.32
2026-08-29T01:15:48.614989,AWS_STV,spatial_outlier,Deviating from spatial trend
2026-08-29T01:15:48.618766,AWS_JAI,frozen_value,Values frozen
2026-08-29T01:15:48.623595,AWS_NAG,frozen_value,Values frozen
2026-08-29T01:15:48.626890,AWS_BHO,drift,Temperature drifted by 2.87
2026-08-29T01:15:48.630756,AWS_COK,dropout,Reading dropped
2026-08-29T01:15:48.632645,AWS_VTZ,drift,Temperature drifted by 1.87
2026-08-29T01:15:48.638138,AWS_PAT,dropout,Reading dropped
2026-08-29T01:15:48.646650,AWS_GAU,drift,Temperature drifted by 2.66
2026-08-29T01:15:48.656271,AWS_IXR,frozen_value,Values frozen
2026-08-29T01:15:50.662926,AWS_MUM,frozen_value,Values frozen
2026-08-29T01:15:50.665135,AWS_DEL,drift,Temperature drifted by 3.84
2026-08-29T01:15:50.669772,AWS_PNQ,drift,Temperature drifted by 0.71
2026-08-29T01:15:50.674274,AWS_JAI,frozen_value,Values frozen
2026-08-29T01:15:50.676128,AWS_LKO,frozen_value,Values frozen
2026-08-29T01:15:50.677323,AWS_NAG,frozen_value,Values frozen
2026-08-29T01:15:50.680113,AWS_BHO,drift,Temperature drifted by 2.98
2026-08-29T01:15:50.682690,AWS_TRV,drift,Temperature drifted by 0.12
2026-08-29T01:15:50.685109,AWS_VTZ,drift,Temperature drifted by 2.19
2026-08-29T01:15:50.687685,AWS_IXC,dropout,Reading dropped
2026-08-29T01:15:50.689668,AWS_GAU,drift,Temperature drifted by 2.81
2026-08-29T01:15:50.692006,AWS_IXR,frozen_value,Values frozen
2026-08-29T01:15:52.695976,AWS_MUM,frozen_value,Values frozen
2026-08-29T01:15:52.697868,AWS_DEL,drift,Temperature drifted by 4.29
2026-08-29T01:15:52.699278,AWS_BLR,spike,temperature spiked by 10.15
2026-08-29T01:15:52.701579,AWS_MAA,drift,Temperature drifted by 0.41
2026-08-29T01:15:52.704066,AWS_CCU,spike,pressure spiked by -64.85
2026-08-29T01:15:52.706342,AWS_PNQ,drift,Temperature drifted by 0.99
2026-08-29T01:15:52.709595,AWS_JAI,frozen_value,Values frozen
2026-08-29T01:15:52.711367,AWS_LKO,frozen_value,Values frozen
2026-08-29T01:15:52.716585,AWS_NAG,frozen_value,Values frozen
2026-08-29T01:15:52.718195,AWS_IDR,dropout,Reading dropped
2026-08-29T01:15:52.719288,AWS_BHO,drift,Temperature drifted by 3.25
2026-08-29T01:15:52.723805,AWS_COK,spike,pressure spiked by -61.58
2026-08-29T01:15:52.727279,AWS_TRV,drift,Temperature drifted by 0.39
2026-08-29T01:15:52.732465,AWS_VTZ,drift,Temperature drifted by 2.33
2026-08-29T01:15:52.738468,AWS_IXC,dropout,Reading dropped
2026-08-29T01:15:52.742888,AWS_GAU,drift,Temperature drifted by 2.98
2026-08-29T01:15:52.746968,AWS_IXR,frozen_value,Values frozen
2026-08-29T01:15:54.755470,AWS_MUM,frozen_value,Values frozen
2026-08-29T01:15:54.764406,AWS_MAA,drift,Temperature drifted by 0.70
2026-08-29T01:15:54.771551,AWS_PNQ,drift,Temperature drifted by 1.13
2026-08-29T01:15:54.778299,AWS_STV,drift,Temperature drifted by 0.35
2026-08-29T01:15:54.780875,AWS_JAI,frozen_value,Values frozen
2026-08-29T01:15:54.785298,AWS_LKO,frozen_value,Values frozen
2026-08-29T01:15:54.791243,AWS_NAG,frozen_value,Values frozen
2026-08-29T01:15:54.794647,AWS_IDR,dropout,Reading dropped
2026-08-29T01:15:54.796018,AWS_BHO,drift,Temperature drifted by 3.40
2026-08-29T01:15:54.799284,AWS_COK,spatial_outlier,Deviating from spatial trend
2026-08-29T01:15:54.803436,AWS_TRV,drift,Temperature drifted by 0.76
2026-08-29T01:15:54.808545,AWS_IXC,cross_parameter_inconsistency,Physically inconsistent state
2026-08-29T01:15:54.812044,AWS_IXR,frozen_value,Values frozen
2026-08-29T01:15:56.817366,AWS_MUM,dropout,Reading dropped
2026-08-29T01:15:56.821129,AWS_BLR,cross_parameter_inconsistency,Physically inconsistent state
2026-08-29T01:15:56.825521,AWS_MAA,drift,Temperature drifted by 0.88
2026-08-29T01:15:56.834132,AWS_PNQ,drift,Temperature drifted by 1.59
2026-08-29T01:15:56.840846,AWS_STV,drift,Temperature drifted by 0.71
2026-08-29T01:15:56.843384,AWS_JAI,frozen_value,Values frozen
2026-08-29T01:15:56.845489,AWS_LKO,frozen_value,Values frozen
2026-08-29T01:15:56.855470,AWS_NAG,frozen_value,Values frozen
2026-08-29T01:15:56.859795,AWS_BHO,drift,Temperature drifted by 3.64
2026-08-29T01:15:56.864811,AWS_TRV,drift,Temperature drifted by 1.25
2026-08-29T01:15:56.882069,AWS_IXR,frozen_value,Values frozen
2026-08-29T01:15:58.889943,AWS_MUM,dropout,Reading dropped
2026-08-29T01:15:58.894280,AWS_MAA,drift,Temperature drifted by 1.08
2026-08-29T01:15:58.896726,AWS_PNQ,drift,Temperature drifted by 1.94
2026-08-29T01:15:58.897699,AWS_STV,drift,Temperature drifted by 1.15
2026-08-29T01:15:58.898440,AWS_JAI,frozen_value,Values frozen
2026-08-29T01:15:58.899268,AWS_LKO,frozen_value,Values frozen
2026-08-29T01:15:58.900174,AWS_NAG,frozen_value,Values frozen
2026-08-29T01:15:58.902199,AWS_TRV,drift,Temperature drifted by 1.48
2026-08-29T01:15:58.903445,AWS_PAT,drift,Temperature drifted by 0.19
2026-08-29T01:15:58.904415,AWS_IXC,cross_parameter_inconsistency,Physically inconsistent state
2026-08-29T01:15:58.905590,AWS_IXR,frozen_value,Values frozen
2026-08-29T01:15:58.906298,AWS_CJB,cross_parameter_inconsistency,Physically inconsistent state
2026-08-29T01:16:50.993188,AWS_CCU,frozen_value,Values frozen
2026-08-29T01:16:50.999942,AWS_PNQ,spatial_outlier,Deviating from spatial trend
2026-08-29T01:16:51.008207,AWS_STV,dropout,Reading dropped
2026-08-29T01:16:51.011178,AWS_LKO,spatial_outlier,Deviating from spatial trend
2026-08-29T01:16:51.017465,AWS_NAG,spatial_outlier,Deviating from spatial trend
2026-08-29T01:16:51.027538,AWS_COK,spike,temperature spiked by 17.04
2026-08-29T01:16:51.034599,AWS_PAT,dropout,Reading dropped
2026-08-29T01:16:51.040483,AWS_MYQ,spatial_outlier,Deviating from spatial trend
2026-08-29T01:16:53.054796,AWS_CCU,frozen_value,Values frozen
2026-08-29T01:16:53.065904,AWS_STV,dropout,Reading dropped
2026-08-29T01:16:53.075010,AWS_NAG,spike,temperature spiked by -14.59
2026-08-29T01:16:53.100775,AWS_PAT,dropout,Reading dropped
2026-08-29T01:16:53.104260,AWS_IXC,spatial_outlier,Deviating from spatial trend
2026-08-29T01:16:53.113466,AWS_MYQ,drift,Temperature drifted by 0.43
2026-08-29T01:16:55.123777,AWS_BLR,spike,temperature spiked by -17.86
2026-08-29T01:16:55.128381,AWS_HYD,drift,Temperature drifted by 0.44
2026-08-29T01:16:55.138329,AWS_CCU,frozen_value,Values frozen
2026-08-29T01:16:55.147343,AWS_PNQ,spike,temperature spiked by 25.04
2026-08-29T01:16:55.154661,AWS_STV,dropout,Reading dropped
2026-08-29T01:16:55.171673,AWS_PAT,dropout,Reading dropped
2026-08-29T01:16:55.177161,AWS_GAU,spatial_outlier,Deviating from spatial trend
2026-08-29T01:16:55.184141,AWS_MYQ,drift,Temperature drifted by 0.70
2026-08-29T01:16:57.197613,AWS_HYD,drift,Temperature drifted by 0.58
2026-08-29T01:16:57.200445,AWS_MAA,spike,pressure spiked by 140.77
2026-08-29T01:16:57.204221,AWS_CCU,frozen_value,Values frozen
2026-08-29T01:16:57.222134,AWS_VTZ,spatial_outlier,Deviating from spatial trend
2026-08-29T01:16:57.232359,AWS_MYQ,drift,Temperature drifted by 0.84
2026-08-29T01:16:59.242845,AWS_HYD,drift,Temperature drifted by 1.02
2026-08-29T01:16:59.249343,AWS_CCU,frozen_value,Values frozen
2026-08-29T01:16:59.255829,AWS_STV,drift,Temperature drifted by 0.32
2026-08-29T01:16:59.274411,AWS_VTZ,dropout,Reading dropped
2026-08-29T01:16:59.279245,AWS_IXC,frozen_value,Values frozen
2026-08-29T01:16:59.286452,AWS_MYQ,drift,Temperature drifted by 1.16
2026-08-29T01:17:01.294882,AWS_HYD,drift,Temperature drifted by 1.45
2026-08-29T01:17:01.305330,AWS_STV,drift,Temperature drifted by 0.69
2026-08-29T01:17:01.319470,AWS_NAG,spike,temperature spiked by -18.75
2026-08-29T01:17:01.323128,AWS_BHO,drift,Temperature drifted by 0.19
2026-08-29T01:17:01.330992,AWS_TRV,spatial_outlier,Deviating from spatial trend
2026-08-29T01:17:01.334387,AWS_VTZ,dropout,Reading dropped
2026-08-29T01:17:01.337621,AWS_IXC,frozen_value,Values frozen
2026-08-29T01:17:01.341004,AWS_IXR,cross_parameter_inconsistency,Physically inconsistent state
2026-08-29T01:17:01.344884,AWS_MYQ,drift,Temperature drifted by 1.53
2026-08-29T01:17:03.351423,AWS_DEL,dropout,Reading dropped
2026-08-29T01:17:03.353083,AWS_HYD,drift,Temperature drifted by 1.85
2026-08-29T01:17:03.353875,AWS_MAA,drift,Temperature drifted by 0.13
2026-08-29T01:17:03.355892,AWS_STV,drift,Temperature drifted by 1.16
2026-08-29T01:17:03.357420,AWS_KNP,dropout,Reading dropped
2026-08-29T01:17:03.358946,AWS_BHO,drift,Temperature drifted by 0.47
2026-08-29T01:17:03.360398,AWS_IXC,frozen_value,Values frozen
2026-08-29T01:17:03.361265,AWS_GAU,drift,Temperature drifted by 0.41
2026-08-29T01:17:03.362244,AWS_MYQ,drift,Temperature drifted by 1.90
2026-08-29T01:18:10.946040,AWS_DEL,spatial_outlier,Deviating from spatial trend
2026-08-29T01:18:10.952615,AWS_COK,frozen_value,Values frozen
2026-08-29T01:18:12.959191,AWS_HYD,dropout,Reading dropped
2026-08-29T01:18:12.960322,AWS_PNQ,spike,temperature spiked by -28.02
2026-08-29T01:18:12.962140,AWS_JAI,frozen_value,Values frozen
2026-08-29T01:18:12.962831,AWS_LKO,dropout,Reading dropped
2026-08-29T01:18:12.963899,AWS_BHO,frozen_value,Values frozen
2026-08-29T01:18:12.965334,AWS_COK,frozen_value,Values frozen
2026-08-29T01:18:12.967600,AWS_MYQ,drift,Temperature drifted by 0.35
2026-08-29T01:18:14.977202,AWS_HYD,dropout,Reading dropped
2026-08-29T01:18:14.984237,AWS_CCU,drift,Temperature drifted by 0.38
2026-08-29T01:18:15.006314,AWS_JAI,frozen_value,Values frozen
2026-08-29T01:18:15.017973,AWS_LKO,dropout,Reading dropped
2026-08-29T01:18:15.036251,AWS_BHO,frozen_value,Values frozen
2026-08-29T01:18:15.044419,AWS_COK,frozen_value,Values frozen
2026-08-29T01:18:15.057231,AWS_PAT,spike,temperature spiked by 14.90
2026-08-29T01:18:15.071515,AWS_IXC,spatial_outlier,Deviating from spatial trend
2026-08-29T01:18:15.095143,AWS_MYQ,drift,Temperature drifted by 0.45
2026-08-29T01:18:17.106878,AWS_BLR,spike,temperature spiked by 29.02
2026-08-29T01:18:17.110269,AWS_HYD,dropout,Reading dropped
2026-08-29T01:18:17.119687,AWS_CCU,drift,Temperature drifted by 0.71
2026-08-29T01:18:17.127129,AWS_AMD,cross_parameter_inconsistency,Physically inconsistent state
2026-08-29T01:18:17.149125,AWS_JAI,frozen_value,Values frozen
2026-08-29T01:18:17.154956,AWS_LKO,dropout,Reading dropped
2026-08-29T01:18:17.170754,AWS_BHO,frozen_value,Values frozen
2026-08-29T01:18:17.176333,AWS_COK,frozen_value,Values frozen
2026-08-29T01:18:17.183639,AWS_TRV,cross_parameter_inconsistency,Physically inconsistent state
2026-08-29T01:18:17.187987,AWS_VTZ,spatial_outlier,Deviating from spatial trend
2026-08-29T01:18:17.196767,AWS_PAT,drift,Temperature drifted by 0.30
2026-08-29T01:18:17.207868,AWS_MYQ,drift,Temperature drifted by 0.70
2026-08-29T01:18:19.220005,AWS_CCU,drift,Temperature drifted by 0.99
2026-08-29T01:18:19.230533,AWS_JAI,frozen_value,Values frozen
2026-08-29T01:18:19.236858,AWS_LKO,frozen_value,Values frozen
2026-08-29T01:18:19.245942,AWS_BHO,frozen_value,Values frozen
2026-08-29T01:18:19.252484,AWS_COK,frozen_value,Values frozen
2026-08-29T01:18:19.263282,AWS_PAT,drift,Temperature drifted by 0.46
2026-08-29T01:18:19.273652,AWS_MYQ,drift,Temperature drifted by 1.09
2026-08-29T01:18:21.278531,AWS_DEL,spike,humidity spiked by 10.03
2026-08-29T01:18:21.288205,AWS_CCU,drift,Temperature drifted by 1.48
2026-08-29T01:18:21.296492,AWS_JAI,frozen_value,Values frozen
2026-08-29T01:18:21.304899,AWS_LKO,frozen_value,Values frozen
2026-08-29T01:18:21.307831,AWS_KNP,spike,humidity spiked by 22.84
2026-08-29T01:18:21.313217,AWS_NAG,dropout,Reading dropped
2026-08-29T01:18:21.315137,AWS_IDR,cross_parameter_inconsistency,Physically inconsistent state
2026-08-29T01:18:21.318663,AWS_BHO,frozen_value,Values frozen
2026-08-29T01:18:21.321415,AWS_COK,frozen_value,Values frozen
2026-08-29T01:18:21.330518,AWS_PAT,drift,Temperature drifted by 0.73
2026-08-29T01:18:21.337505,AWS_BBI,dropout,Reading dropped
2026-08-29T01:18:21.344950,AWS_MYQ,drift,Temperature drifted by 1.29
2026-08-29T01:18:23.371214,AWS_DEL,drift,Temperature drifted by 0.11
2026-08-29T01:18:23.377755,AWS_BLR,spike,humidity spiked by 17.28
2026-08-29T01:18:23.385243,AWS_MAA,dropout,Reading dropped
2026-08-29T01:18:23.386767,AWS_CCU,drift,Temperature drifted by 1.67
2026-08-29T01:18:23.391698,AWS_PNQ,frozen_value,Values frozen
2026-08-29T01:18:23.405876,AWS_JAI,frozen_value,Values frozen
2026-08-29T01:18:23.412500,AWS_LKO,frozen_value,Values frozen
2026-08-29T01:18:23.418108,AWS_NAG,dropout,Reading dropped
2026-08-29T01:18:23.420794,AWS_BHO,frozen_value,Values frozen
2026-08-29T01:18:23.424716,AWS_COK,frozen_value,Values frozen
2026-08-29T01:18:23.432655,AWS_PAT,drift,Temperature drifted by 0.90
2026-08-29T01:18:23.441504,AWS_MYQ,drift,Temperature drifted by 1.62
2026-08-29T01:18:23.443520,AWS_CJB,spike,pressure spiked by -134.36
2026-08-29T01:18:25.448014,AWS_DEL,drift,Temperature drifted by 0.30
2026-08-29T01:18:25.455672,AWS_MAA,dropout,Reading dropped
2026-08-29T01:18:25.457852,AWS_CCU,drift,Temperature drifted by 2.17
2026-08-29T01:18:25.461870,AWS_PNQ,frozen_value,Values frozen
2026-08-29T01:18:25.465547,AWS_AMD,spatial_outlier,Deviating from spatial trend
2026-08-29T01:18:25.472869,AWS_JAI,frozen_value,Values frozen
2026-08-29T01:18:25.477928,AWS_LKO,frozen_value,Values frozen
2026-08-29T01:18:25.487981,AWS_BHO,frozen_value,Values frozen
2026-08-29T01:18:25.494792,AWS_COK,frozen_value,Values frozen
2026-08-29T01:18:25.504703,AWS_PAT,drift,Temperature drifted by 1.36
2026-08-29T01:18:25.509676,AWS_GAU,dropout,Reading dropped
2026-08-29T01:18:25.513038,AWS_MYQ,drift,Temperature drifted by 2.03
2026-08-29T01:18:27.520227,AWS_DEL,drift,Temperature drifted by 0.74
2026-08-29T01:18:27.525616,AWS_MAA,dropout,Reading dropped
2026-08-29T01:18:27.529726,AWS_CCU,drift,Temperature drifted by 2.36
2026-08-29T01:18:27.531705,AWS_PNQ,frozen_value,Values frozen
2026-08-29T01:18:27.536340,AWS_JAI,spike,temperature spiked by -20.95
2026-08-29T01:18:27.544376,AWS_LKO,frozen_value,Values frozen
2026-08-29T01:18:27.548143,AWS_NAG,drift,Temperature drifted by 0.35
2026-08-29T01:18:27.551229,AWS_BHO,frozen_value,Values frozen
2026-08-29T01:18:27.554058,AWS_COK,frozen_value,Values frozen
2026-08-29T01:18:27.556292,AWS_VTZ,spatial_outlier,Deviating from spatial trend
2026-08-29T01:18:27.559576,AWS_PAT,frozen_value,Values frozen
2026-08-29T01:18:27.564056,AWS_GAU,dropout,Reading dropped
2026-08-29T01:18:27.570786,AWS_MYQ,drift,Temperature drifted by 2.14
2026-08-29T01:18:29.579595,AWS_DEL,drift,Temperature drifted by 1.20
2026-08-29T01:18:29.583516,AWS_BLR,dropout,Reading dropped
2026-08-29T01:18:29.589694,AWS_MAA,dropout,Reading dropped
2026-08-29T01:18:29.590866,AWS_CCU,drift,Temperature drifted by 2.54
2026-08-29T01:18:29.593610,AWS_PNQ,frozen_value,Values frozen
2026-08-29T01:18:29.599083,AWS_STV,frozen_value,Values frozen
2026-08-29T01:18:29.601033,AWS_JAI,dropout,Reading dropped
2026-08-29T01:18:29.602709,AWS_LKO,frozen_value,Values frozen
2026-08-29T01:18:29.609725,AWS_NAG,drift,Temperature drifted by 0.64
2026-08-29T01:18:29.616273,AWS_BHO,frozen_value,Values frozen
2026-08-29T01:18:29.625861,AWS_PAT,frozen_value,Values frozen
2026-08-29T01:18:29.639466,AWS_GAU,dropout,Reading dropped
2026-08-29T01:18:29.642614,AWS_MYQ,drift,Temperature drifted by 2.42
2026-08-29T01:18:31.650427,AWS_DEL,drift,Temperature drifted by 1.68
2026-08-29T01:18:31.653407,AWS_BLR,dropout,Reading dropped
2026-08-29T01:18:31.657956,AWS_CCU,drift,Temperature drifted by 2.93
2026-08-29T01:18:31.659975,AWS_PNQ,frozen_value,Values frozen
2026-08-29T01:18:31.665879,AWS_STV,frozen_value,Values frozen
2026-08-29T01:18:31.669101,AWS_JAI,dropout,Reading dropped
2026-08-29T01:18:31.670072,AWS_LKO,frozen_value,Values frozen
2026-08-29T01:18:31.689063,AWS_NAG,drift,Temperature drifted by 1.14
2026-08-29T01:18:31.694300,AWS_IDR,drift,Temperature drifted by 0.10
2026-08-29T01:18:31.698275,AWS_BHO,frozen_value,Values frozen
2026-08-29T01:18:31.711016,AWS_PAT,frozen_value,Values frozen
2026-08-29T01:18:31.718904,AWS_MYQ,drift,Temperature drifted by 2.64
2026-08-29T01:18:31.720844,AWS_CJB,dropout,Reading dropped
2026-08-29T01:18:33.724038,AWS_DEL,drift,Temperature drifted by 1.90
2026-08-29T01:18:33.726236,AWS_BLR,dropout,Reading dropped
2026-08-29T01:18:33.731247,AWS_CCU,drift,Temperature drifted by 3.10
2026-08-29T01:18:33.733842,AWS_PNQ,frozen_value,Values frozen
2026-08-29T01:18:33.737192,AWS_AMD,frozen_value,Values frozen
2026-08-29T01:18:33.743142,AWS_STV,frozen_value,Values frozen
2026-08-29T01:18:33.746083,AWS_JAI,dropout,Reading dropped
2026-08-29T01:18:33.747619,AWS_LKO,frozen_value,Values frozen
2026-08-29T01:18:33.755104,AWS_NAG,drift,Temperature drifted by 1.26
2026-08-29T01:18:33.758845,AWS_IDR,drift,Temperature drifted by 0.55
2026-08-29T01:18:33.761555,AWS_BHO,frozen_value,Values frozen
2026-08-29T01:18:33.768501,AWS_PAT,frozen_value,Values frozen
2026-08-29T01:18:33.782268,AWS_MYQ,spike,pressure spiked by -102.14
2026-08-29T01:18:33.785006,AWS_CJB,dropout,Reading dropped
2026-08-29T01:18:35.787656,AWS_MUM,drift,Temperature drifted by 0.35
2026-08-29T01:18:35.799255,AWS_DEL,drift,Temperature drifted by 2.24
2026-08-29T01:18:35.816614,AWS_CCU,drift,Temperature drifted by 3.41
2026-08-29T01:18:35.820152,AWS_PNQ,frozen_value,Values frozen
2026-08-29T01:18:35.827004,AWS_AMD,frozen_value,Values frozen
2026-08-29T01:18:35.831892,AWS_STV,frozen_value,Values frozen
2026-08-29T01:18:35.847130,AWS_LKO,frozen_value,Values frozen
2026-08-29T01:18:35.858073,AWS_NAG,drift,Temperature drifted by 1.53
2026-08-29T01:18:35.870448,AWS_IDR,drift,Temperature drifted by 0.66
2026-08-29T01:18:35.877576,AWS_BHO,frozen_value,Values frozen
2026-08-29T01:18:35.891140,AWS_PAT,frozen_value,Values frozen
2026-08-29T01:18:35.893900,AWS_IXC,drift,Temperature drifted by 0.43
2026-08-29T01:18:35.903740,AWS_CJB,dropout,Reading dropped
2026-08-29T01:18:37.907049,AWS_MUM,drift,Temperature drifted by 0.60
2026-08-29T01:18:37.913541,AWS_DEL,drift,Temperature drifted by 2.37
2026-08-29T01:18:37.927615,AWS_MAA,spike,pressure spiked by 82.98
2026-08-29T01:18:37.936618,AWS_CCU,drift,Temperature drifted by 3.66
2026-08-29T01:18:37.940245,AWS_PNQ,frozen_value,Values frozen
2026-08-29T01:18:37.943871,AWS_AMD,frozen_value,Values frozen
2026-08-29T01:18:37.947314,AWS_STV,frozen_value,Values frozen
2026-08-29T01:18:37.950208,AWS_JAI,dropout,Reading dropped
2026-08-29T01:18:37.951286,AWS_LKO,frozen_value,Values frozen
2026-08-29T01:18:37.954512,AWS_NAG,drift,Temperature drifted by 1.96
2026-08-29T01:18:37.957256,AWS_IDR,drift,Temperature drifted by 0.77
2026-08-29T01:18:37.959715,AWS_BHO,frozen_value,Values frozen
2026-08-29T01:18:37.965961,AWS_PAT,cross_parameter_inconsistency,Physically inconsistent state
2026-08-29T01:18:37.967779,AWS_IXC,drift,Temperature drifted by 0.75
2026-08-29T01:18:37.975472,AWS_MYQ,spatial_outlier,Deviating from spatial trend
2026-08-29T01:18:37.978033,AWS_CJB,frozen_value,Values frozen
2026-08-29T01:18:39.980722,AWS_MUM,drift,Temperature drifted by 0.83
2026-08-29T01:18:39.986562,AWS_DEL,drift,Temperature drifted by 2.77
2026-08-29T01:18:40.028574,AWS_CCU,drift,Temperature drifted by 3.97
2026-08-29T01:18:40.042916,AWS_PNQ,frozen_value,Values frozen
2026-08-29T01:18:40.045656,AWS_AMD,frozen_value,Values frozen
2026-08-29T01:18:40.049948,AWS_STV,frozen_value,Values frozen
2026-08-29T01:18:40.076712,AWS_LKO,frozen_value,Values frozen
2026-08-29T01:18:40.091250,AWS_KNP,cross_parameter_inconsistency,Physically inconsistent state
2026-08-29T01:18:40.098631,AWS_NAG,drift,Temperature drifted by 2.22
2026-08-29T01:18:40.109881,AWS_IDR,drift,Temperature drifted by 1.20
2026-08-29T01:18:40.128086,AWS_TRV,dropout,Reading dropped
2026-08-29T01:18:40.137603,AWS_IXC,drift,Temperature drifted by 1.20
2026-08-29T01:18:40.152396,AWS_MYQ,spike,pressure spiked by 100.29
2026-08-29T01:18:40.154019,AWS_CJB,frozen_value,Values frozen
2026-08-29T01:18:42.155978,AWS_MUM,drift,Temperature drifted by 1.22
2026-08-29T01:18:42.161753,AWS_DEL,drift,Temperature drifted by 2.95
2026-08-29T01:18:42.190883,AWS_CCU,drift,Temperature drifted by 4.46
2026-08-29T01:18:42.202869,AWS_PNQ,frozen_value,Values frozen
2026-08-29T01:18:42.214843,AWS_AMD,frozen_value,Values frozen
2026-08-29T01:18:42.239449,AWS_LKO,frozen_value,Values frozen
2026-08-29T01:18:42.244433,AWS_NAG,drift,Temperature drifted by 2.51
2026-08-29T01:18:42.249933,AWS_IDR,drift,Temperature drifted by 1.69
2026-08-29T01:18:42.256797,AWS_TRV,dropout,Reading dropped
2026-08-29T01:18:42.260341,AWS_IXC,drift,Temperature drifted by 1.47
2026-08-29T01:18:42.270219,AWS_IXR,drift,Temperature drifted by 0.13
2026-08-29T01:18:42.274735,AWS_CJB,frozen_value,Values frozen
2026-08-29T01:18:44.280363,AWS_MUM,drift,Temperature drifted by 1.37
2026-08-29T01:18:44.283978,AWS_DEL,drift,Temperature drifted by 3.11
2026-08-29T01:18:44.301098,AWS_CCU,drift,Temperature drifted by 4.66
2026-08-29T01:18:44.304974,AWS_PNQ,frozen_value,Values frozen
2026-08-29T01:18:44.309029,AWS_AMD,dropout,Reading dropped
2026-08-29T01:18:44.319991,AWS_NAG,drift,Temperature drifted by 2.90
2026-08-29T01:18:44.325435,AWS_IDR,drift,Temperature drifted by 1.92
2026-08-29T01:18:44.329459,AWS_COK,frozen_value,Values frozen
2026-08-29T01:18:44.334254,AWS_TRV,dropout,Reading dropped
2026-08-29T01:18:44.338954,AWS_IXC,drift,Temperature drifted by 1.77
2026-08-29T01:18:44.345945,AWS_IXR,drift,Temperature drifted by 0.26
2026-08-29T01:18:44.352728,AWS_CJB,frozen_value,Values frozen
2026-08-29T01:18:46.358684,AWS_MUM,drift,Temperature drifted by 1.61
2026-08-29T01:18:46.367930,AWS_DEL,drift,Temperature drifted by 3.31
2026-08-29T01:18:46.394022,AWS_MAA,cross_parameter_inconsistency,Physically inconsistent state
2026-08-29T01:18:46.409552,AWS_PNQ,frozen_value,Values frozen
2026-08-29T01:18:46.417118,AWS_AMD,dropout,Reading dropped
2026-08-29T01:18:46.422110,AWS_STV,cross_parameter_inconsistency,Physically inconsistent state
2026-08-29T01:18:46.442959,AWS_IDR,drift,Temperature drifted by 2.21
2026-08-29T01:18:46.461590,AWS_COK,frozen_value,Values frozen
2026-08-29T01:18:46.469967,AWS_IXC,drift,Temperature drifted by 2.18
2026-08-29T01:18:46.477530,AWS_IXR,drift,Temperature drifted by 0.47
2026-08-29T01:18:46.482407,AWS_CJB,frozen_value,Values frozen
2026-08-29T01:18:48.486516,AWS_MUM,drift,Temperature drifted by 1.86
2026-08-29T01:18:48.492283,AWS_DEL,drift,Temperature drifted by 3.47
2026-08-29T01:18:48.505721,AWS_BLR,frozen_value,Values frozen
2026-08-29T01:18:48.544997,AWS_MAA,spike,humidity spiked by -15.07
2026-08-29T01:18:48.566028,AWS_PNQ,frozen_value,Values frozen
2026-08-29T01:18:48.599839,AWS_JAI,frozen_value,Values frozen
2026-08-29T01:18:48.611097,AWS_NAG,spatial_outlier,Deviating from spatial trend
2026-08-29T01:18:48.615945,AWS_IDR,spike,temperature spiked by -28.65
2026-08-29T01:18:48.620320,AWS_COK,frozen_value,Values frozen
2026-08-29T01:18:48.626035,AWS_TRV,spatial_outlier,Deviating from spatial trend
2026-08-29T01:18:48.631785,AWS_IXC,drift,Temperature drifted by 2.63
2026-08-29T01:18:48.747477,AWS_IXR,drift,Temperature drifted by 0.67
2026-08-29T01:18:48.810860,AWS_CJB,frozen_value,Values frozen
2026-08-29T01:18:50.827893,AWS_MUM,drift,Temperature drifted by 2.20
2026-08-29T01:18:50.830693,AWS_DEL,drift,Temperature drifted by 3.61
2026-08-29T01:18:50.834145,AWS_BLR,frozen_value,Values frozen
2026-08-29T01:18:50.845144,AWS_CCU,spatial_outlier,Deviating from spatial trend
2026-08-29T01:18:50.848487,AWS_PNQ,frozen_value,Values frozen
2026-08-29T01:18:50.857772,AWS_JAI,frozen_value,Values frozen
2026-08-29T01:18:50.861758,AWS_LKO,spatial_outlier,Deviating from spatial trend
2026-08-29T01:18:50.864553,AWS_KNP,dropout,Reading dropped
2026-08-29T01:18:50.870779,AWS_COK,frozen_value,Values frozen
2026-08-29T01:18:50.875466,AWS_IXC,drift,Temperature drifted by 2.94
2026-08-29T01:18:50.879636,AWS_BBI,dropout,Reading dropped
2026-08-29T01:18:50.885079,AWS_IXR,drift,Temperature drifted by 0.77
2026-08-29T01:18:50.891775,AWS_CJB,frozen_value,Values frozen
2026-08-29T01:18:52.903584,AWS_MUM,drift,Temperature drifted by 2.65
2026-08-29T01:18:52.920056,AWS_BLR,frozen_value,Values frozen
2026-08-29T01:18:52.945086,AWS_PNQ,frozen_value,Values frozen
2026-08-29T01:18:52.962990,AWS_JAI,frozen_value,Values frozen
2026-08-29T01:18:52.969506,AWS_LKO,drift,Temperature drifted by 0.27
2026-08-29T01:18:52.974486,AWS_KNP,dropout,Reading dropped
2026-08-29T01:18:52.978203,AWS_IDR,cross_parameter_inconsistency,Physically inconsistent state
2026-08-29T01:18:52.984709,AWS_COK,frozen_value,Values frozen
2026-08-29T01:18:52.990522,AWS_IXC,drift,Temperature drifted by 3.29
2026-08-29T01:18:52.994186,AWS_BBI,dropout,Reading dropped
2026-08-29T01:18:52.996119,AWS_IXR,drift,Temperature drifted by 0.98
2026-08-29T01:18:53.003631,AWS_CJB,spike,humidity spiked by 19.83
2026-08-29T01:18:55.011433,AWS_MUM,drift,Temperature drifted by 2.85
2026-08-29T01:18:55.051658,AWS_BLR,frozen_value,Values frozen
2026-08-29T01:18:55.057877,AWS_MAA,spatial_outlier,Deviating from spatial trend
2026-08-29T01:18:55.068166,AWS_JAI,frozen_value,Values frozen
2026-08-29T01:18:55.071628,AWS_LKO,drift,Temperature drifted by 0.49
2026-08-29T01:18:55.080413,AWS_NAG,cross_parameter_inconsistency,Physically inconsistent state
2026-08-29T01:18:55.089188,AWS_BHO,frozen_value,Values frozen
2026-08-29T01:18:55.093666,AWS_COK,frozen_value,Values frozen
2026-08-29T01:18:55.102397,AWS_IXC,drift,Temperature drifted by 3.65
2026-08-29T01:18:55.106979,AWS_BBI,spike,temperature spiked by -20.03
2026-08-29T01:18:55.110832,AWS_IXR,drift,Temperature drifted by 1.30
2026-08-29T01:18:57.124652,AWS_MUM,drift,Temperature drifted by 3.07
2026-08-29T01:18:57.140013,AWS_BLR,frozen_value,Values frozen
2026-08-29T01:18:57.146339,AWS_HYD,frozen_value,Values frozen
2026-08-29T01:18:57.174007,AWS_AMD,drift,Temperature drifted by 0.35
2026-08-29T01:18:57.184530,AWS_JAI,frozen_value,Values frozen
2026-08-29T01:18:57.188224,AWS_LKO,drift,Temperature drifted by 0.93
2026-08-29T01:18:57.192898,AWS_NAG,drift,Temperature drifted by 0.27
2026-08-29T01:18:57.195154,AWS_IDR,cross_parameter_inconsistency,Physically inconsistent state
2026-08-29T01:18:57.197161,AWS_BHO,frozen_value,Values frozen
2026-08-29T01:18:57.203518,AWS_TRV,spike,pressure spiked by 93.42
2026-08-29T01:18:57.207849,AWS_IXC,drift,Temperature drifted by 3.99
2026-08-29T01:18:57.210895,AWS_GAU,cross_parameter_inconsistency,Physically inconsistent state
2026-08-29T01:18:57.212907,AWS_IXR,drift,Temperature drifted by 1.54
2026-08-29T01:18:59.234399,AWS_BLR,frozen_value,Values frozen
2026-08-29T01:18:59.243079,AWS_HYD,frozen_value,Values frozen
2026-08-29T01:18:59.259293,AWS_PNQ,frozen_value,Values frozen
2026-08-29T01:18:59.263595,AWS_AMD,drift,Temperature drifted by 0.84
2026-08-29T01:18:59.272324,AWS_JAI,frozen_value,Values frozen
2026-08-29T01:18:59.274825,AWS_LKO,drift,Temperature drifted by 1.07
2026-08-29T01:18:59.279823,AWS_NAG,drift,Temperature drifted by 0.57
2026-08-29T01:18:59.290308,AWS_BHO,frozen_value,Values frozen
2026-08-29T01:18:59.305181,AWS_VTZ,frozen_value,Values frozen
2026-08-29T01:18:59.312754,AWS_IXC,drift,Temperature drifted by 4.12
2026-08-29T01:18:59.319882,AWS_IXR,drift,Temperature drifted by 1.71
2026-08-29T01:18:59.324473,AWS_CJB,spatial_outlier,Deviating from spatial trend
2026-08-29T01:19:01.337794,AWS_BLR,frozen_value,Values frozen
2026-08-29T01:19:01.356462,AWS_HYD,frozen_value,Values frozen
2026-08-29T01:19:01.362720,AWS_MAA,dropout,Reading dropped
2026-08-29T01:19:01.374366,AWS_PNQ,frozen_value,Values frozen
2026-08-29T01:19:01.391694,AWS_AMD,drift,Temperature drifted by 1.17
2026-08-29T01:19:01.415975,AWS_LKO,drift,Temperature drifted by 1.52
2026-08-29T01:19:01.442888,AWS_KNP,dropout,Reading dropped
2026-08-29T01:19:01.444286,AWS_NAG,drift,Temperature drifted by 0.68
2026-08-29T01:19:01.467507,AWS_IDR,dropout,Reading dropped
2026-08-29T01:19:01.468976,AWS_BHO,frozen_value,Values frozen
2026-08-29T01:19:01.479558,AWS_VTZ,frozen_value,Values frozen
2026-08-29T01:19:01.497155,AWS_IXC,drift,Temperature drifted by 4.62
2026-08-29T01:19:01.505576,AWS_BBI,drift,Temperature drifted by 0.49
2026-08-29T01:19:01.516684,AWS_IXR,drift,Temperature drifted by 1.91
2026-08-29T01:19:03.546547,AWS_MUM,cross_parameter_inconsistency,Physically inconsistent state
2026-08-29T01:19:03.548989,AWS_DEL,drift,Temperature drifted by 0.25
2026-08-29T01:19:03.551661,AWS_HYD,frozen_value,Values frozen
2026-08-29T01:19:03.556115,AWS_PNQ,frozen_value,Values frozen
2026-08-29T01:19:03.557996,AWS_AMD,drift,Temperature drifted by 1.41
2026-08-29T01:19:03.562870,AWS_LKO,drift,Temperature drifted by 1.91
2026-08-29T01:19:03.565314,AWS_KNP,dropout,Reading dropped
2026-08-29T01:19:03.566614,AWS_NAG,drift,Temperature drifted by 0.81
2026-08-29T01:19:03.568169,AWS_IDR,dropout,Reading dropped
2026-08-29T01:19:03.569498,AWS_BHO,frozen_value,Values frozen
2026-08-29T01:19:03.571324,AWS_COK,spike,humidity spiked by 10.86
2026-08-29T01:19:03.573436,AWS_TRV,spike,humidity spiked by -12.17
2026-08-29T01:19:03.575947,AWS_VTZ,frozen_value,Values frozen
2026-08-29T01:19:03.580224,AWS_IXC,drift,Temperature drifted by 4.81
2026-08-29T01:19:03.583028,AWS_BBI,drift,Temperature drifted by 0.74
2026-08-29T01:19:03.587001,AWS_IXR,drift,Temperature drifted by 2.32
2026-08-29T01:19:05.596451,AWS_DEL,drift,Temperature drifted by 0.42
2026-08-29T01:19:05.601697,AWS_BLR,spike,temperature spiked by -15.03
2026-08-29T01:19:05.615462,AWS_HYD,frozen_value,Values frozen
2026-08-29T01:19:05.659676,AWS_PNQ,frozen_value,Values frozen
2026-08-29T01:19:05.680380,AWS_AMD,drift,Temperature drifted by 1.69
2026-08-29T01:19:05.702948,AWS_LKO,drift,Temperature drifted by 2.19
2026-08-29T01:19:05.707004,AWS_KNP,dropout,Reading dropped
2026-08-29T01:19:05.709406,AWS_NAG,drift,Temperature drifted by 1.06
2026-08-29T01:19:05.717383,AWS_BHO,frozen_value,Values frozen
2026-08-29T01:19:05.721834,AWS_VTZ,frozen_value,Values frozen
2026-08-29T01:19:05.729639,AWS_BBI,drift,Temperature drifted by 1.00
2026-08-29T01:19:05.735839,AWS_IXR,drift,Temperature drifted by 2.82
2026-08-29T01:19:05.740367,AWS_CJB,cross_parameter_inconsistency,Physically inconsistent state
2026-08-29T01:19:07.745711,AWS_DEL,drift,Temperature drifted by 0.70
2026-08-29T01:19:07.749424,AWS_BLR,cross_parameter_inconsistency,Physically inconsistent state
2026-08-29T01:19:07.753464,AWS_HYD,frozen_value,Values frozen
2026-08-29T01:19:07.767140,AWS_PNQ,frozen_value,Values frozen
2026-08-29T01:19:07.771748,AWS_AMD,drift,Temperature drifted by 1.95
2026-08-29T01:19:07.777280,AWS_LKO,drift,Temperature drifted by 2.69
2026-08-29T01:19:07.780461,AWS_NAG,drift,Temperature drifted by 1.39
2026-08-29T01:19:07.785208,AWS_BHO,frozen_value,Values frozen
2026-08-29T01:19:07.788514,AWS_TRV,cross_parameter_inconsistency,Physically inconsistent state
2026-08-29T01:19:07.792645,AWS_VTZ,frozen_value,Values frozen
2026-08-29T01:19:07.795820,AWS_PAT,drift,Temperature drifted by 0.49
2026-08-29T01:19:07.799921,AWS_IXC,cross_parameter_inconsistency,Physically inconsistent state
2026-08-29T01:19:07.807986,AWS_BBI,drift,Temperature drifted by 1.23
2026-08-29T01:19:07.817210,AWS_IXR,drift,Temperature drifted by 3.06
2026-08-29T01:19:07.823019,AWS_CJB,drift,Temperature drifted by 0.24
2026-08-29T01:19:09.828000,AWS_DEL,drift,Temperature drifted by 1.20
2026-08-29T01:19:09.832829,AWS_HYD,frozen_value,Values frozen
2026-08-29T01:19:09.846076,AWS_AMD,drift,Temperature drifted by 2.16
2026-08-29T01:19:09.854831,AWS_KNP,cross_parameter_inconsistency,Physically inconsistent state
2026-08-29T01:19:09.861077,AWS_NAG,drift,Temperature drifted by 1.62
2026-08-29T01:19:09.869331,AWS_IDR,spatial_outlier,Deviating from spatial trend
2026-08-29T01:19:09.879538,AWS_BHO,frozen_value,Values frozen
2026-08-29T01:19:09.887497,AWS_VTZ,frozen_value,Values frozen
2026-08-29T01:19:09.890760,AWS_PAT,drift,Temperature drifted by 0.90
2026-08-29T01:19:09.893754,AWS_BBI,drift,Temperature drifted by 1.41
2026-08-29T01:19:09.896061,AWS_GAU,cross_parameter_inconsistency,Physically inconsistent state
2026-08-29T01:19:09.899350,AWS_IXR,drift,Temperature drifted by 3.19
2026-08-29T01:19:09.902662,AWS_CJB,drift,Temperature drifted by 0.72
2026-08-29T01:19:11.914616,AWS_DEL,drift,Temperature drifted by 1.49
2026-08-29T01:19:11.920957,AWS_BLR,frozen_value,Values frozen
2026-08-29T01:19:11.928275,AWS_HYD,frozen_value,Values frozen
2026-08-29T01:19:11.953853,AWS_AMD,drift,Temperature drifted by 2.43
2026-08-29T01:19:11.973050,AWS_JAI,frozen_value,Values frozen
2026-08-29T01:19:11.989449,AWS_KNP,dropout,Reading dropped
2026-08-29T01:19:11.990658,AWS_NAG,drift,Temperature drifted by 1.87
2026-08-29T01:19:11.998455,AWS_BHO,frozen_value,Values frozen
2026-08-29T01:19:12.006395,AWS_VTZ,frozen_value,Values frozen
2026-08-29T01:19:12.008799,AWS_PAT,drift,Temperature drifted by 1.12
2026-08-29T01:19:12.011870,AWS_IXC,spatial_outlier,Deviating from spatial trend
2026-08-29T01:19:12.014932,AWS_BBI,spatial_outlier,Deviating from spatial trend
2026-08-29T01:19:12.020960,AWS_CJB,drift,Temperature drifted by 1.18
2026-08-29T01:19:14.024380,AWS_MUM,spike,pressure spiked by -52.64
2026-08-29T01:19:14.030082,AWS_DEL,drift,Temperature drifted by 1.73
2026-08-29T01:19:14.032129,AWS_BLR,frozen_value,Values frozen
2026-08-29T01:19:14.044423,AWS_CCU,drift,Temperature drifted by 0.37
2026-08-29T01:19:14.052190,AWS_AMD,drift,Temperature drifted by 2.75
2026-08-29T01:19:14.055491,AWS_JAI,frozen_value,Values frozen
2026-08-29T01:19:14.058187,AWS_LKO,frozen_value,Values frozen
2026-08-29T01:19:14.065815,AWS_NAG,drift,Temperature drifted by 1.98
2026-08-29T01:19:14.070409,AWS_BHO,frozen_value,Values frozen
2026-08-29T01:19:14.072401,AWS_COK,cross_parameter_inconsistency,Physically inconsistent state
2026-08-29T01:19:14.077443,AWS_VTZ,frozen_value,Values frozen
2026-08-29T01:19:14.080335,AWS_PAT,drift,Temperature drifted by 1.60
2026-08-29T01:19:14.086395,AWS_GAU,dropout,Reading dropped
2026-08-29T01:19:14.089073,AWS_CJB,drift,Temperature drifted by 1.34
2026-08-29T01:19:16.097037,AWS_DEL,drift,Temperature drifted by 2.21
2026-08-29T01:19:16.103020,AWS_BLR,frozen_value,Values frozen
2026-08-29T01:19:16.120353,AWS_CCU,drift,Temperature drifted by 0.64
2026-08-29T01:19:16.137471,AWS_AMD,drift,Temperature drifted by 3.23
2026-08-29T01:19:16.144704,AWS_JAI,frozen_value,Values frozen
2026-08-29T01:19:16.153644,AWS_LKO,frozen_value,Values frozen
2026-08-29T01:19:16.158331,AWS_NAG,drift,Temperature drifted by 2.46
2026-08-29T01:19:16.163500,AWS_BHO,drift,Temperature drifted by 0.46
2026-08-29T01:19:16.173717,AWS_VTZ,frozen_value,Values frozen
2026-08-29T01:19:16.181543,AWS_PAT,drift,Temperature drifted by 1.90
2026-08-29T01:19:16.188307,AWS_BBI,cross_parameter_inconsistency,Physically inconsistent state
2026-08-29T01:19:16.192214,AWS_GAU,dropout,Reading dropped
2026-08-29T01:19:16.197432,AWS_CJB,drift,Temperature drifted by 1.72
2026-08-29T01:19:18.203905,AWS_DEL,drift,Temperature drifted by 2.50
2026-08-29T01:19:18.212912,AWS_BLR,frozen_value,Values frozen
2026-08-29T01:19:18.224583,AWS_HYD,spike,humidity spiked by -10.36
2026-08-29T01:19:18.234779,AWS_MAA,cross_parameter_inconsistency,Physically inconsistent state
2026-08-29T01:19:18.244791,AWS_CCU,drift,Temperature drifted by 1.13
2026-08-29T01:19:18.254709,AWS_PNQ,drift,Temperature drifted by 0.50
2026-08-29T01:19:18.267179,AWS_AMD,drift,Temperature drifted by 3.66
2026-08-29T01:19:18.278468,AWS_JAI,frozen_value,Values frozen
2026-08-29T01:19:18.287596,AWS_LKO,frozen_value,Values frozen
2026-08-29T01:19:18.311864,AWS_NAG,drift,Temperature drifted by 2.90
2026-08-29T01:19:18.326993,AWS_BHO,drift,Temperature drifted by 0.57
2026-08-29T01:19:18.337696,AWS_VTZ,frozen_value,Values frozen
2026-08-29T01:19:18.340695,AWS_PAT,drift,Temperature drifted by 2.15
2026-08-29T01:19:18.348696,AWS_GAU,dropout,Reading dropped
2026-08-29T01:19:18.350211,AWS_IXR,cross_parameter_inconsistency,Physically inconsistent state
2026-08-29T01:19:18.357009,AWS_CJB,drift,Temperature drifted by 1.84
2026-08-29T01:19:20.361847,AWS_DEL,drift,Temperature drifted by 2.60
2026-08-29T01:19:20.363952,AWS_BLR,frozen_value,Values frozen
2026-08-29T01:19:20.366345,AWS_HYD,cross_parameter_inconsistency,Physically inconsistent state
2026-08-29T01:19:20.371570,AWS_CCU,drift,Temperature drifted by 1.52
2026-08-29T01:19:20.373531,AWS_PNQ,drift,Temperature drifted by 0.97
2026-08-29T01:19:20.375726,AWS_AMD,drift,Temperature drifted by 3.92
2026-08-29T01:19:20.380100,AWS_JAI,frozen_value,Values frozen
2026-08-29T01:19:20.383358,AWS_LKO,frozen_value,Values frozen
2026-08-29T01:19:20.388798,AWS_NAG,drift,Temperature drifted by 3.20
2026-08-29T01:19:20.391842,AWS_IDR,spatial_outlier,Deviating from spatial trend
2026-08-29T01:19:20.396244,AWS_BHO,drift,Temperature drifted by 0.98
2026-08-29T01:19:20.406160,AWS_COK,drift,Temperature drifted by 0.17
2026-08-29T01:19:20.434181,AWS_PAT,drift,Temperature drifted by 2.41
2026-08-29T01:19:20.459904,AWS_GAU,frozen_value,Values frozen
2026-08-29T01:19:20.468660,AWS_IXR,dropout,Reading dropped
2026-08-29T01:19:20.475948,AWS_MYQ,dropout,Reading dropped
2026-08-29T01:19:20.483154,AWS_CJB,drift,Temperature drifted by 2.16
2026-08-29T01:19:22.493399,AWS_MUM,drift,Temperature drifted by 0.45
2026-08-29T01:19:22.496360,AWS_DEL,drift,Temperature drifted by 2.97
2026-08-29T01:19:22.499332,AWS_BLR,frozen_value,Values frozen
2026-08-29T01:19:22.509853,AWS_CCU,drift,Temperature drifted by 1.65
2026-08-29T01:19:22.512204,AWS_PNQ,drift,Temperature drifted by 1.40
2026-08-29T01:19:22.517265,AWS_AMD,drift,Temperature drifted by 4.32
2026-08-29T01:19:22.520332,AWS_STV,dropout,Reading dropped
2026-08-29T01:19:22.521821,AWS_JAI,frozen_value,Values frozen
2026-08-29T01:19:22.524190,AWS_LKO,frozen_value,Values frozen
2026-08-29T01:19:22.528001,AWS_NAG,drift,Temperature drifted by 3.57
2026-08-29T01:19:22.531005,AWS_BHO,drift,Temperature drifted by 1.29
2026-08-29T01:19:22.535486,AWS_COK,drift,Temperature drifted by 0.36
2026-08-29T01:19:22.541878,AWS_PAT,drift,Temperature drifted by 2.90
2026-08-29T01:19:22.545761,AWS_IXC,frozen_value,Values frozen
2026-08-29T01:19:22.549110,AWS_BBI,spike,pressure spiked by 96.38
2026-08-29T01:19:22.556279,AWS_GAU,frozen_value,Values frozen
2026-08-29T01:19:22.561730,AWS_IXR,dropout,Reading dropped
2026-08-29T01:19:22.564499,AWS_MYQ,dropout,Reading dropped
2026-08-29T01:19:22.566904,AWS_CJB,drift,Temperature drifted by 2.47
2026-08-29T01:19:24.570725,AWS_MUM,drift,Temperature drifted by 0.72
2026-08-29T01:19:24.572686,AWS_DEL,drift,Temperature drifted by 3.23
2026-08-29T01:19:24.574496,AWS_BLR,frozen_value,Values frozen
2026-08-29T01:19:24.577571,AWS_CCU,drift,Temperature drifted by 2.10
2026-08-29T01:19:24.581282,AWS_PNQ,drift,Temperature drifted by 1.62
2026-08-29T01:19:24.583504,AWS_AMD,drift,Temperature drifted by 4.50
2026-08-29T01:19:24.585249,AWS_STV,dropout,Reading dropped
2026-08-29T01:19:24.586436,AWS_JAI,frozen_value,Values frozen
2026-08-29T01:19:24.588317,AWS_LKO,frozen_value,Values frozen
2026-08-29T01:19:24.590890,AWS_NAG,drift,Temperature drifted by 3.96
2026-08-29T01:19:24.593522,AWS_BHO,drift,Temperature drifted by 1.53
2026-08-29T01:19:24.595102,AWS_COK,drift,Temperature drifted by 0.67
2026-08-29T01:19:24.599443,AWS_VTZ,frozen_value,Values frozen
2026-08-29T01:19:24.602451,AWS_IXC,frozen_value,Values frozen
2026-08-29T01:19:24.606137,AWS_GAU,frozen_value,Values frozen
2026-08-29T01:19:24.610074,AWS_CJB,drift,Temperature drifted by 2.58
2026-08-29T01:19:26.616937,AWS_MUM,drift,Temperature drifted by 0.88
2026-08-29T01:19:26.622294,AWS_DEL,drift,Temperature drifted by 3.71
2026-08-29T01:19:26.625345,AWS_BLR,frozen_value,Values frozen
2026-08-29T01:19:26.635665,AWS_PNQ,drift,Temperature drifted by 1.97
2026-08-29T01:19:26.648336,AWS_STV,dropout,Reading dropped
2026-08-29T01:19:26.651966,AWS_JAI,frozen_value,Values frozen
2026-08-29T01:19:26.658650,AWS_LKO,frozen_value,Values frozen
2026-08-29T01:19:26.667303,AWS_NAG,drift,Temperature drifted by 4.29
2026-08-29T01:19:26.670126,AWS_BHO,drift,Temperature drifted by 1.68
2026-08-29T01:19:26.672073,AWS_COK,drift,Temperature drifted by 1.00
2026-08-29T01:19:26.676667,AWS_VTZ,frozen_value,Values frozen
2026-08-29T01:19:26.679630,AWS_IXC,frozen_value,Values frozen
2026-08-29T01:19:26.681947,AWS_GAU,frozen_value,Values frozen
2026-08-29T01:19:26.685123,AWS_CJB,drift,Temperature drifted by 2.93
2026-08-29T01:19:28.687948,AWS_MUM,drift,Temperature drifted by 1.28
2026-08-29T01:19:28.692272,AWS_DEL,drift,Temperature drifted by 3.98
2026-08-29T01:19:28.697915,AWS_BLR,frozen_value,Values frozen
2026-08-29T01:19:28.711338,AWS_PNQ,drift,Temperature drifted by 2.32
2026-08-29T01:19:28.718702,AWS_AMD,spike,pressure spiked by 106.36
2026-08-29T01:19:28.737690,AWS_JAI,frozen_value,Values frozen
2026-08-29T01:19:28.741521,AWS_LKO,frozen_value,Values frozen
2026-08-29T01:19:28.765531,AWS_IDR,cross_parameter_inconsistency,Physically inconsistent state
2026-08-29T01:19:28.776834,AWS_BHO,drift,Temperature drifted by 2.11
2026-08-29T01:19:28.782853,AWS_COK,drift,Temperature drifted by 1.24
2026-08-29T01:19:28.802091,AWS_VTZ,frozen_value,Values frozen
2026-08-29T01:19:28.805033,AWS_IXC,frozen_value,Values frozen
2026-08-29T01:19:28.808179,AWS_GAU,frozen_value,Values frozen
2026-08-29T01:19:28.811045,AWS_CJB,drift,Temperature drifted by 3.09
2026-08-29T01:19:30.813414,AWS_MUM,drift,Temperature drifted by 1.46
2026-08-29T01:19:30.821173,AWS_BLR,frozen_value,Values frozen
2026-08-29T01:19:30.838316,AWS_PNQ,drift,Temperature drifted by 2.70
2026-08-29T01:19:30.843815,AWS_AMD,dropout,Reading dropped
2026-08-29T01:19:30.866476,AWS_LKO,frozen_value,Values frozen
2026-08-29T01:19:30.872472,AWS_KNP,spatial_outlier,Deviating from spatial trend
2026-08-29T01:19:30.885133,AWS_NAG,frozen_value,Values frozen
2026-08-29T01:19:30.896323,AWS_BHO,drift,Temperature drifted by 2.36
2026-08-29T01:19:30.908338,AWS_COK,drift,Temperature drifted by 1.38
2026-08-29T01:19:30.921172,AWS_TRV,frozen_value,Values frozen
2026-08-29T01:19:30.931014,AWS_VTZ,frozen_value,Values frozen
2026-08-29T01:19:30.950898,AWS_IXC,frozen_value,Values frozen
2026-08-29T01:19:30.970393,AWS_GAU,frozen_value,Values frozen
2026-08-29T01:19:30.998985,AWS_CJB,drift,Temperature drifted by 3.35
2026-08-29T01:19:33.018741,AWS_MUM,drift,Temperature drifted by 1.85
2026-08-29T01:19:33.109728,AWS_BLR,frozen_value,Values frozen
2026-08-29T01:19:33.146146,AWS_CCU,spatial_outlier,Deviating from spatial trend
2026-08-29T01:19:33.156772,AWS_PNQ,drift,Temperature drifted by 2.91
2026-08-29T01:19:33.165475,AWS_AMD,dropout,Reading dropped
2026-08-29T01:19:33.189561,AWS_NAG,frozen_value,Values frozen
2026-08-29T01:19:33.199070,AWS_BHO,drift,Temperature drifted by 2.55
2026-08-29T01:19:33.201750,AWS_COK,drift,Temperature drifted by 1.52
2026-08-29T01:19:33.203895,AWS_TRV,frozen_value,Values frozen
2026-08-29T01:19:33.206688,AWS_VTZ,frozen_value,Values frozen
2026-08-29T01:19:33.213069,AWS_IXC,frozen_value,Values frozen
2026-08-29T01:19:33.235356,AWS_GAU,frozen_value,Values frozen
2026-08-29T01:19:33.239166,AWS_MYQ,spatial_outlier,Deviating from spatial trend
2026-08-29T01:19:33.241272,AWS_CJB,drift,Temperature drifted by 3.66
2026-08-29T01:19:35.243896,AWS_MUM,drift,Temperature drifted by 2.27
2026-08-29T01:19:35.250360,AWS_PNQ,drift,Temperature drifted by 3.37
2026-08-29T01:19:35.254927,AWS_AMD,dropout,Reading dropped
2026-08-29T01:19:35.263646,AWS_NAG,frozen_value,Values frozen
2026-08-29T01:19:35.272978,AWS_COK,drift,Temperature drifted by 1.97
2026-08-29T01:19:35.275949,AWS_TRV,frozen_value,Values frozen
2026-08-29T01:19:35.280250,AWS_VTZ,frozen_value,Values frozen
2026-08-29T01:19:35.284898,AWS_IXC,frozen_value,Values frozen
2026-08-29T01:19:35.289643,AWS_GAU,frozen_value,Values frozen
2026-08-29T01:19:35.292586,AWS_IXR,cross_parameter_inconsistency,Physically inconsistent state
2026-08-29T01:19:37.299925,AWS_MUM,drift,Temperature drifted by 2.42
2026-08-29T01:19:37.308396,AWS_MAA,frozen_value,Values frozen
2026-08-29T01:19:37.313330,AWS_PNQ,drift,Temperature drifted by 3.73
2026-08-29T01:19:37.337450,AWS_NAG,frozen_value,Values frozen
2026-08-29T01:19:37.345304,AWS_BHO,dropout,Reading dropped
2026-08-29T01:19:37.346537,AWS_COK,drift,Temperature drifted by 2.45
2026-08-29T01:19:37.352188,AWS_TRV,frozen_value,Values frozen
2026-08-29T01:19:37.355285,AWS_VTZ,frozen_value,Values frozen
2026-08-29T01:19:37.360036,AWS_IXC,frozen_value,Values frozen
2026-08-29T01:19:37.373728,AWS_CJB,spatial_outlier,Deviating from spatial trend
2026-08-29T01:19:39.379054,AWS_MUM,drift,Temperature drifted by 2.87
2026-08-29T01:19:39.385753,AWS_MAA,frozen_value,Values frozen
2026-08-29T01:19:39.389185,AWS_CCU,spatial_outlier,Deviating from spatial trend
2026-08-29T01:19:39.397506,AWS_PNQ,drift,Temperature drifted by 3.88
2026-08-29T01:19:39.409400,AWS_JAI,cross_parameter_inconsistency,Physically inconsistent state
2026-08-29T01:19:39.420587,AWS_KNP,frozen_value,Values frozen
2026-08-29T01:19:39.429575,AWS_NAG,frozen_value,Values frozen
2026-08-29T01:19:39.441784,AWS_COK,drift,Temperature drifted by 2.72
2026-08-29T01:19:39.446032,AWS_TRV,frozen_value,Values frozen
2026-08-29T01:19:39.455510,AWS_VTZ,frozen_value,Values frozen
2026-08-29T01:19:39.467984,AWS_IXC,frozen_value,Values frozen
2026-08-29T01:19:39.485751,AWS_MYQ,cross_parameter_inconsistency,Physically inconsistent state
2026-08-29T01:19:41.495585,AWS_MUM,spike,pressure spiked by -68.52
2026-08-29T01:19:41.502020,AWS_MAA,frozen_value,Values frozen
2026-08-29T01:19:41.505780,AWS_CCU,dropout,Reading dropped
2026-08-29T01:19:41.508549,AWS_PNQ,drift,Temperature drifted by 4.28
2026-08-29T01:19:41.519450,AWS_KNP,frozen_value,Values frozen
2026-08-29T01:19:41.526235,AWS_NAG,frozen_value,Values frozen
2026-08-29T01:19:41.532752,AWS_COK,drift,Temperature drifted by 2.90
2026-08-29T01:19:41.535777,AWS_TRV,frozen_value,Values frozen
2026-08-29T01:19:41.538187,AWS_VTZ,frozen_value,Values frozen
2026-08-29T01:19:41.542081,AWS_PAT,drift,Temperature drifted by 0.33
2026-08-29T01:19:41.547165,AWS_IXC,frozen_value,Values frozen
2026-08-29T01:19:41.556155,AWS_IXR,spike,pressure spiked by 147.30
2026-08-29T01:19:43.574659,AWS_MAA,frozen_value,Values frozen
2026-08-29T01:19:43.577519,AWS_CCU,dropout,Reading dropped
2026-08-29T01:19:43.579085,AWS_PNQ,drift,Temperature drifted by 4.76
2026-08-29T01:19:43.585818,AWS_STV,spatial_outlier,Deviating from spatial trend
2026-08-29T01:19:43.588773,AWS_JAI,frozen_value,Values frozen
2026-08-29T01:19:43.591696,AWS_KNP,frozen_value,Values frozen
2026-08-29T01:19:43.596584,AWS_NAG,frozen_value,Values frozen
2026-08-29T01:19:43.603136,AWS_COK,dropout,Reading dropped
2026-08-29T01:19:43.604306,AWS_TRV,frozen_value,Values frozen
2026-08-29T01:19:43.609080,AWS_VTZ,frozen_value,Values frozen
2026-08-29T01:19:43.611121,AWS_PAT,drift,Temperature drifted by 0.80
2026-08-29T01:19:43.613720,AWS_IXC,frozen_value,Values frozen
2026-08-29T01:19:45.624532,AWS_MAA,frozen_value,Values frozen
2026-08-29T01:19:45.626915,AWS_CCU,dropout,Reading dropped
2026-08-29T01:19:45.629555,AWS_PNQ,cross_parameter_inconsistency,Physically inconsistent state
2026-08-29T01:19:45.637674,AWS_JAI,frozen_value,Values frozen
2026-08-29T01:19:45.644562,AWS_KNP,frozen_value,Values frozen
2026-08-29T01:19:45.647101,AWS_NAG,frozen_value,Values frozen
2026-08-29T01:19:45.653381,AWS_COK,spatial_outlier,Deviating from spatial trend
2026-08-29T01:19:45.655542,AWS_TRV,frozen_value,Values frozen
2026-08-29T01:19:45.658095,AWS_VTZ,frozen_value,Values frozen
2026-08-29T01:19:45.661794,AWS_PAT,drift,Temperature drifted by 1.20
2026-08-29T01:19:45.666485,AWS_CJB,drift,Temperature drifted by 0.19
2026-08-29T01:19:47.672057,AWS_MUM,dropout,Reading dropped
2026-08-29T01:19:47.673434,AWS_DEL,spike,temperature spiked by 22.57
2026-08-29T01:19:47.677152,AWS_BLR,spatial_outlier,Deviating from spatial trend
2026-08-29T01:19:47.681156,AWS_MAA,frozen_value,Values frozen
2026-08-29T01:19:47.708355,AWS_JAI,frozen_value,Values frozen
2026-08-29T01:19:47.718383,AWS_KNP,frozen_value,Values frozen
2026-08-29T01:19:47.723860,AWS_NAG,frozen_value,Values frozen
2026-08-29T01:19:47.728115,AWS_TRV,frozen_value,Values frozen
2026-08-29T01:19:47.730536,AWS_VTZ,frozen_value,Values frozen
2026-08-29T01:19:47.733960,AWS_PAT,drift,Temperature drifted by 1.52
2026-08-29T01:19:47.740625,AWS_MYQ,spike,temperature spiked by 20.15
2026-08-29T01:19:47.742758,AWS_CJB,drift,Temperature drifted by 0.63
2026-08-29T01:19:49.745908,AWS_MUM,dropout,Reading dropped
2026-08-29T01:19:49.756987,AWS_MAA,frozen_value,Values frozen
2026-08-29T01:19:49.773014,AWS_JAI,frozen_value,Values frozen
2026-08-29T01:19:49.778095,AWS_KNP,frozen_value,Values frozen
2026-08-29T01:19:49.782544,AWS_NAG,frozen_value,Values frozen
2026-08-29T01:19:49.787043,AWS_IDR,spatial_outlier,Deviating from spatial trend
2026-08-29T01:19:49.793276,AWS_TRV,frozen_value,Values frozen
2026-08-29T01:19:49.796731,AWS_VTZ,frozen_value,Values frozen
2026-08-29T01:19:49.802600,AWS_PAT,drift,Temperature drifted by 1.97
2026-08-29T01:19:49.806237,AWS_BBI,spike,temperature spiked by 19.36
2026-08-29T01:19:49.807997,AWS_GAU,dropout,Reading dropped
2026-08-29T01:19:49.810681,AWS_CJB,drift,Temperature drifted by 0.88
2026-08-29T01:19:51.816776,AWS_DEL,drift,Temperature drifted by 0.22
2026-08-29T01:19:51.820656,AWS_BLR,spike,temperature spiked by -16.07
2026-08-29T01:19:51.824945,AWS_HYD,frozen_value,Values frozen
2026-08-29T01:19:51.835858,AWS_JAI,frozen_value,Values frozen
2026-08-29T01:19:51.840010,AWS_KNP,frozen_value,Values frozen
2026-08-29T01:19:51.843459,AWS_NAG,frozen_value,Values frozen
2026-08-29T01:19:51.846817,AWS_IDR,spatial_outlier,Deviating from spatial trend
2026-08-29T01:19:51.851045,AWS_COK,drift,Temperature drifted by 0.13
2026-08-29T01:19:51.852367,AWS_TRV,spike,humidity spiked by -10.50
2026-08-29T01:19:51.854099,AWS_PAT,drift,Temperature drifted by 2.29
2026-08-29T01:19:51.859057,AWS_GAU,dropout,Reading dropped
2026-08-29T01:19:51.862884,AWS_CJB,drift,Temperature drifted by 1.01
2026-08-29T01:19:53.867473,AWS_DEL,drift,Temperature drifted by 0.50
2026-08-29T01:19:53.870362,AWS_HYD,frozen_value,Values frozen
2026-08-29T01:19:53.871666,AWS_PNQ,spike,pressure spiked by 63.82
2026-08-29T01:19:53.872988,AWS_JAI,frozen_value,Values frozen
2026-08-29T01:19:53.874046,AWS_KNP,frozen_value,Values frozen
2026-08-29T01:19:53.875873,AWS_NAG,frozen_value,Values frozen
2026-08-29T01:19:53.878715,AWS_BHO,frozen_value,Values frozen
2026-08-29T01:19:53.879761,AWS_COK,drift,Temperature drifted by 0.59
2026-08-29T01:19:53.881792,AWS_PAT,drift,Temperature drifted by 2.43
2026-08-29T01:19:53.887042,AWS_MYQ,cross_parameter_inconsistency,Physically inconsistent state
2026-08-29T01:19:53.889059,AWS_CJB,drift,Temperature drifted by 1.22
2026-08-29T01:24:05.470681,AWS_MUM,spike,pressure spiked by -95.11
2026-08-29T01:24:05.719628,AWS_LKO,spike,pressure spiked by 53.01
2026-08-29T01:24:05.833802,AWS_COK,frozen_value,Values frozen
2026-08-29T01:24:05.876632,AWS_PAT,spike,pressure spiked by -108.94
2026-08-29T01:24:05.897228,AWS_BBI,spike,pressure spiked by -75.49
2026-08-29T01:24:05.927196,AWS_CJB,frozen_value,Values frozen
2026-08-29T01:24:07.959054,AWS_MAA,cross_parameter_inconsistency,Physically inconsistent state
2026-08-29T01:24:07.979782,AWS_STV,spike,temperature spiked by 20.60
2026-08-29T01:24:07.992195,AWS_IDR,cross_parameter_inconsistency,Physically inconsistent state
2026-08-29T01:24:08.004772,AWS_COK,frozen_value,Values frozen
2026-08-29T01:24:08.022562,AWS_IXC,spike,pressure spiked by -109.13
2026-08-29T01:24:08.029491,AWS_CJB,frozen_value,Values frozen
2026-08-29T01:24:10.060013,AWS_CCU,frozen_value,Values frozen
2026-08-29T01:24:10.081516,AWS_LKO,drift,Temperature drifted by 0.29
2026-08-29T01:24:10.107071,AWS_COK,frozen_value,Values frozen
2026-08-29T01:24:10.122042,AWS_VTZ,dropout,Reading dropped
2026-08-29T01:24:10.139752,AWS_CJB,frozen_value,Values frozen
2026-08-29T01:24:12.156226,AWS_HYD,drift,Temperature drifted by 0.50
2026-08-29T01:24:12.159936,AWS_CCU,frozen_value,Values frozen
2026-08-29T01:24:12.166114,AWS_AMD,drift,Temperature drifted by 0.30
2026-08-29T01:24:12.171318,AWS_LKO,drift,Temperature drifted by 0.55
2026-08-29T01:24:12.175676,AWS_NAG,dropout,Reading dropped
2026-08-29T01:24:12.181610,AWS_COK,frozen_value,Values frozen
2026-08-29T01:24:12.189907,AWS_BBI,spike,pressure spiked by 55.30
2026-08-29T01:24:12.193611,AWS_GAU,spatial_outlier,Deviating from spatial trend
2026-08-29T01:24:12.205914,AWS_MYQ,spatial_outlier,Deviating from spatial trend
2026-08-29T01:24:12.216677,AWS_CJB,frozen_value,Values frozen
2026-08-29T01:24:14.223877,AWS_MUM,spike,temperature spiked by -27.25
2026-08-29T01:24:14.235439,AWS_BLR,dropout,Reading dropped
2026-08-29T01:24:14.240145,AWS_HYD,drift,Temperature drifted by 0.70
2026-08-29T01:24:14.284780,AWS_CCU,frozen_value,Values frozen
2026-08-29T01:24:14.313990,AWS_AMD,drift,Temperature drifted by 0.77
2026-08-29T01:24:14.325613,AWS_JAI,dropout,Reading dropped
2026-08-29T01:24:14.329264,AWS_LKO,drift,Temperature drifted by 0.66
2026-08-29T01:24:14.333374,AWS_NAG,dropout,Reading dropped
2026-08-29T01:24:14.339546,AWS_COK,frozen_value,Values frozen
2026-08-29T01:24:14.343158,AWS_TRV,drift,Temperature drifted by 0.14
2026-08-29T01:24:14.362892,AWS_CJB,frozen_value,Values frozen
2026-08-29T01:24:16.374151,AWS_DEL,frozen_value,Values frozen
2026-08-29T01:24:16.376354,AWS_BLR,spike,temperature spiked by -19.79
2026-08-29T01:24:16.378399,AWS_HYD,drift,Temperature drifted by 0.99
2026-08-29T01:24:16.379684,AWS_CCU,frozen_value,Values frozen
2026-08-29T01:24:16.381393,AWS_AMD,drift,Temperature drifted by 1.19
2026-08-29T01:24:16.383719,AWS_JAI,dropout,Reading dropped
2026-08-29T01:24:16.384849,AWS_LKO,drift,Temperature drifted by 1.11
2026-08-29T01:24:16.387468,AWS_NAG,dropout,Reading dropped
2026-08-29T01:24:16.390451,AWS_COK,frozen_value,Values frozen
2026-08-29T01:24:16.391740,AWS_TRV,drift,Temperature drifted by 0.55
2026-08-29T01:24:16.396028,AWS_MYQ,drift,Temperature drifted by 0.14
2026-08-29T01:24:16.397627,AWS_CJB,frozen_value,Values frozen
2026-08-29T01:24:18.400306,AWS_DEL,frozen_value,Values frozen
2026-08-29T01:24:18.401328,AWS_HYD,drift,Temperature drifted by 1.42
2026-08-29T01:24:18.403781,AWS_CCU,frozen_value,Values frozen
2026-08-29T01:24:18.406189,AWS_AMD,drift,Temperature drifted by 1.37
2026-08-29T01:24:18.408205,AWS_JAI,dropout,Reading dropped
2026-08-29T01:24:18.408654,AWS_LKO,drift,Temperature drifted by 1.47
2026-08-29T01:24:18.409601,AWS_IDR,dropout,Reading dropped
2026-08-29T01:24:18.410269,AWS_COK,frozen_value,Values frozen
2026-08-29T01:24:18.411486,AWS_TRV,drift,Temperature drifted by 0.89
2026-08-29T01:24:18.413142,AWS_BBI,spike,pressure spiked by -129.28
2026-08-29T01:24:18.414391,AWS_MYQ,drift,Temperature drifted by 0.40
2026-08-29T01:24:18.414994,AWS_CJB,frozen_value,Values frozen
2026-08-29T01:24:20.415927,AWS_MUM,dropout,Reading dropped
2026-08-29T01:24:20.417226,AWS_DEL,frozen_value,Values frozen
2026-08-29T01:24:20.419707,AWS_HYD,drift,Temperature drifted by 1.78
2026-08-29T01:24:20.421013,AWS_CCU,frozen_value,Values frozen
2026-08-29T01:24:20.422445,AWS_AMD,drift,Temperature drifted by 1.78
2026-08-29T01:24:20.423050,AWS_STV,drift,Temperature drifted by 0.34
2026-08-29T01:24:20.423854,AWS_LKO,drift,Temperature drifted by 1.81
2026-08-29T01:24:20.424453,AWS_KNP,drift,Temperature drifted by 0.32
2026-08-29T01:24:20.425486,AWS_IDR,dropout,Reading dropped
2026-08-29T01:24:20.426248,AWS_COK,frozen_value,Values frozen
2026-08-29T01:24:20.426926,AWS_TRV,drift,Temperature drifted by 1.28
2026-08-29T01:24:20.429493,AWS_MYQ,drift,Temperature drifted by 0.87
2026-08-29T01:24:20.430380,AWS_CJB,frozen_value,Values frozen
2026-08-29T01:24:22.431693,AWS_MUM,dropout,Reading dropped
2026-08-29T01:24:22.433008,AWS_DEL,frozen_value,Values frozen
2026-08-29T01:24:22.435737,AWS_HYD,drift,Temperature drifted by 2.24
2026-08-29T01:24:22.438422,AWS_CCU,frozen_value,Values frozen
2026-08-29T01:24:22.446085,AWS_AMD,drift,Temperature drifted by 1.90
2026-08-29T01:24:22.448956,AWS_STV,drift,Temperature drifted by 0.46
2026-08-29T01:24:22.451246,AWS_JAI,spatial_outlier,Deviating from spatial trend
2026-08-29T01:24:22.454304,AWS_LKO,drift,Temperature drifted by 2.05
2026-08-29T01:24:22.457013,AWS_KNP,drift,Temperature drifted by 0.50
2026-08-29T01:24:22.466003,AWS_COK,frozen_value,Values frozen
2026-08-29T01:24:22.469462,AWS_TRV,drift,Temperature drifted by 1.47
2026-08-29T01:24:22.474510,AWS_BBI,frozen_value,Values frozen
2026-08-29T01:24:22.480263,AWS_IXR,spatial_outlier,Deviating from spatial trend
2026-08-29T01:24:22.482223,AWS_MYQ,drift,Temperature drifted by 1.23
2026-08-29T01:24:22.484535,AWS_CJB,frozen_value,Values frozen
2026-08-29T01:24:24.490059,AWS_MUM,dropout,Reading dropped
2026-08-29T01:24:24.493570,AWS_DEL,frozen_value,Values frozen
2026-08-29T01:24:24.505687,AWS_HYD,drift,Temperature drifted by 2.51
2026-08-29T01:24:24.510411,AWS_MAA,spike,temperature spiked by -14.63
2026-08-29T01:24:24.523788,AWS_CCU,frozen_value,Values frozen
2026-08-29T01:24:24.540039,AWS_AMD,drift,Temperature drifted by 2.04
2026-08-29T01:24:24.558060,AWS_STV,drift,Temperature drifted by 0.95
2026-08-29T01:24:24.605647,AWS_LKO,drift,Temperature drifted by 2.41
2026-08-29T01:24:24.633490,AWS_KNP,drift,Temperature drifted by 0.94
2026-08-29T01:24:24.640733,AWS_NAG,spike,humidity spiked by -19.18
2026-08-29T01:24:24.667172,AWS_COK,frozen_value,Values frozen
2026-08-29T01:24:24.673750,AWS_TRV,drift,Temperature drifted by 1.81
2026-08-29T01:24:24.703977,AWS_BBI,frozen_value,Values frozen
2026-08-29T01:24:24.717270,AWS_MYQ,drift,Temperature drifted by 1.33
2026-08-29T01:24:24.724070,AWS_CJB,frozen_value,Values frozen
2026-08-29T01:24:26.731313,AWS_DEL,frozen_value,Values frozen
2026-08-29T01:24:26.733853,AWS_HYD,drift,Temperature drifted by 2.67
2026-08-29T01:24:26.737237,AWS_CCU,frozen_value,Values frozen
2026-08-29T01:24:26.739652,AWS_AMD,drift,Temperature drifted by 2.54
2026-08-29T01:24:26.740998,AWS_STV,drift,Temperature drifted by 1.39
2026-08-29T01:24:26.744334,AWS_LKO,drift,Temperature drifted by 2.57
2026-08-29T01:24:26.746610,AWS_KNP,drift,Temperature drifted by 1.22
2026-08-29T01:24:26.748883,AWS_IDR,drift,Temperature drifted by 0.39
2026-08-29T01:24:26.750921,AWS_COK,frozen_value,Values frozen
2026-08-29T01:24:26.752913,AWS_TRV,drift,Temperature drifted by 2.20
2026-08-29T01:24:26.756581,AWS_BBI,frozen_value,Values frozen
2026-08-29T01:24:26.759089,AWS_IXR,spatial_outlier,Deviating from spatial trend
2026-08-29T01:24:26.761929,AWS_CJB,frozen_value,Values frozen
2026-08-29T01:24:28.765544,AWS_DEL,frozen_value,Values frozen
2026-08-29T01:24:28.768827,AWS_HYD,drift,Temperature drifted by 2.79
2026-08-29T01:24:28.771117,AWS_MAA,dropout,Reading dropped
2026-08-29T01:24:28.774221,AWS_CCU,frozen_value,Values frozen
2026-08-29T01:24:28.778188,AWS_AMD,drift,Temperature drifted by 2.72
2026-08-29T01:24:28.782122,AWS_STV,drift,Temperature drifted by 1.67
2026-08-29T01:24:28.785685,AWS_LKO,drift,Temperature drifted by 2.73
2026-08-29T01:24:28.788230,AWS_KNP,drift,Temperature drifted by 1.61
2026-08-29T01:24:28.790607,AWS_NAG,spatial_outlier,Deviating from spatial trend
2026-08-29T01:24:28.793567,AWS_IDR,drift,Temperature drifted by 0.57
2026-08-29T01:24:28.798632,AWS_COK,frozen_value,Values frozen
2026-08-29T01:24:28.800951,AWS_TRV,drift,Temperature drifted by 2.63
2026-08-29T01:24:28.806396,AWS_BBI,frozen_value,Values frozen
2026-08-29T01:24:28.812377,AWS_CJB,frozen_value,Values frozen
2026-08-29T01:24:30.816907,AWS_DEL,frozen_value,Values frozen
2026-08-29T01:24:30.818111,AWS_HYD,drift,Temperature drifted by 3.15
2026-08-29T01:24:30.818740,AWS_MAA,dropout,Reading dropped
2026-08-29T01:24:30.819131,AWS_CCU,frozen_value,Values frozen
2026-08-29T01:24:30.819832,AWS_AMD,drift,Temperature drifted by 2.99
2026-08-29T01:24:30.820593,AWS_JAI,spatial_outlier,Deviating from spatial trend
2026-08-29T01:24:30.821559,AWS_LKO,drift,Temperature drifted by 2.99
2026-08-29T01:24:30.822537,AWS_KNP,drift,Temperature drifted by 1.87
2026-08-29T01:24:30.823851,AWS_NAG,spatial_outlier,Deviating from spatial trend
2026-08-29T01:24:30.825095,AWS_IDR,drift,Temperature drifted by 0.97
2026-08-29T01:24:30.825922,AWS_COK,frozen_value,Values frozen
2026-08-29T01:24:30.826467,AWS_TRV,drift,Temperature drifted by 2.85
2026-08-29T01:24:30.827778,AWS_IXC,cross_parameter_inconsistency,Physically inconsistent state
2026-08-29T01:24:30.831584,AWS_BBI,frozen_value,Values frozen
2026-08-29T01:24:30.833957,AWS_GAU,dropout,Reading dropped
2026-08-29T01:24:30.835523,AWS_MYQ,cross_parameter_inconsistency,Physically inconsistent state
2026-08-29T01:24:30.836710,AWS_CJB,frozen_value,Values frozen
2026-08-29T01:24:32.839643,AWS_DEL,frozen_value,Values frozen
2026-08-29T01:24:32.845757,AWS_HYD,drift,Temperature drifted by 3.41
2026-08-29T01:24:32.851001,AWS_MAA,dropout,Reading dropped
2026-08-29T01:24:32.852794,AWS_CCU,frozen_value,Values frozen
2026-08-29T01:24:32.854982,AWS_PNQ,drift,Temperature drifted by 0.12
2026-08-29T01:24:32.857535,AWS_AMD,drift,Temperature drifted by 3.16
2026-08-29T01:24:32.862718,AWS_KNP,drift,Temperature drifted by 1.98
2026-08-29T01:24:32.866479,AWS_IDR,drift,Temperature drifted by 1.28
2026-08-29T01:24:32.870671,AWS_COK,frozen_value,Values frozen
2026-08-29T01:24:32.873166,AWS_TRV,drift,Temperature drifted by 3.19
2026-08-29T01:24:32.880501,AWS_GAU,dropout,Reading dropped
2026-08-29T01:24:32.882817,AWS_CJB,frozen_value,Values frozen
2026-08-29T01:24:34.885853,AWS_MUM,spatial_outlier,Deviating from spatial trend
2026-08-29T01:24:34.888388,AWS_DEL,frozen_value,Values frozen
2026-08-29T01:24:34.889417,AWS_HYD,drift,Temperature drifted by 3.68
2026-08-29T01:24:34.890249,AWS_MAA,drift,Temperature drifted by 0.36
2026-08-29T01:24:34.892676,AWS_CCU,frozen_value,Values frozen
2026-08-29T01:24:34.894197,AWS_PNQ,drift,Temperature drifted by 0.44
2026-08-29T01:24:34.895660,AWS_AMD,drift,Temperature drifted by 3.61
2026-08-29T01:24:34.896567,AWS_STV,dropout,Reading dropped
2026-08-29T01:24:34.897039,AWS_JAI,frozen_value,Values frozen
2026-08-29T01:24:34.898750,AWS_KNP,drift,Temperature drifted by 2.36
2026-08-29T01:24:34.899732,AWS_IDR,drift,Temperature drifted by 1.38
2026-08-29T01:24:34.900562,AWS_COK,frozen_value,Values frozen
2026-08-29T01:24:34.901215,AWS_TRV,drift,Temperature drifted by 3.33
2026-08-29T01:24:34.904025,AWS_CJB,dropout,Reading dropped
2026-08-29T01:24:36.904853,AWS_MUM,frozen_value,Values frozen
2026-08-29T01:24:36.905942,AWS_DEL,frozen_value,Values frozen
2026-08-29T01:24:36.907885,AWS_HYD,drift,Temperature drifted by 4.12
2026-08-29T01:24:36.908614,AWS_MAA,drift,Temperature drifted by 0.74
2026-08-29T01:24:36.909558,AWS_CCU,frozen_value,Values frozen
2026-08-29T01:24:36.910364,AWS_PNQ,drift,Temperature drifted by 0.64
2026-08-29T01:24:36.911231,AWS_AMD,drift,Temperature drifted by 3.79
2026-08-29T01:24:36.912430,AWS_STV,spatial_outlier,Deviating from spatial trend
2026-08-29T01:24:36.913189,AWS_JAI,frozen_value,Values frozen
2026-08-29T01:24:36.913802,AWS_LKO,spike,pressure spiked by 75.70
2026-08-29T01:24:36.915059,AWS_KNP,drift,Temperature drifted by 2.74
2026-08-29T01:24:36.916881,AWS_NAG,frozen_value,Values frozen
2026-08-29T01:24:36.917813,AWS_IDR,drift,Temperature drifted by 1.78
2026-08-29T01:24:38.921971,AWS_MUM,frozen_value,Values frozen
2026-08-29T01:24:38.924561,AWS_DEL,frozen_value,Values frozen
2026-08-29T01:24:38.926428,AWS_MAA,drift,Temperature drifted by 1.19
2026-08-29T01:24:38.927252,AWS_CCU,frozen_value,Values frozen
2026-08-29T01:24:38.927938,AWS_PNQ,drift,Temperature drifted by 0.96
2026-08-29T01:24:38.928810,AWS_AMD,drift,Temperature drifted by 4.13
2026-08-29T01:24:38.930172,AWS_JAI,frozen_value,Values frozen
2026-08-29T01:24:38.931467,AWS_KNP,drift,Temperature drifted by 3.21
2026-08-29T01:24:38.932628,AWS_NAG,frozen_value,Values frozen
2026-08-29T01:24:38.934922,AWS_IDR,drift,Temperature drifted by 2.00
2026-08-29T01:24:40.938390,AWS_MUM,frozen_value,Values frozen
2026-08-29T01:24:40.940937,AWS_DEL,frozen_value,Values frozen
2026-08-29T01:24:40.942507,AWS_MAA,drift,Temperature drifted by 1.29
2026-08-29T01:24:40.943374,AWS_PNQ,drift,Temperature drifted by 1.09
2026-08-29T01:24:40.945229,AWS_JAI,frozen_value,Values frozen
2026-08-29T01:24:40.946521,AWS_KNP,drift,Temperature drifted by 3.55
2026-08-29T01:24:40.947506,AWS_NAG,frozen_value,Values frozen
2026-08-29T01:24:40.949527,AWS_IDR,drift,Temperature drifted by 2.48
2026-08-29T01:24:40.952304,AWS_BHO,dropout,Reading dropped
2026-08-29T01:24:40.957317,AWS_PAT,spike,temperature spiked by -14.80
2026-08-29T01:24:40.965235,AWS_IXR,spike,humidity spiked by 21.26
2026-08-29T01:24:40.968193,AWS_MYQ,spatial_outlier,Deviating from spatial trend
2026-08-29T01:24:40.971359,AWS_CJB,dropout,Reading dropped
2026-08-29T01:24:42.973109,AWS_MUM,frozen_value,Values frozen
2026-08-29T01:24:42.975592,AWS_BLR,spike,temperature spiked by 10.78
2026-08-29T01:24:42.976644,AWS_MAA,drift,Temperature drifted by 1.65
2026-08-29T01:24:42.978422,AWS_PNQ,drift,Temperature drifted by 1.50
2026-08-29T01:24:42.979842,AWS_JAI,frozen_value,Values frozen
2026-08-29T01:24:42.980960,AWS_KNP,drift,Temperature drifted by 3.66
2026-08-29T01:24:42.982032,AWS_NAG,frozen_value,Values frozen
2026-08-29T01:24:42.982682,AWS_IDR,drift,Temperature drifted by 2.72
2026-08-29T01:24:42.983484,AWS_COK,spatial_outlier,Deviating from spatial trend
2026-08-29T01:24:42.984821,AWS_BBI,spatial_outlier,Deviating from spatial trend
2026-08-29T01:24:42.986398,AWS_IXR,drift,Temperature drifted by 0.16
2026-08-29T01:24:42.987137,AWS_MYQ,dropout,Reading dropped
2026-08-29T01:24:42.987510,AWS_CJB,dropout,Reading dropped
2026-08-29T01:24:44.988299,AWS_MUM,frozen_value,Values frozen
2026-08-29T01:24:44.991004,AWS_MAA,drift,Temperature drifted by 2.12
2026-08-29T01:24:44.991982,AWS_PNQ,drift,Temperature drifted by 1.92
2026-08-29T01:24:44.993113,AWS_JAI,drift,Temperature drifted by 0.33
2026-08-29T01:24:44.994725,AWS_NAG,frozen_value,Values frozen
2026-08-29T01:24:44.995382,AWS_IDR,drift,Temperature drifted by 2.96
2026-08-29T01:24:44.996436,AWS_COK,drift,Temperature drifted by 0.39
2026-08-29T01:24:44.999009,AWS_IXR,drift,Temperature drifted by 0.61
2026-08-29T01:24:44.999963,AWS_CJB,spatial_outlier,Deviating from spatial trend
2026-08-29T01:24:47.001604,AWS_MUM,frozen_value,Values frozen
2026-08-29T01:24:47.006666,AWS_MAA,drift,Temperature drifted by 2.36
2026-08-29T01:24:47.010168,AWS_PNQ,drift,Temperature drifted by 2.12
2026-08-29T01:24:47.015106,AWS_JAI,drift,Temperature drifted by 0.81
2026-08-29T01:24:47.020046,AWS_NAG,frozen_value,Values frozen
2026-08-29T01:24:47.022345,AWS_IDR,spike,temperature spiked by 16.71
2026-08-29T01:24:47.025216,AWS_COK,drift,Temperature drifted by 0.49
2026-08-29T01:24:47.027635,AWS_TRV,frozen_value,Values frozen
2026-08-29T01:24:47.034284,AWS_IXR,drift,Temperature drifted by 0.93
2026-08-29T01:24:49.038146,AWS_MUM,frozen_value,Values frozen
2026-08-29T01:24:49.042777,AWS_DEL,dropout,Reading dropped
2026-08-29T01:24:49.052245,AWS_MAA,drift,Temperature drifted by 2.51
2026-08-29T01:24:49.081178,AWS_PNQ,drift,Temperature drifted by 2.40
2026-08-29T01:24:49.121339,AWS_JAI,drift,Temperature drifted by 1.10
2026-08-29T01:24:49.161382,AWS_NAG,frozen_value,Values frozen
2026-08-29T01:24:49.173802,AWS_IDR,spike,pressure spiked by -121.10
2026-08-29T01:24:49.198590,AWS_COK,drift,Temperature drifted by 0.61
2026-08-29T01:24:49.217225,AWS_TRV,frozen_value,Values frozen
2026-08-29T01:24:49.235696,AWS_VTZ,spike,pressure spiked by -115.38
2026-08-29T01:24:49.259646,AWS_GAU,spatial_outlier,Deviating from spatial trend
2026-08-29T01:24:49.275719,AWS_IXR,drift,Temperature drifted by 1.34
2026-08-29T01:24:49.287472,AWS_MYQ,dropout,Reading dropped
2026-08-29T01:24:49.295321,AWS_CJB,frozen_value,Values frozen
2026-08-29T01:24:51.307193,AWS_MUM,frozen_value,Values frozen
2026-08-29T01:24:51.313974,AWS_MAA,drift,Temperature drifted by 3.00
2026-08-29T01:24:51.322920,AWS_PNQ,drift,Temperature drifted by 2.73
2026-08-29T01:24:51.329256,AWS_STV,spike,pressure spiked by 84.32
2026-08-29T01:24:51.331668,AWS_JAI,drift,Temperature drifted by 1.47
2026-08-29T01:24:51.336600,AWS_NAG,frozen_value,Values frozen
2026-08-29T01:24:51.340021,AWS_BHO,spike,humidity spiked by -23.77
2026-08-29T01:24:51.342901,AWS_COK,drift,Temperature drifted by 0.83
2026-08-29T01:24:51.345664,AWS_TRV,frozen_value,Values frozen
2026-08-29T01:24:51.351381,AWS_PAT,dropout,Reading dropped
2026-08-29T01:24:51.353252,AWS_IXC,spatial_outlier,Deviating from spatial trend
2026-08-29T01:24:51.355315,AWS_BBI,drift,Temperature drifted by 0.47
2026-08-29T01:24:51.359392,AWS_IXR,drift,Temperature drifted by 1.70
2026-08-29T01:24:51.361666,AWS_MYQ,dropout,Reading dropped
2026-08-29T01:24:51.363465,AWS_CJB,frozen_value,Values frozen
2026-08-29T01:24:53.367749,AWS_MUM,frozen_value,Values frozen
2026-08-29T01:24:53.378081,AWS_DEL,frozen_value,Values frozen
2026-08-29T01:24:53.399608,AWS_MAA,drift,Temperature drifted by 3.33
2026-08-29T01:24:53.438654,AWS_PNQ,drift,Temperature drifted by 2.84
2026-08-29T01:24:53.470076,AWS_JAI,drift,Temperature drifted by 1.84
2026-08-29T01:24:53.488600,AWS_NAG,frozen_value,Values frozen
2026-08-29T01:24:53.505763,AWS_COK,drift,Temperature drifted by 1.29
2026-08-29T01:24:53.529085,AWS_TRV,frozen_value,Values frozen
2026-08-29T01:24:53.541842,AWS_PAT,dropout,Reading dropped
2026-08-29T01:24:53.550156,AWS_BBI,drift,Temperature drifted by 0.68
2026-08-29T01:24:53.571925,AWS_IXR,drift,Temperature drifted by 1.83
2026-08-29T01:24:53.585424,AWS_MYQ,dropout,Reading dropped
2026-08-29T01:24:53.587307,AWS_CJB,frozen_value,Values frozen
2026-08-29T01:24:55.608862,AWS_MUM,frozen_value,Values frozen
2026-08-29T01:24:55.620195,AWS_DEL,frozen_value,Values frozen
2026-08-29T01:24:55.627655,AWS_BLR,frozen_value,Values frozen
2026-08-29T01:24:55.638482,AWS_HYD,dropout,Reading dropped
2026-08-29T01:24:55.640886,AWS_MAA,drift,Temperature drifted by 3.50
2026-08-29T01:24:55.650292,AWS_PNQ,drift,Temperature drifted by 3.25
2026-08-29T01:24:55.658886,AWS_JAI,drift,Temperature drifted by 2.24
2026-08-29T01:24:55.663945,AWS_KNP,frozen_value,Values frozen
2026-08-29T01:24:55.666409,AWS_NAG,frozen_value,Values frozen
2026-08-29T01:24:55.670968,AWS_COK,drift,Temperature drifted by 1.53
2026-08-29T01:24:55.677985,AWS_TRV,frozen_value,Values frozen
2026-08-29T01:24:55.682638,AWS_PAT,dropout,Reading dropped
2026-08-29T01:24:55.690980,AWS_BBI,drift,Temperature drifted by 1.01
2026-08-29T01:24:55.700788,AWS_GAU,spatial_outlier,Deviating from spatial trend
2026-08-29T01:24:55.705320,AWS_IXR,drift,Temperature drifted by 1.95
2026-08-29T01:24:55.711505,AWS_CJB,frozen_value,Values frozen
2026-08-29T01:24:57.714526,AWS_MUM,frozen_value,Values frozen
2026-08-29T01:24:57.721510,AWS_DEL,frozen_value,Values frozen
2026-08-29T01:24:57.726498,AWS_BLR,frozen_value,Values frozen
2026-08-29T01:24:57.730711,AWS_HYD,dropout,Reading dropped
2026-08-29T01:24:57.732325,AWS_MAA,drift,Temperature drifted by 3.83
2026-08-29T01:24:57.741040,AWS_PNQ,drift,Temperature drifted by 3.66
2026-08-29T01:24:57.748120,AWS_AMD,spatial_outlier,Deviating from spatial trend
2026-08-29T01:24:57.751789,AWS_JAI,drift,Temperature drifted by 2.38
2026-08-29T01:24:57.757971,AWS_KNP,frozen_value,Values frozen
2026-08-29T01:24:57.789366,AWS_COK,drift,Temperature drifted by 1.95
2026-08-29T01:24:57.793718,AWS_TRV,frozen_value,Values frozen
2026-08-29T01:24:57.796489,AWS_VTZ,dropout,Reading dropped
2026-08-29T01:24:57.797996,AWS_PAT,drift,Temperature drifted by 0.45
2026-08-29T01:24:57.799631,AWS_IXC,cross_parameter_inconsistency,Physically inconsistent state
2026-08-29T01:24:57.802072,AWS_BBI,drift,Temperature drifted by 1.49
2026-08-29T01:24:57.807142,AWS_CJB,frozen_value,Values frozen
2026-08-29T01:24:59.810299,AWS_MUM,frozen_value,Values frozen
2026-08-29T01:24:59.815748,AWS_DEL,frozen_value,Values frozen
2026-08-29T01:24:59.818042,AWS_BLR,frozen_value,Values frozen
2026-08-29T01:24:59.821119,AWS_MAA,drift,Temperature drifted by 4.24
2026-08-29T01:24:59.826113,AWS_PNQ,drift,Temperature drifted by 3.99
2026-08-29T01:24:59.835202,AWS_KNP,frozen_value,Values frozen
2026-08-29T01:24:59.842210,AWS_COK,drift,Temperature drifted by 2.08
2026-08-29T01:24:59.846553,AWS_TRV,frozen_value,Values frozen
2026-08-29T01:24:59.851268,AWS_VTZ,dropout,Reading dropped
2026-08-29T01:24:59.852480,AWS_PAT,drift,Temperature drifted by 0.78
2026-08-29T01:24:59.864457,AWS_BBI,drift,Temperature drifted by 1.76
2026-08-29T01:24:59.871088,AWS_GAU,dropout,Reading dropped
2026-08-29T01:24:59.874399,AWS_CJB,frozen_value,Values frozen
2026-08-29T01:25:01.877982,AWS_MUM,frozen_value,Values frozen
2026-08-29T01:25:01.882707,AWS_DEL,frozen_value,Values frozen
2026-08-29T01:25:01.886442,AWS_BLR,frozen_value,Values frozen
2026-08-29T01:25:01.936254,AWS_MAA,drift,Temperature drifted by 4.64
2026-08-29T01:25:02.031914,AWS_STV,cross_parameter_inconsistency,Physically inconsistent state
2026-08-29T01:25:02.084435,AWS_KNP,frozen_value,Values frozen
2026-08-29T01:25:02.113572,AWS_COK,drift,Temperature drifted by 2.19
2026-08-29T01:25:02.131247,AWS_TRV,frozen_value,Values frozen
2026-08-29T01:25:02.138375,AWS_VTZ,dropout,Reading dropped
2026-08-29T01:25:02.140559,AWS_PAT,drift,Temperature drifted by 1.23
2026-08-29T01:25:02.153966,AWS_BBI,drift,Temperature drifted by 1.94
2026-08-29T01:25:04.188587,AWS_MUM,frozen_value,Values frozen
2026-08-29T01:25:04.191235,AWS_DEL,frozen_value,Values frozen
2026-08-29T01:25:04.193003,AWS_BLR,frozen_value,Values frozen
2026-08-29T01:25:04.205601,AWS_LKO,cross_parameter_inconsistency,Physically inconsistent state
2026-08-29T01:25:04.208014,AWS_KNP,frozen_value,Values frozen
2026-08-29T01:25:04.218139,AWS_COK,drift,Temperature drifted by 2.63
2026-08-29T01:25:04.222267,AWS_TRV,frozen_value,Values frozen
2026-08-29T01:25:04.225096,AWS_VTZ,dropout,Reading dropped
2026-08-29T01:25:04.226350,AWS_PAT,drift,Temperature drifted by 1.43
2026-08-29T01:25:04.236302,AWS_BBI,drift,Temperature drifted by 2.42
2026-08-29T01:25:04.241201,AWS_GAU,spatial_outlier,Deviating from spatial trend
2026-08-29T01:25:04.249836,AWS_CJB,spike,temperature spiked by -23.87
2026-08-29T01:25:06.256685,AWS_MUM,frozen_value,Values frozen
2026-08-29T01:25:06.267627,AWS_DEL,frozen_value,Values frozen
2026-08-29T01:25:06.277189,AWS_BLR,frozen_value,Values frozen
2026-08-29T01:25:06.298160,AWS_HYD,spatial_outlier,Deviating from spatial trend
2026-08-29T01:25:06.404532,AWS_KNP,frozen_value,Values frozen
2026-08-29T01:25:06.475802,AWS_COK,drift,Temperature drifted by 3.07
2026-08-29T01:25:06.493355,AWS_TRV,frozen_value,Values frozen
2026-08-29T01:25:06.515250,AWS_VTZ,dropout,Reading dropped
2026-08-29T01:25:06.516720,AWS_PAT,drift,Temperature drifted by 1.90
2026-08-29T01:25:06.527443,AWS_IXC,spatial_outlier,Deviating from spatial trend
2026-08-29T01:25:06.538338,AWS_BBI,drift,Temperature drifted by 2.62
2026-08-29T01:25:06.549519,AWS_GAU,spatial_outlier,Deviating from spatial trend
2026-08-29T01:25:06.557552,AWS_IXR,drift,Temperature drifted by 0.36
2026-08-29T01:25:08.571573,AWS_DEL,frozen_value,Values frozen
2026-08-29T01:25:08.577678,AWS_HYD,drift,Temperature drifted by 0.24
2026-08-29T01:25:08.609835,AWS_KNP,frozen_value,Values frozen
2026-08-29T01:25:08.622566,AWS_COK,drift,Temperature drifted by 3.41
2026-08-29T01:25:08.627900,AWS_BBI,drift,Temperature drifted by 2.78
2026-08-29T01:25:08.630872,AWS_IXR,drift,Temperature drifted by 0.72
2026-08-29T01:25:08.634615,AWS_CJB,spike,humidity spiked by -16.37
2026-08-29T01:25:10.640865,AWS_DEL,frozen_value,Values frozen
2026-08-29T01:25:10.645512,AWS_HYD,drift,Temperature drifted by 0.62
2026-08-29T01:25:10.653031,AWS_AMD,spatial_outlier,Deviating from spatial trend
2026-08-29T01:25:10.658435,AWS_KNP,frozen_value,Values frozen
2026-08-29T01:25:10.662896,AWS_IDR,spike,pressure spiked by 68.75
2026-08-29T01:25:10.666645,AWS_VTZ,spike,humidity spiked by 26.68
2026-08-29T01:25:10.671363,AWS_BBI,drift,Temperature drifted by 3.18
2026-08-29T01:25:10.674651,AWS_IXR,drift,Temperature drifted by 1.09
2026-08-29T01:25:12.702111,AWS_DEL,frozen_value,Values frozen
2026-08-29T01:25:12.750481,AWS_HYD,drift,Temperature drifted by 1.00
2026-08-29T01:25:12.806145,AWS_AMD,frozen_value,Values frozen
2026-08-29T01:25:12.818992,AWS_LKO,spike,humidity spiked by 22.28
2026-08-29T01:25:12.822044,AWS_KNP,frozen_value,Values frozen
2026-08-29T01:25:12.827871,AWS_IDR,spatial_outlier,Deviating from spatial trend
2026-08-29T01:25:12.836206,AWS_BBI,drift,Temperature drifted by 3.34
2026-08-29T01:25:12.838898,AWS_IXR,drift,Temperature drifted by 1.34
2026-08-29T01:25:14.845177,AWS_DEL,frozen_value,Values frozen
2026-08-29T01:25:14.853095,AWS_HYD,drift,Temperature drifted by 1.15
2026-08-29T01:25:14.857300,AWS_CCU,drift,Temperature drifted by 0.42
2026-08-29T01:25:14.866239,AWS_AMD,frozen_value,Values frozen
2026-08-29T01:25:14.869617,AWS_STV,frozen_value,Values frozen
2026-08-29T01:25:14.875289,AWS_LKO,dropout,Reading dropped
2026-08-29T01:25:14.876414,AWS_KNP,frozen_value,Values frozen
2026-08-29T01:25:14.899778,AWS_BBI,drift,Temperature drifted by 3.82
2026-08-29T01:25:14.903501,AWS_IXR,drift,Temperature drifted by 1.54
2026-08-29T01:25:16.918059,AWS_DEL,frozen_value,Values frozen
2026-08-29T01:25:16.927276,AWS_HYD,drift,Temperature drifted by 1.34
2026-08-29T01:25:16.930338,AWS_MAA,drift,Temperature drifted by 0.26
2026-08-29T01:25:16.936335,AWS_CCU,drift,Temperature drifted by 0.88
2026-08-29T01:25:16.940035,AWS_PNQ,dropout,Reading dropped
2026-08-29T01:25:16.941403,AWS_AMD,frozen_value,Values frozen
2026-08-29T01:25:16.949980,AWS_STV,frozen_value,Values frozen
2026-08-29T01:25:16.957986,AWS_JAI,spike,humidity spiked by -17.31
2026-08-29T01:25:16.967411,AWS_LKO,dropout,Reading dropped
2026-08-29T01:25:16.968820,AWS_KNP,frozen_value,Values frozen
2026-08-29T01:25:16.970919,AWS_NAG,spatial_outlier,Deviating from spatial trend
2026-08-29T01:25:16.980351,AWS_PAT,dropout,Reading dropped
2026-08-29T01:25:16.982648,AWS_BBI,drift,Temperature drifted by 4.23
2026-08-29T01:25:16.986139,AWS_GAU,spatial_outlier,Deviating from spatial trend
2026-08-29T01:25:16.988352,AWS_IXR,drift,Temperature drifted by 1.85
2026-08-29T01:25:18.997039,AWS_DEL,frozen_value,Values frozen
2026-08-29T01:25:19.007835,AWS_HYD,drift,Temperature drifted by 1.80
2026-08-29T01:25:19.012550,AWS_MAA,drift,Temperature drifted by 0.72
2026-08-29T01:25:19.016153,AWS_CCU,drift,Temperature drifted by 1.08
2026-08-29T01:25:19.018906,AWS_PNQ,dropout,Reading dropped
2026-08-29T01:25:19.020385,AWS_AMD,frozen_value,Values frozen
2026-08-29T01:25:19.023872,AWS_STV,frozen_value,Values frozen
2026-08-29T01:25:19.046700,AWS_LKO,dropout,Reading dropped
2026-08-29T01:25:19.052003,AWS_NAG,frozen_value,Values frozen
2026-08-29T01:25:19.056064,AWS_IDR,spike,pressure spiked by 95.98
2026-08-29T01:25:19.065885,AWS_PAT,dropout,Reading dropped
2026-08-29T01:25:19.069528,AWS_BBI,drift,Temperature drifted by 4.51
2026-08-29T01:25:19.079054,AWS_IXR,drift,Temperature drifted by 2.25
2026-08-29T01:25:21.092194,AWS_MUM,frozen_value,Values frozen
2026-08-29T01:25:21.097994,AWS_DEL,frozen_value,Values frozen
2026-08-29T01:25:21.120783,AWS_HYD,drift,Temperature drifted by 2.22
2026-08-29T01:25:21.123612,AWS_MAA,drift,Temperature drifted by 0.85
2026-08-29T01:25:21.125916,AWS_CCU,drift,Temperature drifted by 1.21
2026-08-29T01:25:21.130517,AWS_AMD,frozen_value,Values frozen
2026-08-29T01:25:21.132325,AWS_STV,frozen_value,Values frozen
2026-08-29T01:25:21.136184,AWS_JAI,spatial_outlier,Deviating from spatial trend
2026-08-29T01:25:21.144418,AWS_NAG,frozen_value,Values frozen
2026-08-29T01:25:21.153167,AWS_VTZ,cross_parameter_inconsistency,Physically inconsistent state
2026-08-29T01:25:21.159334,AWS_PAT,dropout,Reading dropped
2026-08-29T01:25:21.165448,AWS_IXR,drift,Temperature drifted by 2.67
2026-08-29T01:25:21.167180,AWS_MYQ,spatial_outlier,Deviating from spatial trend
2026-08-29T01:25:21.169314,AWS_CJB,spike,humidity spiked by -17.49
2026-08-29T01:25:23.171992,AWS_MUM,frozen_value,Values frozen
2026-08-29T01:25:23.175907,AWS_HYD,drift,Temperature drifted by 2.38
2026-08-29T01:25:23.177991,AWS_MAA,drift,Temperature drifted by 1.12
2026-08-29T01:25:23.180643,AWS_CCU,drift,Temperature drifted by 1.44
2026-08-29T01:25:23.185341,AWS_AMD,frozen_value,Values frozen
2026-08-29T01:25:23.187432,AWS_STV,frozen_value,Values frozen
2026-08-29T01:25:23.189981,AWS_JAI,drift,Temperature drifted by 0.20
2026-08-29T01:25:23.193369,AWS_LKO,spike,humidity spiked by 20.31
2026-08-29T01:25:23.196855,AWS_NAG,frozen_value,Values frozen
2026-08-29T01:25:23.198635,AWS_IDR,dropout,Reading dropped
2026-08-29T01:25:23.204862,AWS_IXC,frozen_value,Values frozen
2026-08-29T01:25:23.206843,AWS_BBI,spatial_outlier,Deviating from spatial trend
2026-08-29T01:25:23.210953,AWS_IXR,drift,Temperature drifted by 2.84
2026-08-29T01:25:23.213588,AWS_MYQ,spatial_outlier,Deviating from spatial trend
2026-08-29T01:25:25.224200,AWS_MUM,frozen_value,Values frozen
2026-08-29T01:25:25.236354,AWS_MAA,drift,Temperature drifted by 1.39
2026-08-29T01:25:25.242541,AWS_CCU,drift,Temperature drifted by 1.73
2026-08-29T01:25:25.247082,AWS_AMD,frozen_value,Values frozen
2026-08-29T01:25:25.255529,AWS_STV,frozen_value,Values frozen
2026-08-29T01:25:25.260697,AWS_JAI,drift,Temperature drifted by 0.51
2026-08-29T01:25:25.269303,AWS_KNP,cross_parameter_inconsistency,Physically inconsistent state
2026-08-29T01:25:25.274312,AWS_NAG,frozen_value,Values frozen
2026-08-29T01:25:25.277926,AWS_IDR,dropout,Reading dropped
2026-08-29T01:25:25.290899,AWS_PAT,spatial_outlier,Deviating from spatial trend
2026-08-29T01:25:25.299842,AWS_IXC,frozen_value,Values frozen
2026-08-29T01:25:25.307755,AWS_IXR,drift,Temperature drifted by 3.30
2026-08-29T01:25:27.320354,AWS_MUM,frozen_value,Values frozen
2026-08-29T01:25:27.326100,AWS_MAA,drift,Temperature drifted by 1.68
2026-08-29T01:25:27.331990,AWS_CCU,drift,Temperature drifted by 2.11
2026-08-29T01:25:27.337773,AWS_AMD,frozen_value,Values frozen
2026-08-29T01:25:27.345830,AWS_STV,frozen_value,Values frozen
2026-08-29T01:25:27.348621,AWS_JAI,drift,Temperature drifted by 0.81
2026-08-29T01:25:27.356630,AWS_NAG,frozen_value,Values frozen
2026-08-29T01:25:27.358506,AWS_IDR,dropout,Reading dropped
2026-08-29T01:25:27.362473,AWS_VTZ,dropout,Reading dropped
2026-08-29T01:25:27.363966,AWS_PAT,cross_parameter_inconsistency,Physically inconsistent state
2026-08-29T01:25:27.366082,AWS_IXC,frozen_value,Values frozen
2026-08-29T01:25:27.373227,AWS_IXR,drift,Temperature drifted by 3.64
2026-08-29T01:25:27.376972,AWS_MYQ,spatial_outlier,Deviating from spatial trend
2026-08-29T01:25:29.381024,AWS_MUM,frozen_value,Values frozen
2026-08-29T01:25:29.384675,AWS_DEL,spike,temperature spiked by -10.06
2026-08-29T01:25:29.391662,AWS_MAA,drift,Temperature drifted by 2.04
2026-08-29T01:25:29.396952,AWS_CCU,drift,Temperature drifted by 2.25
2026-08-29T01:25:29.404214,AWS_AMD,frozen_value,Values frozen
2026-08-29T01:25:29.410708,AWS_STV,frozen_value,Values frozen
2026-08-29T01:25:29.413444,AWS_JAI,drift,Temperature drifted by 1.23
2026-08-29T01:25:29.417700,AWS_NAG,frozen_value,Values frozen
2026-08-29T01:25:29.425999,AWS_BHO,drift,Temperature drifted by 0.11
2026-08-29T01:25:29.436882,AWS_VTZ,spike,humidity spiked by -11.34
2026-08-29T01:25:29.439222,AWS_PAT,cross_parameter_inconsistency,Physically inconsistent state
2026-08-29T01:25:29.443989,AWS_IXC,frozen_value,Values frozen
2026-08-29T01:25:29.446676,AWS_BBI,drift,Temperature drifted by 0.21
2026-08-29T01:25:29.461280,AWS_IXR,drift,Temperature drifted by 4.01
2026-08-29T01:25:31.472134,AWS_MUM,frozen_value,Values frozen
2026-08-29T01:25:31.479721,AWS_MAA,drift,Temperature drifted by 2.42
2026-08-29T01:25:31.482910,AWS_CCU,drift,Temperature drifted by 2.57
2026-08-29T01:25:31.490607,AWS_STV,frozen_value,Values frozen
2026-08-29T01:25:31.493578,AWS_JAI,drift,Temperature drifted by 1.58
2026-08-29T01:25:31.497082,AWS_LKO,drift,Temperature drifted by 0.24
2026-08-29T01:25:31.503576,AWS_BHO,drift,Temperature drifted by 0.60
2026-08-29T01:25:31.507815,AWS_COK,dropout,Reading dropped
2026-08-29T01:25:31.517899,AWS_IXC,frozen_value,Values frozen
2026-08-29T01:25:31.520412,AWS_BBI,drift,Temperature drifted by 0.56
2026-08-29T01:25:31.525399,AWS_IXR,drift,Temperature drifted by 4.15
2026-08-29T01:25:31.528423,AWS_MYQ,dropout,Reading dropped
2026-08-29T01:25:33.547173,AWS_DEL,dropout,Reading dropped
2026-08-29T01:25:33.555359,AWS_MAA,drift,Temperature drifted by 2.80
2026-08-29T01:25:33.562526,AWS_CCU,drift,Temperature drifted by 2.88
2026-08-29T01:25:33.569017,AWS_STV,frozen_value,Values frozen
2026-08-29T01:25:33.578575,AWS_JAI,drift,Temperature drifted by 2.03
2026-08-29T01:25:33.581323,AWS_LKO,drift,Temperature drifted by 0.60
2026-08-29T01:25:33.595106,AWS_BHO,drift,Temperature drifted by 0.83
2026-08-29T01:25:33.604481,AWS_COK,dropout,Reading dropped
2026-08-29T01:25:33.613692,AWS_VTZ,cross_parameter_inconsistency,Physically inconsistent state
2026-08-29T01:25:33.622599,AWS_IXC,frozen_value,Values frozen
2026-08-29T01:25:33.630167,AWS_BBI,drift,Temperature drifted by 0.71
2026-08-29T01:25:33.634843,AWS_IXR,drift,Temperature drifted by 4.51
2026-08-29T01:25:33.638222,AWS_MYQ,dropout,Reading dropped
2026-08-29T01:25:35.642790,AWS_DEL,dropout,Reading dropped
2026-08-29T01:25:35.645835,AWS_MAA,drift,Temperature drifted by 2.98
2026-08-29T01:25:35.648501,AWS_CCU,drift,Temperature drifted by 3.09
2026-08-29T01:25:35.654350,AWS_STV,frozen_value,Values frozen
2026-08-29T01:25:35.660138,AWS_LKO,drift,Temperature drifted by 1.00
2026-08-29T01:25:35.664584,AWS_BHO,drift,Temperature drifted by 1.20
2026-08-29T01:25:35.671884,AWS_VTZ,spatial_outlier,Deviating from spatial trend
2026-08-29T01:25:35.675365,AWS_IXC,frozen_value,Values frozen
2026-08-29T01:25:35.677711,AWS_BBI,drift,Temperature drifted by 0.85
2026-08-29T01:25:35.681761,AWS_IXR,spike,humidity spiked by 24.71
2026-08-29T01:25:35.684231,AWS_MYQ,dropout,Reading dropped
2026-08-29T01:25:37.689515,AWS_DEL,dropout,Reading dropped
2026-08-29T01:25:37.698759,AWS_CCU,drift,Temperature drifted by 3.29
2026-08-29T01:25:37.705652,AWS_STV,frozen_value,Values frozen
2026-08-29T01:25:37.710148,AWS_LKO,drift,Temperature drifted by 1.41
2026-08-29T01:25:37.714010,AWS_KNP,frozen_value,Values frozen
2026-08-29T01:25:37.718308,AWS_BHO,drift,Temperature drifted by 1.36
2026-08-29T01:25:37.722966,AWS_PAT,drift,Temperature drifted by 0.49
2026-08-29T01:25:37.725468,AWS_IXC,frozen_value,Values frozen
2026-08-29T01:25:37.730824,AWS_BBI,drift,Temperature drifted by 1.22
2026-08-29T01:25:39.760311,AWS_BLR,cross_parameter_inconsistency,Physically inconsistent state
2026-08-29T01:25:39.777551,AWS_LKO,drift,Temperature drifted by 1.59
2026-08-29T01:25:39.781728,AWS_KNP,frozen_value,Values frozen
2026-08-29T01:25:39.789352,AWS_BHO,drift,Temperature drifted by 1.66
2026-08-29T01:25:39.794115,AWS_COK,spike,pressure spiked by -138.13
2026-08-29T01:25:39.798982,AWS_PAT,drift,Temperature drifted by 0.96
2026-08-29T01:25:39.800817,AWS_IXC,frozen_value,Values frozen
2026-08-29T01:25:39.803054,AWS_BBI,drift,Temperature drifted by 1.33
2026-08-29T01:25:41.917193,AWS_LKO,drift,Temperature drifted by 1.80
2026-08-29T01:25:41.928654,AWS_KNP,frozen_value,Values frozen
2026-08-29T01:25:41.940739,AWS_BHO,drift,Temperature drifted by 1.91
2026-08-29T01:25:41.950786,AWS_PAT,drift,Temperature drifted by 1.28
2026-08-29T01:25:41.965337,AWS_IXC,frozen_value,Values frozen
2026-08-29T01:25:41.970338,AWS_BBI,drift,Temperature drifted by 1.82
2026-08-29T01:25:43.996052,AWS_DEL,dropout,Reading dropped
2026-08-29T01:25:44.050103,AWS_CCU,spike,pressure spiked by 117.47
2026-08-29T01:25:44.080776,AWS_JAI,cross_parameter_inconsistency,Physically inconsistent state
2026-08-29T01:25:44.085856,AWS_LKO,drift,Temperature drifted by 2.27
2026-08-29T01:25:44.091314,AWS_KNP,frozen_value,Values frozen
2026-08-29T01:25:44.102218,AWS_IDR,cross_parameter_inconsistency,Physically inconsistent state
2026-08-29T01:25:44.106743,AWS_BHO,drift,Temperature drifted by 2.09
2026-08-29T01:25:44.120405,AWS_PAT,drift,Temperature drifted by 1.76
2026-08-29T01:25:44.125438,AWS_IXC,frozen_value,Values frozen
2026-08-29T01:25:44.129300,AWS_BBI,drift,Temperature drifted by 1.99
2026-08-29T01:25:46.153108,AWS_DEL,frozen_value,Values frozen
2026-08-29T01:25:46.190610,AWS_AMD,frozen_value,Values frozen
2026-08-29T01:25:46.199252,AWS_JAI,cross_parameter_inconsistency,Physically inconsistent state
2026-08-29T01:25:46.205859,AWS_LKO,drift,Temperature drifted by 2.53
2026-08-29T01:25:46.209233,AWS_KNP,frozen_value,Values frozen
2026-08-29T01:25:46.223399,AWS_BHO,drift,Temperature drifted by 2.50
2026-08-29T01:25:46.227422,AWS_COK,spatial_outlier,Deviating from spatial trend
2026-08-29T01:25:46.232777,AWS_PAT,drift,Temperature drifted by 2.05
2026-08-29T01:25:46.236245,AWS_IXC,frozen_value,Values frozen
2026-08-29T01:25:46.239237,AWS_BBI,drift,Temperature drifted by 2.19
2026-08-29T01:25:46.246283,AWS_MYQ,spike,pressure spiked by -133.54
2026-08-29T01:25:46.249034,AWS_CJB,drift,Temperature drifted by 0.42
2026-08-29T01:25:48.257048,AWS_DEL,frozen_value,Values frozen
2026-08-29T01:25:48.283307,AWS_AMD,frozen_value,Values frozen
2026-08-29T01:25:48.290143,AWS_LKO,drift,Temperature drifted by 2.64
2026-08-29T01:25:48.293953,AWS_KNP,frozen_value,Values frozen
2026-08-29T01:25:48.305285,AWS_BHO,drift,Temperature drifted by 2.85
2026-08-29T01:25:48.317941,AWS_VTZ,drift,Temperature drifted by 0.27
2026-08-29T01:25:48.329709,AWS_PAT,drift,Temperature drifted by 2.37
2026-08-29T01:25:48.337089,AWS_BBI,drift,Temperature drifted by 2.29
2026-08-29T01:25:48.353236,AWS_MYQ,spike,pressure spiked by 108.80
2026-08-29T01:25:48.357663,AWS_CJB,drift,Temperature drifted by 0.73
2026-08-29T01:25:50.367457,AWS_DEL,frozen_value,Values frozen
2026-08-29T01:25:50.388910,AWS_AMD,frozen_value,Values frozen
2026-08-29T01:25:50.397304,AWS_LKO,frozen_value,Values frozen
2026-08-29T01:25:50.403449,AWS_KNP,frozen_value,Values frozen
2026-08-29T01:25:50.407739,AWS_NAG,frozen_value,Values frozen
2026-08-29T01:25:50.413773,AWS_BHO,drift,Temperature drifted by 3.04
2026-08-29T01:25:50.420917,AWS_VTZ,drift,Temperature drifted by 0.56
2026-08-29T01:25:50.424439,AWS_PAT,drift,Temperature drifted by 2.48
2026-08-29T01:25:50.428064,AWS_IXC,drift,Temperature drifted by 0.46
2026-08-29T01:25:50.432012,AWS_BBI,drift,Temperature drifted by 2.60
2026-08-29T01:25:50.444324,AWS_MYQ,drift,Temperature drifted by 0.20
2026-08-29T01:25:50.451377,AWS_CJB,drift,Temperature drifted by 1.11
2026-08-29T01:25:52.458326,AWS_DEL,frozen_value,Values frozen
2026-08-29T01:25:52.475458,AWS_CCU,spatial_outlier,Deviating from spatial trend
2026-08-29T01:25:52.483771,AWS_AMD,frozen_value,Values frozen
2026-08-29T01:25:52.498511,AWS_LKO,frozen_value,Values frozen
2026-08-29T01:25:52.508850,AWS_KNP,frozen_value,Values frozen
2026-08-29T01:25:52.512097,AWS_NAG,frozen_value,Values frozen
2026-08-29T01:25:52.520707,AWS_TRV,frozen_value,Values frozen
2026-08-29T01:25:52.524839,AWS_VTZ,drift,Temperature drifted by 0.82
2026-08-29T01:25:52.528304,AWS_PAT,drift,Temperature drifted by 2.92
2026-08-29T01:25:52.530804,AWS_IXC,drift,Temperature drifted by 0.60
2026-08-29T01:25:52.535654,AWS_BBI,drift,Temperature drifted by 2.98
2026-08-29T01:25:52.540100,AWS_GAU,drift,Temperature drifted by 0.24
2026-08-29T01:25:52.546251,AWS_MYQ,drift,Temperature drifted by 0.50
2026-08-29T01:25:52.552246,AWS_CJB,drift,Temperature drifted by 1.29
2026-08-29T01:25:54.566108,AWS_MUM,cross_parameter_inconsistency,Physically inconsistent state
2026-08-29T01:25:54.576396,AWS_DEL,frozen_value,Values frozen
2026-08-29T01:25:54.588908,AWS_HYD,spatial_outlier,Deviating from spatial trend
2026-08-29T01:25:54.600903,AWS_CCU,drift,Temperature drifted by 0.26
2026-08-29T01:25:54.614458,AWS_AMD,frozen_value,Values frozen
2026-08-29T01:25:54.631371,AWS_LKO,frozen_value,Values frozen
2026-08-29T01:25:54.637767,AWS_NAG,frozen_value,Values frozen
2026-08-29T01:25:54.647299,AWS_TRV,frozen_value,Values frozen
2026-08-29T01:25:54.649826,AWS_VTZ,drift,Temperature drifted by 1.03
2026-08-29T01:25:54.653236,AWS_PAT,drift,Temperature drifted by 3.42
2026-08-29T01:25:54.655604,AWS_IXC,drift,Temperature drifted by 0.75
2026-08-29T01:25:54.662387,AWS_BBI,drift,Temperature drifted by 3.18
2026-08-29T01:25:54.666019,AWS_GAU,drift,Temperature drifted by 0.46
2026-08-29T01:25:54.671057,AWS_MYQ,drift,Temperature drifted by 0.77
2026-08-29T01:25:54.674134,AWS_CJB,drift,Temperature drifted by 1.51
2026-08-29T01:25:56.680652,AWS_DEL,frozen_value,Values frozen
2026-08-29T01:25:56.695357,AWS_CCU,drift,Temperature drifted by 0.66
2026-08-29T01:25:56.705784,AWS_AMD,frozen_value,Values frozen
2026-08-29T01:25:56.718297,AWS_LKO,frozen_value,Values frozen
2026-08-29T01:25:56.724718,AWS_NAG,frozen_value,Values frozen
2026-08-29T01:25:56.732767,AWS_TRV,frozen_value,Values frozen
2026-08-29T01:25:56.735992,AWS_VTZ,drift,Temperature drifted by 1.45
2026-08-29T01:25:56.738273,AWS_PAT,drift,Temperature drifted by 3.86
2026-08-29T01:25:56.742232,AWS_IXC,drift,Temperature drifted by 1.22
2026-08-29T01:25:56.745242,AWS_BBI,drift,Temperature drifted by 3.68
2026-08-29T01:25:56.749855,AWS_GAU,drift,Temperature drifted by 0.84
2026-08-29T01:25:56.753927,AWS_MYQ,drift,Temperature drifted by 1.15
2026-08-29T01:25:56.756599,AWS_CJB,drift,Temperature drifted by 1.71
2026-08-29T01:25:58.772514,AWS_DEL,frozen_value,Values frozen
2026-08-29T01:25:58.789345,AWS_CCU,drift,Temperature drifted by 0.87
2026-08-29T01:25:58.795623,AWS_AMD,frozen_value,Values frozen
2026-08-29T01:25:58.804199,AWS_LKO,frozen_value,Values frozen
2026-08-29T01:25:58.808084,AWS_NAG,frozen_value,Values frozen
2026-08-29T01:25:58.812155,AWS_IDR,dropout,Reading dropped
2026-08-29T01:25:58.817325,AWS_TRV,frozen_value,Values frozen
2026-08-29T01:25:58.821917,AWS_VTZ,drift,Temperature drifted by 1.69
2026-08-29T01:25:58.824915,AWS_PAT,drift,Temperature drifted by 4.06
2026-08-29T01:25:58.827986,AWS_IXC,drift,Temperature drifted by 1.71
2026-08-29T01:25:58.832624,AWS_GAU,drift,Temperature drifted by 1.21
2026-08-29T01:25:58.839518,AWS_MYQ,drift,Temperature drifted by 1.33
2026-08-29T01:25:58.843845,AWS_CJB,drift,Temperature drifted by 2.06
2026-08-29T01:26:00.853232,AWS_DEL,frozen_value,Values frozen
2026-08-29T01:26:00.867846,AWS_CCU,drift,Temperature drifted by 1.10
2026-08-29T01:26:00.879483,AWS_AMD,frozen_value,Values frozen
2026-08-29T01:26:00.884012,AWS_LKO,frozen_value,Values frozen
2026-08-29T01:26:00.890259,AWS_NAG,frozen_value,Values frozen
2026-08-29T01:26:00.893217,AWS_IDR,dropout,Reading dropped
2026-08-29T01:26:00.897661,AWS_TRV,frozen_value,Values frozen
2026-08-29T01:26:00.900106,AWS_VTZ,drift,Temperature drifted by 1.92
2026-08-29T01:26:00.905898,AWS_PAT,drift,Temperature drifted by 4.49
2026-08-29T01:26:00.911102,AWS_GAU,drift,Temperature drifted by 1.65
2026-08-29T01:26:00.915752,AWS_IXR,frozen_value,Values frozen
2026-08-29T01:26:00.917934,AWS_MYQ,drift,Temperature drifted by 1.83
2026-08-29T01:26:00.922028,AWS_CJB,drift,Temperature drifted by 2.40
2026-08-29T01:26:02.931846,AWS_DEL,frozen_value,Values frozen
2026-08-29T01:26:02.946055,AWS_CCU,drift,Temperature drifted by 1.31
2026-08-29T01:26:02.950577,AWS_AMD,frozen_value,Values frozen
2026-08-29T01:26:02.955943,AWS_LKO,frozen_value,Values frozen
2026-08-29T01:26:02.958675,AWS_KNP,cross_parameter_inconsistency,Physically inconsistent state
2026-08-29T01:26:02.962151,AWS_NAG,frozen_value,Values frozen
2026-08-29T01:26:02.964940,AWS_IDR,dropout,Reading dropped
2026-08-29T01:26:02.967530,AWS_BHO,spike,humidity spiked by 26.19
2026-08-29T01:26:02.971560,AWS_TRV,frozen_value,Values frozen
2026-08-29T01:26:02.974515,AWS_VTZ,drift,Temperature drifted by 2.37
2026-08-29T01:26:02.977133,AWS_PAT,drift,Temperature drifted by 4.91
2026-08-29T01:26:02.980878,AWS_GAU,drift,Temperature drifted by 2.15
2026-08-29T01:26:02.993745,AWS_IXR,frozen_value,Values frozen
2026-08-29T01:26:03.001021,AWS_MYQ,drift,Temperature drifted by 1.95
2026-08-29T01:26:03.010581,AWS_CJB,drift,Temperature drifted by 2.89
2026-08-29T01:26:05.018942,AWS_DEL,frozen_value,Values frozen
2026-08-29T01:26:05.025864,AWS_BLR,spatial_outlier,Deviating from spatial trend
2026-08-29T01:26:05.151797,AWS_CCU,drift,Temperature drifted by 1.53
2026-08-29T01:26:05.172779,AWS_PNQ,cross_parameter_inconsistency,Physically inconsistent state
2026-08-29T01:26:05.200181,AWS_AMD,frozen_value,Values frozen
2026-08-29T01:26:05.247906,AWS_LKO,frozen_value,Values frozen
2026-08-29T01:26:05.255643,AWS_NAG,frozen_value,Values frozen
2026-08-29T01:26:05.267217,AWS_IDR,drift,Temperature drifted by 0.43
2026-08-29T01:26:05.287612,AWS_TRV,frozen_value,Values frozen
2026-08-29T01:26:05.295853,AWS_VTZ,drift,Temperature drifted by 2.65
2026-08-29T01:26:05.300274,AWS_GAU,drift,Temperature drifted by 2.42
2026-08-29T01:26:05.302175,AWS_IXR,frozen_value,Values frozen
2026-08-29T01:26:05.306252,AWS_MYQ,drift,Temperature drifted by 2.16
2026-08-29T01:26:05.307985,AWS_CJB,drift,Temperature drifted by 3.09
2026-08-29T01:26:07.313667,AWS_DEL,frozen_value,Values frozen
2026-08-29T01:26:07.321586,AWS_CCU,drift,Temperature drifted by 1.72
2026-08-29T01:26:07.329159,AWS_AMD,frozen_value,Values frozen
2026-08-29T01:26:07.333724,AWS_JAI,spatial_outlier,Deviating from spatial trend
2026-08-29T01:26:07.336596,AWS_LKO,frozen_value,Values frozen
2026-08-29T01:26:07.340991,AWS_KNP,drift,Temperature drifted by 0.43
2026-08-29T01:26:07.343867,AWS_NAG,frozen_value,Values frozen
2026-08-29T01:26:07.345902,AWS_IDR,drift,Temperature drifted by 0.91
2026-08-29T01:26:07.349201,AWS_COK,drift,Temperature drifted by 0.42
2026-08-29T01:26:07.350959,AWS_TRV,frozen_value,Values frozen
2026-08-29T01:26:07.353210,AWS_VTZ,drift,Temperature drifted by 3.03
2026-08-29T01:26:07.359395,AWS_GAU,drift,Temperature drifted by 2.61
2026-08-29T01:26:07.361545,AWS_IXR,frozen_value,Values frozen
2026-08-29T01:26:07.365454,AWS_MYQ,drift,Temperature drifted by 2.36
2026-08-29T01:26:07.369432,AWS_CJB,drift,Temperature drifted by 3.46
2026-08-29T01:26:09.374018,AWS_MUM,frozen_value,Values frozen
2026-08-29T01:26:09.377344,AWS_DEL,frozen_value,Values frozen
2026-08-29T01:26:09.385117,AWS_HYD,spatial_outlier,Deviating from spatial trend
2026-08-29T01:26:09.388425,AWS_MAA,dropout,Reading dropped
2026-08-29T01:26:09.390281,AWS_CCU,drift,Temperature drifted by 2.10
2026-08-29T01:26:09.396771,AWS_AMD,frozen_value,Values frozen
2026-08-29T01:26:09.403998,AWS_LKO,frozen_value,Values frozen
2026-08-29T01:26:09.406987,AWS_KNP,drift,Temperature drifted by 0.55
2026-08-29T01:26:09.411094,AWS_NAG,frozen_value,Values frozen
2026-08-29T01:26:09.415938,AWS_IDR,drift,Temperature drifted by 1.05
2026-08-29T01:26:09.419036,AWS_COK,drift,Temperature drifted by 0.87
2026-08-29T01:26:09.421000,AWS_TRV,frozen_value,Values frozen
2026-08-29T01:26:09.424564,AWS_VTZ,drift,Temperature drifted by 3.42
2026-08-29T01:26:09.431340,AWS_BBI,cross_parameter_inconsistency,Physically inconsistent state
2026-08-29T01:26:09.433247,AWS_GAU,drift,Temperature drifted by 3.04
2026-08-29T01:26:09.435674,AWS_IXR,frozen_value,Values frozen
2026-08-29T01:26:09.438219,AWS_MYQ,drift,Temperature drifted by 2.77
2026-08-29T01:26:11.458042,AWS_MUM,frozen_value,Values frozen
2026-08-29T01:26:11.467347,AWS_MAA,dropout,Reading dropped
2026-08-29T01:26:11.472256,AWS_AMD,frozen_value,Values frozen
2026-08-29T01:26:11.479500,AWS_LKO,frozen_value,Values frozen
2026-08-29T01:26:11.481951,AWS_KNP,drift,Temperature drifted by 0.75
2026-08-29T01:26:11.484126,AWS_NAG,frozen_value,Values frozen
2026-08-29T01:26:11.488433,AWS_IDR,drift,Temperature drifted by 1.18
2026-08-29T01:26:11.493489,AWS_COK,drift,Temperature drifted by 1.02
2026-08-29T01:26:11.496604,AWS_TRV,frozen_value,Values frozen
2026-08-29T01:26:11.503392,AWS_PAT,spike,humidity spiked by -12.22
2026-08-29T01:26:11.510742,AWS_GAU,drift,Temperature drifted by 3.26
2026-08-29T01:26:11.515123,AWS_IXR,frozen_value,Values frozen
2026-08-29T01:26:11.518218,AWS_MYQ,drift,Temperature drifted by 3.24
2026-08-29T01:26:13.527820,AWS_MUM,frozen_value,Values frozen
2026-08-29T01:26:13.536263,AWS_BLR,spatial_outlier,Deviating from spatial trend
2026-08-29T01:26:13.547081,AWS_MAA,dropout,Reading dropped
2026-08-29T01:26:13.553694,AWS_AMD,frozen_value,Values frozen
2026-08-29T01:26:13.556558,AWS_JAI,dropout,Reading dropped
2026-08-29T01:26:13.558021,AWS_LKO,frozen_value,Values frozen
2026-08-29T01:26:13.561392,AWS_KNP,drift,Temperature drifted by 0.88
2026-08-29T01:26:13.565644,AWS_NAG,frozen_value,Values frozen
2026-08-29T01:26:13.568691,AWS_IDR,drift,Temperature drifted by 1.52
2026-08-29T01:26:13.572309,AWS_COK,drift,Temperature drifted by 1.13
2026-08-29T01:26:13.573899,AWS_TRV,frozen_value,Values frozen
2026-08-29T01:26:13.577074,AWS_PAT,spatial_outlier,Deviating from spatial trend
2026-08-29T01:26:13.582035,AWS_GAU,drift,Temperature drifted by 3.63
2026-08-29T01:26:13.584160,AWS_IXR,frozen_value,Values frozen
2026-08-29T01:26:13.587697,AWS_MYQ,drift,Temperature drifted by 3.62
2026-08-29T01:26:13.589714,AWS_CJB,drift,Temperature drifted by 0.38
2026-08-29T01:26:15.596405,AWS_MUM,frozen_value,Values frozen
2026-08-29T01:26:15.614662,AWS_HYD,spike,pressure spiked by -149.43
2026-08-29T01:26:15.624751,AWS_MAA,dropout,Reading dropped
2026-08-29T01:26:15.639066,AWS_JAI,spatial_outlier,Deviating from spatial trend
2026-08-29T01:26:15.653325,AWS_KNP,drift,Temperature drifted by 1.02
2026-08-29T01:26:15.667646,AWS_IDR,drift,Temperature drifted by 1.78
2026-08-29T01:26:15.673721,AWS_COK,drift,Temperature drifted by 1.43
2026-08-29T01:26:15.682740,AWS_IXC,dropout,Reading dropped
2026-08-29T01:26:15.685527,AWS_GAU,drift,Temperature drifted by 4.02
2026-08-29T01:26:15.692962,AWS_IXR,frozen_value,Values frozen
2026-08-29T01:26:15.701683,AWS_MYQ,drift,Temperature drifted by 3.79
2026-08-29T01:26:15.705030,AWS_CJB,drift,Temperature drifted by 0.58
2026-08-29T01:26:17.711111,AWS_MUM,frozen_value,Values frozen
2026-08-29T01:26:17.714954,AWS_HYD,drift,Temperature drifted by 0.45
2026-08-29T01:26:17.718230,AWS_CCU,drift,Temperature drifted by 0.36
2026-08-29T01:26:17.722454,AWS_JAI,frozen_value,Values frozen
2026-08-29T01:26:17.725082,AWS_NAG,spike,humidity spiked by -25.43
2026-08-29T01:26:17.728991,AWS_IDR,drift,Temperature drifted by 2.21
2026-08-29T01:26:17.733437,AWS_COK,drift,Temperature drifted by 1.71
2026-08-29T01:26:17.737374,AWS_IXC,dropout,Reading dropped
2026-08-29T01:26:17.739596,AWS_GAU,drift,Temperature drifted by 4.22
2026-08-29T01:26:17.741873,AWS_IXR,frozen_value,Values frozen
2026-08-29T01:26:17.745053,AWS_CJB,drift,Temperature drifted by 0.92
2026-08-29T01:26:19.747116,AWS_MUM,frozen_value,Values frozen
2026-08-29T01:26:19.749426,AWS_HYD,drift,Temperature drifted by 0.82
2026-08-29T01:26:19.751191,AWS_CCU,drift,Temperature drifted by 0.65
2026-08-29T01:26:19.752552,AWS_JAI,frozen_value,Values frozen
2026-08-29T01:26:19.753700,AWS_NAG,drift,Temperature drifted by 0.14
2026-08-29T01:26:19.754412,AWS_IDR,drift,Temperature drifted by 2.64
2026-08-29T01:26:19.755585,AWS_COK,drift,Temperature drifted by 1.96
2026-08-29T01:26:19.757056,AWS_GAU,drift,Temperature drifted by 4.59
2026-08-29T01:26:19.757658,AWS_IXR,frozen_value,Values frozen
2026-08-29T01:26:19.758364,AWS_MYQ,spike,pressure spiked by -145.47
2026-08-29T01:26:19.759106,AWS_CJB,drift,Temperature drifted by 1.10
2026-08-29T01:26:21.760252,AWS_MUM,frozen_value,Values frozen
2026-08-29T01:26:21.767112,AWS_HYD,drift,Temperature drifted by 1.30
2026-08-29T01:26:21.771500,AWS_CCU,drift,Temperature drifted by 1.06
2026-08-29T01:26:21.774567,AWS_PNQ,spike,pressure spiked by -141.16
2026-08-29T01:26:21.780460,AWS_JAI,frozen_value,Values frozen
2026-08-29T01:26:21.787431,AWS_NAG,drift,Temperature drifted by 0.34
2026-08-29T01:26:21.790712,AWS_IDR,drift,Temperature drifted by 2.91
2026-08-29T01:26:21.794888,AWS_BHO,cross_parameter_inconsistency,Physically inconsistent state
2026-08-29T01:26:21.797651,AWS_COK,drift,Temperature drifted by 2.36
2026-08-29T01:26:21.803118,AWS_PAT,drift,Temperature drifted by 0.21
2026-08-29T01:26:21.807975,AWS_GAU,drift,Temperature drifted by 4.98
2026-08-29T01:26:21.811631,AWS_IXR,spatial_outlier,Deviating from spatial trend
2026-08-29T01:26:21.815391,AWS_CJB,drift,Temperature drifted by 1.37
2026-08-29T01:26:23.820423,AWS_BLR,spatial_outlier,Deviating from spatial trend
2026-08-29T01:26:23.821474,AWS_HYD,drift,Temperature drifted by 1.60
2026-08-29T01:26:23.823226,AWS_CCU,drift,Temperature drifted by 1.51
2026-08-29T01:26:23.824787,AWS_JAI,frozen_value,Values frozen
2026-08-29T01:26:23.827363,AWS_NAG,drift,Temperature drifted by 0.75
2026-08-29T01:26:23.828489,AWS_IDR,drift,Temperature drifted by 3.16
2026-08-29T01:26:23.829549,AWS_COK,drift,Temperature drifted by 2.76
2026-08-29T01:26:23.831030,AWS_PAT,drift,Temperature drifted by 0.50
2026-08-29T01:26:23.832781,AWS_CJB,drift,Temperature drifted by 1.47
2026-08-29T01:26:25.835695,AWS_HYD,drift,Temperature drifted by 1.83
2026-08-29T01:26:25.838190,AWS_CCU,drift,Temperature drifted by 1.98
2026-08-29T01:26:25.843106,AWS_JAI,frozen_value,Values frozen
2026-08-29T01:26:25.847469,AWS_NAG,drift,Temperature drifted by 0.89
2026-08-29T01:26:25.849887,AWS_IDR,drift,Temperature drifted by 3.64
2026-08-29T01:26:25.853196,AWS_COK,drift,Temperature drifted by 3.07
2026-08-29T01:26:25.857046,AWS_PAT,drift,Temperature drifted by 0.95
2026-08-29T01:26:25.858485,AWS_BBI,dropout,Reading dropped
2026-08-29T01:26:25.861691,AWS_CJB,drift,Temperature drifted by 1.69
2026-08-29T01:26:27.866894,AWS_HYD,drift,Temperature drifted by 2.08
2026-08-29T01:26:27.868522,AWS_MAA,spike,humidity spiked by -23.59
2026-08-29T01:26:27.869777,AWS_CCU,drift,Temperature drifted by 2.39
2026-08-29T01:26:27.873673,AWS_JAI,frozen_value,Values frozen
2026-08-29T01:26:27.876314,AWS_KNP,dropout,Reading dropped
2026-08-29T01:26:27.878035,AWS_NAG,drift,Temperature drifted by 1.10
2026-08-29T01:26:27.881201,AWS_COK,drift,Temperature drifted by 3.33
2026-08-29T01:26:27.883203,AWS_VTZ,frozen_value,Values frozen
2026-08-29T01:26:27.884859,AWS_PAT,drift,Temperature drifted by 1.15
2026-08-29T01:26:27.888076,AWS_IXR,frozen_value,Values frozen
2026-08-29T01:26:27.890147,AWS_CJB,drift,Temperature drifted by 1.93
2026-08-29T01:26:29.892451,AWS_MUM,spike,humidity spiked by 19.39
2026-08-29T01:26:29.896451,AWS_BLR,spatial_outlier,Deviating from spatial trend
2026-08-29T01:26:29.898379,AWS_HYD,drift,Temperature drifted by 2.28
2026-08-29T01:26:29.900494,AWS_CCU,drift,Temperature drifted by 2.77
2026-08-29T01:26:29.902725,AWS_PNQ,spike,temperature spiked by 17.62
2026-08-29T01:26:29.906863,AWS_JAI,frozen_value,Values frozen
2026-08-29T01:26:29.910066,AWS_KNP,cross_parameter_inconsistency,Physically inconsistent state
2026-08-29T01:26:29.913468,AWS_NAG,drift,Temperature drifted by 1.34
2026-08-29T01:26:29.917484,AWS_COK,spike,pressure spiked by 60.16
2026-08-29T01:26:29.920564,AWS_VTZ,frozen_value,Values frozen
2026-08-29T01:26:29.922391,AWS_PAT,drift,Temperature drifted by 1.58
2026-08-29T01:26:29.927798,AWS_IXR,frozen_value,Values frozen
2026-08-29T01:26:29.931240,AWS_CJB,drift,Temperature drifted by 2.29
2026-08-29T01:26:31.936489,AWS_HYD,drift,Temperature drifted by 2.61
2026-08-29T01:26:31.938027,AWS_CCU,drift,Temperature drifted by 3.17
2026-08-29T01:26:31.940157,AWS_STV,spike,temperature spiked by -28.95
2026-08-29T01:26:31.943028,AWS_JAI,frozen_value,Values frozen
2026-08-29T01:26:31.946642,AWS_NAG,drift,Temperature drifted by 1.70
2026-08-29T01:26:31.948140,AWS_IDR,spatial_outlier,Deviating from spatial trend
2026-08-29T01:26:31.951585,AWS_VTZ,frozen_value,Values frozen
2026-08-29T01:26:31.952496,AWS_PAT,drift,Temperature drifted by 1.98
2026-08-29T01:26:31.954965,AWS_IXR,frozen_value,Values frozen
2026-08-29T01:26:31.956207,AWS_MYQ,spike,temperature spiked by 17.66
2026-08-29T01:26:31.957103,AWS_CJB,drift,Temperature drifted by 2.53
2026-08-29T01:26:33.961548,AWS_HYD,drift,Temperature drifted by 2.83
2026-08-29T01:26:33.964852,AWS_CCU,drift,Temperature drifted by 3.33
2026-08-29T01:26:33.966835,AWS_PNQ,frozen_value,Values frozen
2026-08-29T01:26:33.968976,AWS_STV,dropout,Reading dropped
2026-08-29T01:26:33.969969,AWS_JAI,frozen_value,Values frozen
2026-08-29T01:26:33.971290,AWS_LKO,drift,Temperature drifted by 0.45
2026-08-29T01:26:33.974462,AWS_NAG,drift,Temperature drifted by 1.90
2026-08-29T01:26:33.978669,AWS_VTZ,frozen_value,Values frozen
2026-08-29T01:26:33.981182,AWS_PAT,drift,Temperature drifted by 2.15
2026-08-29T01:26:33.982808,AWS_IXC,spike,pressure spiked by 109.17
2026-08-29T01:26:33.984739,AWS_GAU,dropout,Reading dropped
2026-08-29T01:26:33.986194,AWS_IXR,frozen_value,Values frozen
2026-08-29T01:26:33.989043,AWS_CJB,drift,Temperature drifted by 2.64
2026-08-29T01:26:35.992712,AWS_DEL,drift,Temperature drifted by 0.17
2026-08-29T01:26:35.996952,AWS_HYD,drift,Temperature drifted by 3.16
2026-08-29T01:26:35.999386,AWS_MAA,dropout,Reading dropped
2026-08-29T01:26:36.001326,AWS_CCU,drift,Temperature drifted by 3.46
2026-08-29T01:26:36.004086,AWS_PNQ,frozen_value,Values frozen
2026-08-29T01:26:36.007170,AWS_STV,dropout,Reading dropped
2026-08-29T01:26:36.009504,AWS_JAI,frozen_value,Values frozen
2026-08-29T01:26:36.011970,AWS_LKO,drift,Temperature drifted by 0.87
2026-08-29T01:26:36.015154,AWS_NAG,drift,Temperature drifted by 2.35
2026-08-29T01:26:36.020733,AWS_VTZ,frozen_value,Values frozen
2026-08-29T01:26:36.023186,AWS_PAT,drift,Temperature drifted by 2.46
2026-08-29T01:26:36.029118,AWS_BBI,dropout,Reading dropped
2026-08-29T01:26:36.030520,AWS_GAU,dropout,Reading dropped
2026-08-29T01:26:36.031098,AWS_IXR,frozen_value,Values frozen
2026-08-29T01:26:36.032657,AWS_CJB,drift,Temperature drifted by 3.05
2026-08-29T01:26:38.037261,AWS_DEL,drift,Temperature drifted by 0.51
2026-08-29T01:26:38.038756,AWS_BLR,dropout,Reading dropped
2026-08-29T01:26:38.039529,AWS_HYD,drift,Temperature drifted by 3.56
2026-08-29T01:26:38.041423,AWS_CCU,drift,Temperature drifted by 3.71
2026-08-29T01:26:38.042783,AWS_PNQ,frozen_value,Values frozen
2026-08-29T01:26:38.045406,AWS_STV,dropout,Reading dropped
2026-08-29T01:26:38.046464,AWS_JAI,frozen_value,Values frozen
2026-08-29T01:26:38.047872,AWS_LKO,drift,Temperature drifted by 1.13
2026-08-29T01:26:38.050736,AWS_NAG,drift,Temperature drifted by 2.46
2026-08-29T01:26:38.053217,AWS_BHO,cross_parameter_inconsistency,Physically inconsistent state
2026-08-29T01:26:38.056561,AWS_VTZ,frozen_value,Values frozen
2026-08-29T01:26:38.058585,AWS_PAT,drift,Temperature drifted by 2.79
2026-08-29T01:26:38.061629,AWS_BBI,drift,Temperature drifted by 0.44
2026-08-29T01:26:38.063381,AWS_IXR,frozen_value,Values frozen
2026-08-29T01:26:38.064054,AWS_MYQ,cross_parameter_inconsistency,Physically inconsistent state
2026-08-29T01:26:38.065996,AWS_CJB,drift,Temperature drifted by 3.28
2026-08-29T01:26:40.071348,AWS_DEL,drift,Temperature drifted by 0.72
2026-08-29T01:26:40.074407,AWS_BLR,dropout,Reading dropped
2026-08-29T01:26:40.075496,AWS_HYD,drift,Temperature drifted by 3.70
2026-08-29T01:26:40.082094,AWS_CCU,drift,Temperature drifted by 4.07
2026-08-29T01:26:40.084265,AWS_PNQ,frozen_value,Values frozen
2026-08-29T01:26:40.091591,AWS_JAI,frozen_value,Values frozen
2026-08-29T01:26:40.095619,AWS_LKO,drift,Temperature drifted by 1.47
2026-08-29T01:26:40.101667,AWS_NAG,drift,Temperature drifted by 2.95
2026-08-29T01:26:40.114012,AWS_IDR,dropout,Reading dropped
2026-08-29T01:26:40.115911,AWS_BHO,cross_parameter_inconsistency,Physically inconsistent state
2026-08-29T01:26:40.120179,AWS_TRV,frozen_value,Values frozen
2026-08-29T01:26:40.122826,AWS_VTZ,frozen_value,Values frozen
2026-08-29T01:26:40.129814,AWS_PAT,drift,Temperature drifted by 3.28
2026-08-29T01:26:40.133382,AWS_IXC,drift,Temperature drifted by 0.41
2026-08-29T01:26:40.136248,AWS_BBI,drift,Temperature drifted by 0.57
2026-08-29T01:26:40.141703,AWS_IXR,frozen_value,Values frozen
2026-08-29T01:26:40.152089,AWS_MYQ,spike,pressure spiked by -138.47
2026-08-29T01:26:40.157595,AWS_CJB,drift,Temperature drifted by 3.46
2026-08-29T01:26:42.172316,AWS_DEL,drift,Temperature drifted by 1.18
2026-08-29T01:26:42.181540,AWS_HYD,drift,Temperature drifted by 4.19
2026-08-29T01:26:42.185166,AWS_CCU,drift,Temperature drifted by 4.31
2026-08-29T01:26:42.187783,AWS_PNQ,frozen_value,Values frozen
2026-08-29T01:26:42.193054,AWS_STV,cross_parameter_inconsistency,Physically inconsistent state
2026-08-29T01:26:42.196034,AWS_JAI,frozen_value,Values frozen
2026-08-29T01:26:42.199261,AWS_LKO,drift,Temperature drifted by 1.91
2026-08-29T01:26:42.205110,AWS_NAG,drift,Temperature drifted by 3.21
2026-08-29T01:26:42.214433,AWS_IDR,dropout,Reading dropped
2026-08-29T01:26:42.222890,AWS_TRV,frozen_value,Values frozen
2026-08-29T01:26:42.227170,AWS_VTZ,frozen_value,Values frozen
2026-08-29T01:26:42.230103,AWS_PAT,drift,Temperature drifted by 3.41
2026-08-29T01:26:42.235006,AWS_IXC,drift,Temperature drifted by 0.91
2026-08-29T01:26:42.238171,AWS_BBI,drift,Temperature drifted by 1.05
2026-08-29T01:26:42.248208,AWS_IXR,frozen_value,Values frozen
2026-08-29T01:26:44.257079,AWS_DEL,drift,Temperature drifted by 1.30
2026-08-29T01:26:44.260054,AWS_BLR,dropout,Reading dropped
2026-08-29T01:26:44.261047,AWS_HYD,cross_parameter_inconsistency,Physically inconsistent state
2026-08-29T01:26:44.266269,AWS_PNQ,frozen_value,Values frozen
2026-08-29T01:26:44.271374,AWS_JAI,dropout,Reading dropped
2026-08-29T01:26:44.273130,AWS_LKO,drift,Temperature drifted by 2.28
2026-08-29T01:26:44.278990,AWS_IDR,cross_parameter_inconsistency,Physically inconsistent state
2026-08-29T01:26:44.283090,AWS_COK,spike,pressure spiked by 94.68
2026-08-29T01:26:44.286257,AWS_TRV,frozen_value,Values frozen
2026-08-29T01:26:44.288601,AWS_VTZ,frozen_value,Values frozen
2026-08-29T01:26:44.290472,AWS_PAT,drift,Temperature drifted by 3.53
2026-08-29T01:26:44.292577,AWS_IXC,drift,Temperature drifted by 1.02
2026-08-29T01:26:44.296571,AWS_BBI,drift,Temperature drifted by 1.54
2026-08-29T01:26:44.300073,AWS_IXR,frozen_value,Values frozen
2026-08-29T01:26:46.307936,AWS_DEL,drift,Temperature drifted by 1.64
2026-08-29T01:26:46.315013,AWS_BLR,dropout,Reading dropped
2026-08-29T01:26:46.329747,AWS_MAA,cross_parameter_inconsistency,Physically inconsistent state
2026-08-29T01:26:46.349271,AWS_PNQ,frozen_value,Values frozen
2026-08-29T01:26:46.360323,AWS_JAI,dropout,Reading dropped
2026-08-29T01:26:46.362305,AWS_LKO,drift,Temperature drifted by 2.67
2026-08-29T01:26:46.366517,AWS_KNP,spatial_outlier,Deviating from spatial trend
2026-08-29T01:26:46.396771,AWS_TRV,frozen_value,Values frozen
2026-08-29T01:26:46.402929,AWS_PAT,drift,Temperature drifted by 3.68
2026-08-29T01:26:46.406265,AWS_IXC,drift,Temperature drifted by 1.38
2026-08-29T01:26:46.409334,AWS_BBI,drift,Temperature drifted by 1.90
2026-08-29T01:26:46.413090,AWS_IXR,frozen_value,Values frozen
2026-08-29T01:26:48.444342,AWS_DEL,drift,Temperature drifted by 1.78
2026-08-29T01:26:48.615891,AWS_PNQ,frozen_value,Values frozen
2026-08-29T01:26:48.708842,AWS_STV,spatial_outlier,Deviating from spatial trend
2026-08-29T01:26:53.507719,AWS_JAI,dropout,Reading dropped
2026-08-29T01:26:53.615944,AWS_LKO,drift,Temperature drifted by 2.97
2026-08-29T01:26:54.231044,AWS_TRV,frozen_value,Values frozen
2026-08-29T01:26:54.414602,AWS_PAT,drift,Temperature drifted by 3.82
2026-08-29T01:26:54.468218,AWS_IXC,drift,Temperature drifted by 1.57
2026-08-29T01:26:54.542958,AWS_BBI,drift,Temperature drifted by 2.19
2026-08-29T01:26:54.665132,AWS_IXR,frozen_value,Values frozen
2026-08-29T01:26:54.682670,AWS_MYQ,spatial_outlier,Deviating from spatial trend
2026-08-29T01:26:57.104125,AWS_PNQ,frozen_value,Values frozen
2026-08-29T01:26:59.192651,AWS_AMD,spike,temperature spiked by 19.76
2026-08-29T01:26:59.390064,AWS_LKO,drift,Temperature drifted by 3.08
2026-08-29T01:26:59.490227,AWS_KNP,drift,Temperature drifted by 0.35
2026-08-29T01:26:59.675635,AWS_COK,frozen_value,Values frozen
2026-08-29T01:26:59.737807,AWS_VTZ,spatial_outlier,Deviating from spatial trend
2026-08-29T01:26:59.785271,AWS_IXC,drift,Temperature drifted by 1.76
2026-08-29T01:26:59.829540,AWS_BBI,drift,Temperature drifted by 2.57
2026-08-29T01:27:01.997137,AWS_MUM,drift,Temperature drifted by 0.14
2026-08-29T01:27:02.004521,AWS_DEL,dropout,Reading dropped
2026-08-29T01:27:02.086869,AWS_PNQ,frozen_value,Values frozen
2026-08-29T01:27:02.172512,AWS_KNP,drift,Temperature drifted by 0.62
2026-08-29T01:27:02.238814,AWS_COK,frozen_value,Values frozen
2026-08-29T01:27:02.254229,AWS_VTZ,drift,Temperature drifted by 0.33
2026-08-29T01:27:02.269160,AWS_PAT,cross_parameter_inconsistency,Physically inconsistent state
2026-08-29T01:27:02.287789,AWS_IXC,drift,Temperature drifted by 2.06
2026-08-29T01:27:04.465255,AWS_MUM,drift,Temperature drifted by 0.45
2026-08-29T01:27:04.489618,AWS_DEL,dropout,Reading dropped
2026-08-29T01:27:04.490765,AWS_BLR,spatial_outlier,Deviating from spatial trend
2026-08-29T01:27:04.501841,AWS_MAA,spike,pressure spiked by -65.27
2026-08-29T01:27:04.523053,AWS_PNQ,frozen_value,Values frozen
2026-08-29T01:27:04.597191,AWS_KNP,drift,Temperature drifted by 0.83
2026-08-29T01:27:04.614663,AWS_NAG,spike,temperature spiked by 16.98
2026-08-29T01:27:04.627293,AWS_BHO,dropout,Reading dropped
2026-08-29T01:27:04.634572,AWS_COK,frozen_value,Values frozen
2026-08-29T01:27:04.651591,AWS_TRV,drift,Temperature drifted by 0.15
2026-08-29T01:27:04.667779,AWS_VTZ,drift,Temperature drifted by 0.78
2026-08-29T01:27:04.691550,AWS_IXC,drift,Temperature drifted by 2.34
2026-08-29T01:27:06.794638,AWS_MUM,drift,Temperature drifted by 0.55
2026-08-29T01:27:06.822921,AWS_PNQ,frozen_value,Values frozen
2026-08-29T01:27:06.840726,AWS_STV,dropout,Reading dropped
2026-08-29T01:27:06.860673,AWS_KNP,drift,Temperature drifted by 0.93
2026-08-29T01:27:06.935368,AWS_BHO,drift,Temperature drifted by 0.30
2026-08-29T01:27:06.968211,AWS_COK,frozen_value,Values frozen
2026-08-29T01:27:06.982930,AWS_TRV,drift,Temperature drifted by 0.59
2026-08-29T01:27:06.998753,AWS_VTZ,drift,Temperature drifted by 1.26
2026-08-29T01:27:07.031474,AWS_PAT,cross_parameter_inconsistency,Physically inconsistent state
2026-08-29T01:27:07.047005,AWS_IXC,drift,Temperature drifted by 2.74
2026-08-29T01:27:07.083522,AWS_BBI,spatial_outlier,Deviating from spatial trend
2026-08-29T01:27:09.183690,AWS_MUM,drift,Temperature drifted by 0.96
2026-08-29T01:27:09.221133,AWS_MAA,spike,humidity spiked by 12.90
2026-08-29T01:27:09.239611,AWS_CCU,spike,humidity spiked by 21.63
2026-08-29T01:27:09.265211,AWS_PNQ,frozen_value,Values frozen
2026-08-29T01:27:09.280416,AWS_STV,dropout,Reading dropped
2026-08-29T01:27:09.305838,AWS_LKO,spatial_outlier,Deviating from spatial trend
2026-08-29T01:27:09.335791,AWS_KNP,drift,Temperature drifted by 1.24
2026-08-29T01:27:09.386445,AWS_BHO,drift,Temperature drifted by 0.58
2026-08-29T01:27:09.414740,AWS_COK,frozen_value,Values frozen
2026-08-29T01:27:09.425201,AWS_TRV,drift,Temperature drifted by 0.76
2026-08-29T01:27:09.443574,AWS_VTZ,drift,Temperature drifted by 1.43
2026-08-29T01:27:09.451341,AWS_PAT,drift,Temperature drifted by 0.38
2026-08-29T01:27:09.457340,AWS_IXC,drift,Temperature drifted by 3.21
2026-08-29T01:27:09.466662,AWS_IXR,drift,Temperature drifted by 0.42
2026-08-29T01:27:11.488751,AWS_MUM,drift,Temperature drifted by 1.10
2026-08-29T01:27:11.629549,AWS_PNQ,frozen_value,Values frozen
2026-08-29T01:27:11.652697,AWS_AMD,spike,pressure spiked by 121.86
2026-08-29T01:27:11.671167,AWS_STV,dropout,Reading dropped
2026-08-29T01:27:11.706396,AWS_KNP,drift,Temperature drifted by 1.36
2026-08-29T01:27:11.734994,AWS_BHO,drift,Temperature drifted by 1.02
2026-08-29T01:27:11.751888,AWS_COK,frozen_value,Values frozen
2026-08-29T01:27:11.762108,AWS_TRV,drift,Temperature drifted by 1.12
2026-08-29T01:27:11.797602,AWS_VTZ,drift,Temperature drifted by 1.83
2026-08-29T01:27:11.815579,AWS_PAT,drift,Temperature drifted by 0.64
2026-08-29T01:27:11.847991,AWS_IXC,drift,Temperature drifted by 3.50
2026-08-29T01:27:11.937840,AWS_IXR,drift,Temperature drifted by 0.64
2026-08-29T01:27:13.985910,AWS_MUM,drift,Temperature drifted by 1.44
2026-08-29T01:27:14.041600,AWS_BLR,spike,pressure spiked by -85.80
2026-08-29T01:27:14.201014,AWS_AMD,frozen_value,Values frozen
2026-08-29T01:27:14.285221,AWS_KNP,drift,Temperature drifted by 1.59
2026-08-29T01:27:14.311702,AWS_NAG,spatial_outlier,Deviating from spatial trend
2026-08-29T01:27:14.331905,AWS_IDR,drift,Temperature drifted by 0.40
2026-08-29T01:27:14.345990,AWS_BHO,drift,Temperature drifted by 1.14
2026-08-29T01:27:14.367237,AWS_COK,frozen_value,Values frozen
2026-08-29T01:27:14.389970,AWS_TRV,drift,Temperature drifted by 1.51
2026-08-29T01:27:14.403434,AWS_VTZ,drift,Temperature drifted by 2.18
2026-08-29T01:27:14.418722,AWS_PAT,drift,Temperature drifted by 0.95
2026-08-29T01:27:14.433085,AWS_IXC,drift,Temperature drifted by 3.63
2026-08-29T01:27:14.456917,AWS_IXR,drift,Temperature drifted by 1.02
2026-08-29T01:27:14.463397,AWS_MYQ,frozen_value,Values frozen
2026-08-29T01:27:16.488397,AWS_MUM,drift,Temperature drifted by 1.56
2026-08-29T01:27:16.545999,AWS_BLR,cross_parameter_inconsistency,Physically inconsistent state
2026-08-29T01:27:16.645730,AWS_CCU,frozen_value,Values frozen
2026-08-29T01:27:16.679264,AWS_PNQ,drift,Temperature drifted by 0.42
2026-08-29T01:27:16.709923,AWS_AMD,frozen_value,Values frozen
2026-08-29T01:27:16.738563,AWS_LKO,dropout,Reading dropped
2026-08-29T01:27:16.744202,AWS_KNP,drift,Temperature drifted by 1.74
2026-08-29T01:27:16.764820,AWS_IDR,drift,Temperature drifted by 0.82
2026-08-29T01:27:16.775885,AWS_BHO,drift,Temperature drifted by 1.50
2026-08-29T01:27:16.787594,AWS_COK,frozen_value,Values frozen
2026-08-29T01:27:16.796182,AWS_TRV,drift,Temperature drifted by 1.71
2026-08-29T01:27:16.803054,AWS_VTZ,drift,Temperature drifted by 2.61
2026-08-29T01:27:16.808044,AWS_PAT,drift,Temperature drifted by 1.38
2026-08-29T01:27:16.817768,AWS_IXC,drift,Temperature drifted by 3.83
2026-08-29T01:27:16.832994,AWS_GAU,spike,humidity spiked by -15.62
2026-08-29T01:27:16.846444,AWS_IXR,drift,Temperature drifted by 1.15
2026-08-29T01:27:16.853351,AWS_MYQ,frozen_value,Values frozen
2026-08-29T01:27:18.876897,AWS_MUM,drift,Temperature drifted by 1.69
2026-08-29T01:27:18.935457,AWS_CCU,frozen_value,Values frozen
2026-08-29T01:27:18.954442,AWS_PNQ,drift,Temperature drifted by 0.90
2026-08-29T01:27:18.980810,AWS_AMD,frozen_value,Values frozen
2026-08-29T01:27:19.024255,AWS_LKO,dropout,Reading dropped
2026-08-29T01:27:19.025707,AWS_KNP,drift,Temperature drifted by 2.15
2026-08-29T01:27:19.080804,AWS_IDR,drift,Temperature drifted by 1.06
2026-08-29T01:27:19.126450,AWS_COK,frozen_value,Values frozen
2026-08-29T01:27:19.148643,AWS_TRV,drift,Temperature drifted by 1.86
2026-08-29T01:27:19.174293,AWS_VTZ,drift,Temperature drifted by 3.09
2026-08-29T01:27:19.183722,AWS_PAT,drift,Temperature drifted by 1.85
2026-08-29T01:27:19.204541,AWS_IXR,drift,Temperature drifted by 1.40
2026-08-29T01:27:19.208761,AWS_MYQ,frozen_value,Values frozen
2026-08-29T01:27:19.217946,AWS_CJB,spike,temperature spiked by -16.99
2026-08-29T01:27:21.232040,AWS_MUM,drift,Temperature drifted by 1.96
2026-08-29T01:27:21.256635,AWS_BLR,spatial_outlier,Deviating from spatial trend
2026-08-29T01:27:21.285238,AWS_MAA,dropout,Reading dropped
2026-08-29T01:27:21.286533,AWS_CCU,frozen_value,Values frozen
2026-08-29T01:27:21.311867,AWS_PNQ,drift,Temperature drifted by 1.29
2026-08-29T01:27:21.332467,AWS_AMD,frozen_value,Values frozen
2026-08-29T01:27:21.381748,AWS_KNP,drift,Temperature drifted by 2.33
2026-08-29T01:27:21.402023,AWS_IDR,drift,Temperature drifted by 1.54
2026-08-29T01:27:21.418901,AWS_COK,frozen_value,Values frozen
2026-08-29T01:27:21.427659,AWS_TRV,drift,Temperature drifted by 2.27
2026-08-29T01:27:21.441142,AWS_VTZ,drift,Temperature drifted by 3.29
2026-08-29T01:27:21.451571,AWS_PAT,drift,Temperature drifted by 2.19
2026-08-29T01:27:21.462761,AWS_IXC,cross_parameter_inconsistency,Physically inconsistent state
2026-08-29T01:27:21.478952,AWS_GAU,drift,Temperature drifted by 0.43
2026-08-29T01:27:21.503601,AWS_IXR,drift,Temperature drifted by 1.64
2026-08-29T01:27:21.553032,AWS_MYQ,frozen_value,Values frozen
2026-08-29T01:27:23.620767,AWS_MUM,spatial_outlier,Deviating from spatial trend
2026-08-29T01:27:23.639683,AWS_MAA,dropout,Reading dropped
2026-08-29T01:27:23.641003,AWS_CCU,frozen_value,Values frozen
2026-08-29T01:27:23.646615,AWS_PNQ,drift,Temperature drifted by 1.79
2026-08-29T01:27:23.654845,AWS_AMD,frozen_value,Values frozen
2026-08-29T01:27:23.661337,AWS_STV,frozen_value,Values frozen
2026-08-29T01:27:23.671440,AWS_KNP,drift,Temperature drifted by 2.46
2026-08-29T01:27:23.674749,AWS_NAG,spike,pressure spiked by 53.69
2026-08-29T01:27:23.677860,AWS_IDR,drift,Temperature drifted by 2.03
2026-08-29T01:27:23.682743,AWS_COK,spike,humidity spiked by -10.58
2026-08-29T01:27:23.687607,AWS_TRV,drift,Temperature drifted by 2.58
2026-08-29T01:27:23.692083,AWS_VTZ,drift,Temperature drifted by 3.48
2026-08-29T01:27:23.694767,AWS_PAT,drift,Temperature drifted by 2.51
2026-08-29T01:27:23.700990,AWS_GAU,drift,Temperature drifted by 0.92
2026-08-29T01:27:23.703211,AWS_IXR,drift,Temperature drifted by 1.81
2026-08-29T01:27:23.706189,AWS_MYQ,frozen_value,Values frozen
2026-08-29T01:27:23.709210,AWS_CJB,frozen_value,Values frozen
2026-08-29T01:27:25.846347,AWS_MAA,dropout,Reading dropped
2026-08-29T01:27:25.849494,AWS_CCU,frozen_value,Values frozen
2026-08-29T01:27:25.878381,AWS_PNQ,drift,Temperature drifted by 2.03
2026-08-29T01:27:25.918604,AWS_AMD,drift,Temperature drifted by 0.11
2026-08-29T01:27:25.965454,AWS_STV,frozen_value,Values frozen
2026-08-29T01:27:26.053910,AWS_KNP,drift,Temperature drifted by 2.89
2026-08-29T01:27:26.072486,AWS_IDR,drift,Temperature drifted by 2.52
2026-08-29T01:27:26.098822,AWS_COK,cross_parameter_inconsistency,Physically inconsistent state
2026-08-29T01:27:26.114711,AWS_VTZ,drift,Temperature drifted by 3.92
2026-08-29T01:27:26.119383,AWS_PAT,drift,Temperature drifted by 2.77
2026-08-29T01:27:26.128556,AWS_GAU,drift,Temperature drifted by 1.05
2026-08-29T01:27:26.133808,AWS_IXR,drift,Temperature drifted by 1.91
2026-08-29T01:27:26.137096,AWS_MYQ,frozen_value,Values frozen
2026-08-29T01:27:26.142793,AWS_CJB,frozen_value,Values frozen
2026-08-29T01:27:28.204543,AWS_CCU,frozen_value,Values frozen
2026-08-29T01:27:28.215074,AWS_PNQ,drift,Temperature drifted by 2.21
2026-08-29T01:27:28.222408,AWS_AMD,drift,Temperature drifted by 0.32
2026-08-29T01:27:28.229815,AWS_STV,frozen_value,Values frozen
2026-08-29T01:27:28.252945,AWS_KNP,drift,Temperature drifted by 3.19
2026-08-29T01:27:28.286146,AWS_IDR,drift,Temperature drifted by 2.65
2026-08-29T01:27:28.368538,AWS_VTZ,drift,Temperature drifted by 4.04
2026-08-29T01:27:28.391232,AWS_PAT,drift,Temperature drifted by 3.06
2026-08-29T01:27:28.412514,AWS_IXC,spike,humidity spiked by 28.78
2026-08-29T01:27:28.466865,AWS_GAU,drift,Temperature drifted by 1.41
2026-08-29T01:27:28.476721,AWS_IXR,drift,Temperature drifted by 2.06
2026-08-29T01:27:28.480136,AWS_MYQ,frozen_value,Values frozen
2026-08-29T01:27:28.488203,AWS_CJB,frozen_value,Values frozen
2026-08-29T01:27:30.560129,AWS_DEL,drift,Temperature drifted by 0.41
2026-08-29T01:27:30.694694,AWS_MAA,frozen_value,Values frozen
2026-08-29T01:27:30.732294,AWS_CCU,frozen_value,Values frozen
2026-08-29T01:27:30.760506,AWS_PNQ,drift,Temperature drifted by 2.69
2026-08-29T01:27:30.785741,AWS_AMD,drift,Temperature drifted by 0.47
2026-08-29T01:27:30.819200,AWS_STV,frozen_value,Values frozen
2026-08-29T01:27:30.838776,AWS_JAI,cross_parameter_inconsistency,Physically inconsistent state
2026-08-29T01:27:30.859609,AWS_KNP,drift,Temperature drifted by 3.53
2026-08-29T01:27:30.867083,AWS_NAG,dropout,Reading dropped
2026-08-29T01:27:30.868355,AWS_IDR,drift,Temperature drifted by 3.05
2026-08-29T01:27:30.873351,AWS_COK,dropout,Reading dropped
2026-08-29T01:27:30.880705,AWS_VTZ,drift,Temperature drifted by 4.33
2026-08-29T01:27:30.897184,AWS_GAU,drift,Temperature drifted by 1.72
2026-08-29T01:27:30.904062,AWS_IXR,drift,Temperature drifted by 2.17
2026-08-29T01:27:30.913421,AWS_MYQ,frozen_value,Values frozen
2026-08-29T01:27:30.923679,AWS_CJB,frozen_value,Values frozen
2026-08-29T01:27:32.937713,AWS_DEL,drift,Temperature drifted by 0.88
2026-08-29T01:27:32.943634,AWS_MAA,frozen_value,Values frozen
2026-08-29T01:27:32.947050,AWS_CCU,drift,Temperature drifted by 0.20
2026-08-29T01:27:32.949677,AWS_PNQ,drift,Temperature drifted by 3.06
2026-08-29T01:27:32.952530,AWS_AMD,drift,Temperature drifted by 0.92
2026-08-29T01:27:32.955967,AWS_STV,frozen_value,Values frozen
2026-08-29T01:27:32.960423,AWS_KNP,drift,Temperature drifted by 3.68
2026-08-29T01:27:32.962829,AWS_NAG,dropout,Reading dropped
2026-08-29T01:27:32.963813,AWS_IDR,drift,Temperature drifted by 3.17
2026-08-29T01:27:32.976355,AWS_PAT,spike,pressure spiked by -148.60
2026-08-29T01:27:32.984240,AWS_GAU,drift,Temperature drifted by 2.13
2026-08-29T01:27:33.115652,AWS_MYQ,frozen_value,Values frozen
2026-08-29T01:27:33.143194,AWS_CJB,frozen_value,Values frozen
2026-08-29T01:27:35.179698,AWS_DEL,drift,Temperature drifted by 1.12
2026-08-29T01:27:35.191455,AWS_BLR,drift,Temperature drifted by 0.40
2026-08-29T01:27:35.214301,AWS_MAA,frozen_value,Values frozen
2026-08-29T01:27:35.226482,AWS_CCU,drift,Temperature drifted by 0.66
2026-08-29T01:27:35.239068,AWS_PNQ,drift,Temperature drifted by 3.38
2026-08-29T01:27:35.249826,AWS_AMD,drift,Temperature drifted by 1.38
2026-08-29T01:27:35.259545,AWS_STV,frozen_value,Values frozen
2026-08-29T01:27:35.479444,AWS_IDR,drift,Temperature drifted by 3.32
2026-08-29T01:27:35.596160,AWS_BBI,frozen_value,Values frozen
2026-08-29T01:27:35.603425,AWS_GAU,drift,Temperature drifted by 2.48
2026-08-29T01:27:35.615519,AWS_MYQ,frozen_value,Values frozen
2026-08-29T01:27:35.618767,AWS_CJB,frozen_value,Values frozen
2026-08-29T01:27:37.624209,AWS_DEL,drift,Temperature drifted by 1.55
2026-08-29T01:27:37.631072,AWS_BLR,drift,Temperature drifted by 0.78
2026-08-29T01:27:37.658174,AWS_MAA,frozen_value,Values frozen
2026-08-29T01:27:37.665420,AWS_CCU,drift,Temperature drifted by 0.78
2026-08-29T01:27:37.686566,AWS_PNQ,drift,Temperature drifted by 3.48
2026-08-29T01:27:37.704543,AWS_AMD,dropout,Reading dropped
2026-08-29T01:27:37.705905,AWS_STV,spatial_outlier,Deviating from spatial trend
2026-08-29T01:27:37.757618,AWS_IDR,drift,Temperature drifted by 3.45
2026-08-29T01:27:37.778904,AWS_PAT,frozen_value,Values frozen
2026-08-29T01:27:37.787047,AWS_BBI,frozen_value,Values frozen
2026-08-29T01:27:37.792041,AWS_GAU,drift,Temperature drifted by 2.63
2026-08-29T01:27:37.794994,AWS_IXR,dropout,Reading dropped
2026-08-29T01:27:37.798231,AWS_CJB,frozen_value,Values frozen
2026-08-29T01:27:39.804332,AWS_DEL,drift,Temperature drifted by 1.74
2026-08-29T01:27:39.808029,AWS_BLR,drift,Temperature drifted by 1.11
2026-08-29T01:27:39.812101,AWS_MAA,frozen_value,Values frozen
2026-08-29T01:27:39.813940,AWS_CCU,drift,Temperature drifted by 1.05
2026-08-29T01:27:39.815624,AWS_PNQ,drift,Temperature drifted by 3.70
2026-08-29T01:27:39.822510,AWS_IDR,drift,Temperature drifted by 3.85
2026-08-29T01:27:39.828528,AWS_PAT,frozen_value,Values frozen
2026-08-29T01:27:39.831324,AWS_BBI,frozen_value,Values frozen
2026-08-29T01:27:39.833924,AWS_GAU,drift,Temperature drifted by 2.96
2026-08-29T01:27:39.835380,AWS_IXR,dropout,Reading dropped
2026-08-29T01:27:39.836897,AWS_CJB,frozen_value,Values frozen
2026-08-29T01:27:41.840891,AWS_DEL,drift,Temperature drifted by 2.00
2026-08-29T01:27:41.844066,AWS_BLR,drift,Temperature drifted by 1.37
2026-08-29T01:27:41.847363,AWS_MAA,frozen_value,Values frozen
2026-08-29T01:27:41.849224,AWS_CCU,drift,Temperature drifted by 1.27
2026-08-29T01:27:41.851385,AWS_PNQ,drift,Temperature drifted by 4.00
2026-08-29T01:27:41.854429,AWS_STV,spike,pressure spiked by 83.53
2026-08-29T01:27:41.862572,AWS_IDR,drift,Temperature drifted by 4.16
2026-08-29T01:27:41.867451,AWS_PAT,frozen_value,Values frozen
2026-08-29T01:27:41.878354,AWS_BBI,frozen_value,Values frozen
2026-08-29T01:27:41.884736,AWS_GAU,drift,Temperature drifted by 3.16
2026-08-29T01:27:41.892311,AWS_IXR,dropout,Reading dropped
2026-08-29T01:27:43.899294,AWS_MUM,spike,temperature spiked by -22.54
2026-08-29T01:27:43.904787,AWS_DEL,drift,Temperature drifted by 2.39
2026-08-29T01:27:43.907881,AWS_BLR,drift,Temperature drifted by 1.75
2026-08-29T01:27:43.911902,AWS_MAA,frozen_value,Values frozen
2026-08-29T01:27:43.914983,AWS_CCU,drift,Temperature drifted by 1.63
2026-08-29T01:27:43.923722,AWS_PNQ,drift,Temperature drifted by 4.33
2026-08-29T01:27:43.970469,AWS_IDR,drift,Temperature drifted by 4.50
2026-08-29T01:27:43.999524,AWS_PAT,frozen_value,Values frozen
2026-08-29T01:27:44.008846,AWS_BBI,frozen_value,Values frozen
2026-08-29T01:27:44.016161,AWS_GAU,drift,Temperature drifted by 3.27
2026-08-29T01:27:46.033665,AWS_DEL,drift,Temperature drifted by 2.69
2026-08-29T01:27:46.042040,AWS_BLR,drift,Temperature drifted by 2.01
2026-08-29T01:27:46.057598,AWS_MAA,frozen_value,Values frozen
2026-08-29T01:27:46.089766,AWS_CCU,drift,Temperature drifted by 2.05
2026-08-29T01:27:46.114602,AWS_PNQ,drift,Temperature drifted by 4.75
2026-08-29T01:27:46.167872,AWS_AMD,spike,humidity spiked by -13.99
2026-08-29T01:27:46.195661,AWS_JAI,cross_parameter_inconsistency,Physically inconsistent state
2026-08-29T01:27:46.246009,AWS_IDR,drift,Temperature drifted by 4.64
2026-08-29T01:27:46.277068,AWS_COK,cross_parameter_inconsistency,Physically inconsistent state
2026-08-29T01:27:46.303943,AWS_PAT,frozen_value,Values frozen
2026-08-29T01:27:46.326653,AWS_IXC,cross_parameter_inconsistency,Physically inconsistent state
2026-08-29T01:27:46.334188,AWS_BBI,frozen_value,Values frozen
2026-08-29T01:27:46.353846,AWS_GAU,drift,Temperature drifted by 3.49
2026-08-29T01:27:48.455160,AWS_DEL,drift,Temperature drifted by 3.00
2026-08-29T01:27:48.466963,AWS_BLR,drift,Temperature drifted by 2.27
2026-08-29T01:27:48.485563,AWS_CCU,drift,Temperature drifted by 2.22
2026-08-29T01:27:48.507558,AWS_NAG,drift,Temperature drifted by 0.38
2026-08-29T01:27:48.539138,AWS_PAT,frozen_value,Values frozen
2026-08-29T01:27:48.547572,AWS_BBI,frozen_value,Values frozen
2026-08-29T01:27:48.583039,AWS_CJB,drift,Temperature drifted by 0.13
2026-08-29T01:27:50.601185,AWS_DEL,drift,Temperature drifted by 3.47
2026-08-29T01:27:50.610002,AWS_BLR,drift,Temperature drifted by 2.55
2026-08-29T01:27:50.612900,AWS_HYD,dropout,Reading dropped
2026-08-29T01:27:50.613982,AWS_MAA,drift,Temperature drifted by 0.29
2026-08-29T01:27:50.622821,AWS_CCU,drift,Temperature drifted by 2.53
2026-08-29T01:27:50.632765,AWS_PNQ,spatial_outlier,Deviating from spatial trend
2026-08-29T01:27:50.666898,AWS_KNP,drift,Temperature drifted by 0.21
2026-08-29T01:27:50.673609,AWS_NAG,drift,Temperature drifted by 0.69
2026-08-29T01:27:50.698429,AWS_PAT,frozen_value,Values frozen
2026-08-29T01:27:50.708054,AWS_BBI,frozen_value,Values frozen
2026-08-29T01:27:50.717409,AWS_CJB,drift,Temperature drifted by 0.55
2026-08-29T01:27:52.720985,AWS_DEL,drift,Temperature drifted by 3.72
2026-08-29T01:27:52.724768,AWS_HYD,dropout,Reading dropped
2026-08-29T01:27:52.726094,AWS_MAA,drift,Temperature drifted by 0.51
2026-08-29T01:27:52.730875,AWS_STV,spatial_outlier,Deviating from spatial trend
2026-08-29T01:27:52.734024,AWS_KNP,drift,Temperature drifted by 0.60
2026-08-29T01:27:52.736067,AWS_NAG,drift,Temperature drifted by 0.90
2026-08-29T01:27:52.738990,AWS_BHO,spatial_outlier,Deviating from spatial trend
2026-08-29T01:27:52.743178,AWS_VTZ,cross_parameter_inconsistency,Physically inconsistent state
2026-08-29T01:27:52.745324,AWS_PAT,frozen_value,Values frozen
2026-08-29T01:27:52.751068,AWS_MYQ,spike,humidity spiked by 26.60
2026-08-29T01:27:52.753092,AWS_CJB,drift,Temperature drifted by 0.69
2026-08-29T01:27:54.756445,AWS_DEL,drift,Temperature drifted by 4.04
2026-08-29T01:27:54.759333,AWS_HYD,dropout,Reading dropped
2026-08-29T01:27:54.760443,AWS_MAA,drift,Temperature drifted by 0.72
2026-08-29T01:27:54.763111,AWS_PNQ,frozen_value,Values frozen
2026-08-29T01:27:54.766629,AWS_JAI,drift,Temperature drifted by 0.24
2026-08-29T01:27:54.768061,AWS_LKO,cross_parameter_inconsistency,Physically inconsistent state
2026-08-29T01:27:54.769674,AWS_KNP,drift,Temperature drifted by 1.10
2026-08-29T01:27:54.771287,AWS_NAG,drift,Temperature drifted by 1.08
2026-08-29T01:27:54.774337,AWS_COK,cross_parameter_inconsistency,Physically inconsistent state
2026-08-29T01:27:54.781349,AWS_CJB,drift,Temperature drifted by 1.18
2026-08-29T01:27:56.791731,AWS_MAA,drift,Temperature drifted by 0.84
2026-08-29T01:27:56.795013,AWS_PNQ,frozen_value,Values frozen
2026-08-29T01:27:56.796958,AWS_AMD,frozen_value,Values frozen
2026-08-29T01:27:56.799609,AWS_JAI,drift,Temperature drifted by 0.51
2026-08-29T01:27:56.802514,AWS_KNP,drift,Temperature drifted by 1.26
2026-08-29T01:27:56.804576,AWS_NAG,drift,Temperature drifted by 1.56
2026-08-29T01:27:56.812400,AWS_BBI,spatial_outlier,Deviating from spatial trend
2026-08-29T01:27:56.817194,AWS_CJB,drift,Temperature drifted by 1.53
2026-08-29T01:27:58.841961,AWS_MAA,drift,Temperature drifted by 1.15
2026-08-29T01:27:58.848019,AWS_PNQ,frozen_value,Values frozen
2026-08-29T01:27:58.851379,AWS_AMD,frozen_value,Values frozen
2026-08-29T01:27:58.855199,AWS_JAI,drift,Temperature drifted by 0.96
2026-08-29T01:27:58.858467,AWS_KNP,drift,Temperature drifted by 1.74
2026-08-29T01:27:58.861398,AWS_NAG,drift,Temperature drifted by 1.94
2026-08-29T01:27:58.864829,AWS_BHO,cross_parameter_inconsistency,Physically inconsistent state
2026-08-29T01:27:58.872551,AWS_IXC,drift,Temperature drifted by 0.46
2026-08-29T01:27:58.876793,AWS_BBI,spatial_outlier,Deviating from spatial trend
2026-08-29T01:27:58.883088,AWS_CJB,drift,Temperature drifted by 1.72
2026-08-29T01:28:00.923052,AWS_MAA,drift,Temperature drifted by 1.35
2026-08-29T01:28:00.929294,AWS_PNQ,frozen_value,Values frozen
2026-08-29T01:28:00.933290,AWS_AMD,frozen_value,Values frozen
2026-08-29T01:28:00.937144,AWS_JAI,drift,Temperature drifted by 1.26
2026-08-29T01:28:00.940131,AWS_LKO,spatial_outlier,Deviating from spatial trend
2026-08-29T01:28:00.943614,AWS_KNP,drift,Temperature drifted by 1.99
2026-08-29T01:28:00.951870,AWS_NAG,drift,Temperature drifted by 2.35
2026-08-29T01:28:00.983472,AWS_IXC,drift,Temperature drifted by 0.89
2026-08-29T01:28:00.988608,AWS_BBI,spike,pressure spiked by -56.45
2026-08-29T01:28:03.013443,AWS_MUM,dropout,Reading dropped
2026-08-29T01:28:03.018449,AWS_MAA,drift,Temperature drifted by 1.72
2026-08-29T01:28:03.021057,AWS_PNQ,frozen_value,Values frozen
2026-08-29T01:28:03.023455,AWS_AMD,frozen_value,Values frozen
2026-08-29T01:28:03.026860,AWS_JAI,drift,Temperature drifted by 1.40
2026-08-29T01:28:03.031668,AWS_KNP,drift,Temperature drifted by 2.40
2026-08-29T01:28:03.034184,AWS_NAG,drift,Temperature drifted by 2.49
2026-08-29T01:28:03.038593,AWS_COK,frozen_value,Values frozen
2026-08-29T01:28:03.044241,AWS_IXC,drift,Temperature drifted by 1.19
2026-08-29T01:28:05.057173,AWS_MUM,dropout,Reading dropped
2026-08-29T01:28:05.078441,AWS_CCU,dropout,Reading dropped
2026-08-29T01:28:05.082143,AWS_PNQ,frozen_value,Values frozen
2026-08-29T01:28:05.089000,AWS_AMD,frozen_value,Values frozen
2026-08-29T01:28:05.094369,AWS_STV,drift,Temperature drifted by 0.16
2026-08-29T01:28:05.099441,AWS_KNP,drift,Temperature drifted by 2.78
2026-08-29T01:28:05.102241,AWS_NAG,drift,Temperature drifted by 2.98
2026-08-29T01:28:05.105221,AWS_IDR,drift,Temperature drifted by 0.27
2026-08-29T01:28:05.109422,AWS_COK,frozen_value,Values frozen
2026-08-29T01:28:05.113910,AWS_IXC,drift,Temperature drifted by 1.55
2026-08-29T01:28:07.124833,AWS_MUM,dropout,Reading dropped
2026-08-29T01:28:07.126316,AWS_DEL,spike,humidity spiked by -26.05
2026-08-29T01:28:07.132058,AWS_CCU,dropout,Reading dropped
2026-08-29T01:28:07.133534,AWS_PNQ,frozen_value,Values frozen
2026-08-29T01:28:07.135771,AWS_AMD,frozen_value,Values frozen
2026-08-29T01:28:07.137871,AWS_STV,drift,Temperature drifted by 0.44
2026-08-29T01:28:07.142165,AWS_NAG,drift,Temperature drifted by 3.15
2026-08-29T01:28:07.143853,AWS_IDR,drift,Temperature drifted by 0.56
2026-08-29T01:28:07.146874,AWS_COK,frozen_value,Values frozen
2026-08-29T01:28:07.151278,AWS_VTZ,drift,Temperature drifted by 0.22
2026-08-29T01:28:07.153829,AWS_IXC,drift,Temperature drifted by 1.85
2026-08-29T01:28:07.156641,AWS_BBI,cross_parameter_inconsistency,Physically inconsistent state
2026-08-29T01:28:07.161599,AWS_CJB,spike,temperature spiked by -15.06
2026-08-29T01:28:09.169138,AWS_DEL,frozen_value,Values frozen
2026-08-29T01:28:09.177307,AWS_PNQ,frozen_value,Values frozen
2026-08-29T01:28:09.179817,AWS_AMD,frozen_value,Values frozen
2026-08-29T01:28:09.182601,AWS_STV,drift,Temperature drifted by 0.68
2026-08-29T01:28:09.187374,AWS_NAG,drift,Temperature drifted by 3.30
2026-08-29T01:28:09.189261,AWS_IDR,drift,Temperature drifted by 0.93
2026-08-29T01:28:09.192214,AWS_COK,frozen_value,Values frozen
2026-08-29T01:28:09.195830,AWS_VTZ,drift,Temperature drifted by 0.51
2026-08-29T01:28:09.199277,AWS_IXC,drift,Temperature drifted by 2.03
2026-08-29T01:28:09.204956,AWS_BBI,drift,Temperature drifted by 0.46
2026-08-29T01:28:11.223424,AWS_DEL,frozen_value,Values frozen
2026-08-29T01:28:11.230372,AWS_MAA,frozen_value,Values frozen
2026-08-29T01:28:11.234096,AWS_PNQ,frozen_value,Values frozen
2026-08-29T01:28:11.236817,AWS_AMD,frozen_value,Values frozen
2026-08-29T01:28:11.239084,AWS_STV,drift,Temperature drifted by 1.14
2026-08-29T01:28:11.244087,AWS_NAG,drift,Temperature drifted by 3.50
2026-08-29T01:28:11.246297,AWS_IDR,drift,Temperature drifted by 1.40
2026-08-29T01:28:11.249078,AWS_COK,frozen_value,Values frozen
2026-08-29T01:28:11.251905,AWS_VTZ,drift,Temperature drifted by 0.76
2026-08-29T01:28:11.253931,AWS_PAT,drift,Temperature drifted by 0.31
2026-08-29T01:28:11.256027,AWS_IXC,drift,Temperature drifted by 2.15
2026-08-29T01:28:11.258174,AWS_BBI,drift,Temperature drifted by 0.85
2026-08-29T01:28:13.266884,AWS_DEL,frozen_value,Values frozen
2026-08-29T01:28:13.275390,AWS_MAA,frozen_value,Values frozen
2026-08-29T01:28:13.277910,AWS_CCU,frozen_value,Values frozen
2026-08-29T01:28:13.281741,AWS_STV,drift,Temperature drifted by 1.29
2026-08-29T01:28:13.286927,AWS_NAG,drift,Temperature drifted by 3.84
2026-08-29T01:28:13.288849,AWS_IDR,drift,Temperature drifted by 1.76
2026-08-29T01:28:13.292313,AWS_COK,frozen_value,Values frozen
2026-08-29T01:28:13.294836,AWS_TRV,frozen_value,Values frozen
2026-08-29T01:28:13.298762,AWS_VTZ,drift,Temperature drifted by 1.13
2026-08-29T01:28:13.301433,AWS_PAT,drift,Temperature drifted by 0.42
2026-08-29T01:28:13.303945,AWS_IXC,drift,Temperature drifted by 2.58
2026-08-29T01:28:13.306211,AWS_BBI,drift,Temperature drifted by 1.13
2026-08-29T01:28:13.308928,AWS_GAU,spatial_outlier,Deviating from spatial trend
2026-08-29T01:28:15.315807,AWS_DEL,frozen_value,Values frozen
2026-08-29T01:28:15.321155,AWS_MAA,frozen_value,Values frozen
2026-08-29T01:28:15.323244,AWS_CCU,frozen_value,Values frozen
2026-08-29T01:28:15.327578,AWS_STV,drift,Temperature drifted by 1.69
2026-08-29T01:28:15.332784,AWS_IDR,drift,Temperature drifted by 2.05
2026-08-29T01:28:15.335774,AWS_COK,frozen_value,Values frozen
2026-08-29T01:28:15.337910,AWS_TRV,frozen_value,Values frozen
2026-08-29T01:28:15.339992,AWS_VTZ,drift,Temperature drifted by 1.39
2026-08-29T01:28:15.342174,AWS_PAT,drift,Temperature drifted by 0.72
2026-08-29T01:28:15.344475,AWS_IXC,drift,Temperature drifted by 2.72
2026-08-29T01:28:15.345980,AWS_BBI,drift,Temperature drifted by 1.36
2026-08-29T01:28:15.348401,AWS_GAU,frozen_value,Values frozen
2026-08-29T01:28:17.356488,AWS_DEL,frozen_value,Values frozen
2026-08-29T01:28:17.360552,AWS_MAA,frozen_value,Values frozen
2026-08-29T01:28:17.362575,AWS_CCU,frozen_value,Values frozen
2026-08-29T01:28:17.365869,AWS_STV,drift,Temperature drifted by 2.13
2026-08-29T01:28:17.369487,AWS_KNP,spatial_outlier,Deviating from spatial trend
2026-08-29T01:28:17.371965,AWS_IDR,drift,Temperature drifted by 2.27
2026-08-29T01:28:17.373953,AWS_BHO,spatial_outlier,Deviating from spatial trend
2026-08-29T01:28:17.376327,AWS_COK,frozen_value,Values frozen
2026-08-29T01:28:17.378136,AWS_TRV,frozen_value,Values frozen
2026-08-29T01:28:17.380178,AWS_VTZ,drift,Temperature drifted by 1.70
2026-08-29T01:28:17.383876,AWS_PAT,drift,Temperature drifted by 0.90
2026-08-29T01:28:17.385582,AWS_IXC,drift,Temperature drifted by 2.97
2026-08-29T01:28:17.387546,AWS_BBI,drift,Temperature drifted by 1.86
2026-08-29T01:28:17.389952,AWS_GAU,frozen_value,Values frozen
2026-08-29T01:28:19.397921,AWS_MUM,drift,Temperature drifted by 0.34
2026-08-29T01:28:19.410582,AWS_DEL,frozen_value,Values frozen
2026-08-29T01:28:19.436875,AWS_MAA,frozen_value,Values frozen
2026-08-29T01:28:19.453069,AWS_CCU,frozen_value,Values frozen
2026-08-29T01:28:19.466537,AWS_STV,drift,Temperature drifted by 2.33
2026-08-29T01:28:19.478245,AWS_KNP,spike,pressure spiked by -133.34
2026-08-29T01:28:19.483092,AWS_IDR,drift,Temperature drifted by 2.47
2026-08-29T01:28:19.485112,AWS_COK,frozen_value,Values frozen
2026-08-29T01:28:19.486570,AWS_TRV,frozen_value,Values frozen
2026-08-29T01:28:19.488695,AWS_VTZ,drift,Temperature drifted by 2.14
2026-08-29T01:28:19.490450,AWS_PAT,drift,Temperature drifted by 1.29
2026-08-29T01:28:19.493228,AWS_IXC,drift,Temperature drifted by 3.20
2026-08-29T01:28:19.495113,AWS_BBI,drift,Temperature drifted by 2.13
2026-08-29T01:28:19.496885,AWS_GAU,frozen_value,Values frozen
2026-08-29T01:28:21.500791,AWS_MUM,drift,Temperature drifted by 0.60
2026-08-29T01:28:21.506566,AWS_DEL,frozen_value,Values frozen
2026-08-29T01:28:21.509437,AWS_BLR,spike,humidity spiked by -25.59
2026-08-29T01:28:21.512570,AWS_MAA,frozen_value,Values frozen
2026-08-29T01:28:21.515284,AWS_CCU,frozen_value,Values frozen
2026-08-29T01:28:21.518119,AWS_PNQ,spike,temperature spiked by 27.81
2026-08-29T01:28:21.521573,AWS_STV,drift,Temperature drifted by 2.66
2026-08-29T01:28:21.526730,AWS_IDR,drift,Temperature drifted by 2.90
2026-08-29T01:28:21.530451,AWS_COK,spike,humidity spiked by 28.14
2026-08-29T01:28:21.532881,AWS_TRV,frozen_value,Values frozen
2026-08-29T01:28:21.535076,AWS_VTZ,drift,Temperature drifted by 2.46
2026-08-29T01:28:21.538409,AWS_IXC,drift,Temperature drifted by 3.60
2026-08-29T01:28:21.540627,AWS_BBI,drift,Temperature drifted by 2.44
2026-08-29T01:28:21.542895,AWS_GAU,frozen_value,Values frozen
2026-08-29T01:28:21.545760,AWS_MYQ,spatial_outlier,Deviating from spatial trend
2026-08-29T01:28:23.551017,AWS_MUM,drift,Temperature drifted by 0.97
2026-08-29T01:28:23.557326,AWS_DEL,frozen_value,Values frozen
2026-08-29T01:28:23.571150,AWS_MAA,dropout,Reading dropped
2026-08-29T01:28:23.573584,AWS_CCU,frozen_value,Values frozen
2026-08-29T01:28:23.579764,AWS_PNQ,drift,Temperature drifted by 0.17
2026-08-29T01:28:23.585034,AWS_AMD,dropout,Reading dropped
2026-08-29T01:28:23.588430,AWS_JAI,drift,Temperature drifted by 0.12
2026-08-29T01:28:23.599717,AWS_IDR,drift,Temperature drifted by 3.32
2026-08-29T01:28:23.618866,AWS_TRV,frozen_value,Values frozen
2026-08-29T01:28:23.622452,AWS_VTZ,drift,Temperature drifted by 2.76
2026-08-29T01:28:23.627895,AWS_BBI,drift,Temperature drifted by 2.56
2026-08-29T01:28:23.633379,AWS_GAU,frozen_value,Values frozen
2026-08-29T01:28:23.639523,AWS_CJB,spike,pressure spiked by -81.07
2026-08-29T01:28:25.644349,AWS_MUM,drift,Temperature drifted by 1.28
2026-08-29T01:28:25.652745,AWS_MAA,dropout,Reading dropped
2026-08-29T01:28:25.654254,AWS_CCU,frozen_value,Values frozen
2026-08-29T01:28:25.658864,AWS_PNQ,drift,Temperature drifted by 0.35
2026-08-29T01:28:25.663648,AWS_JAI,drift,Temperature drifted by 0.28
2026-08-29T01:28:25.672410,AWS_IDR,drift,Temperature drifted by 3.52
2026-08-29T01:28:25.679267,AWS_TRV,frozen_value,Values frozen
2026-08-29T01:28:25.683818,AWS_VTZ,drift,Temperature drifted by 3.12
2026-08-29T01:28:25.691369,AWS_BBI,drift,Temperature drifted by 3.01
2026-08-29T01:28:25.694735,AWS_GAU,frozen_value,Values frozen
2026-08-29T01:28:25.696914,AWS_IXR,cross_parameter_inconsistency,Physically inconsistent state
2026-08-29T01:28:27.704297,AWS_MUM,drift,Temperature drifted by 1.50
2026-08-29T01:28:27.736570,AWS_CCU,frozen_value,Values frozen
2026-08-29T01:28:27.742936,AWS_PNQ,drift,Temperature drifted by 0.80
2026-08-29T01:28:27.750130,AWS_JAI,drift,Temperature drifted by 0.73
2026-08-29T01:28:27.755008,AWS_IDR,drift,Temperature drifted by 3.99
2026-08-29T01:28:27.758503,AWS_TRV,frozen_value,Values frozen
2026-08-29T01:28:27.761990,AWS_BBI,drift,Temperature drifted by 3.34
2026-08-29T01:28:27.763826,AWS_GAU,frozen_value,Values frozen
2026-08-29T01:28:29.773812,AWS_MUM,drift,Temperature drifted by 1.88
2026-08-29T01:28:29.802099,AWS_CCU,frozen_value,Values frozen
2026-08-29T01:28:29.805422,AWS_PNQ,drift,Temperature drifted by 1.17
2026-08-29T01:28:29.810517,AWS_JAI,drift,Temperature drifted by 1.03
2026-08-29T01:28:29.813802,AWS_KNP,drift,Temperature drifted by 0.42
2026-08-29T01:28:29.817960,AWS_IDR,drift,Temperature drifted by 4.26
2026-08-29T01:28:29.823234,AWS_COK,dropout,Reading dropped
2026-08-29T01:28:29.828472,AWS_BBI,drift,Temperature drifted by 3.51
2026-08-29T01:28:29.831363,AWS_GAU,frozen_value,Values frozen
2026-08-29T01:28:31.835939,AWS_MUM,spike,humidity spiked by 10.86
2026-08-29T01:28:31.840251,AWS_MAA,dropout,Reading dropped
2026-08-29T01:28:31.841316,AWS_CCU,frozen_value,Values frozen
2026-08-29T01:28:31.842712,AWS_PNQ,drift,Temperature drifted by 1.45
2026-08-29T01:28:31.845167,AWS_JAI,drift,Temperature drifted by 1.17
2026-08-29T01:28:31.847629,AWS_KNP,drift,Temperature drifted by 0.73
2026-08-29T01:28:31.850008,AWS_IDR,drift,Temperature drifted by 4.45
2026-08-29T01:28:31.854325,AWS_VTZ,frozen_value,Values frozen
2026-08-29T01:28:31.857505,AWS_BBI,drift,Temperature drifted by 3.95
2026-08-29T01:28:31.859292,AWS_GAU,frozen_value,Values frozen
2026-08-29T01:28:33.868169,AWS_CCU,frozen_value,Values frozen
2026-08-29T01:28:33.870877,AWS_PNQ,drift,Temperature drifted by 1.56
2026-08-29T01:28:33.875220,AWS_JAI,drift,Temperature drifted by 1.39
2026-08-29T01:28:33.878273,AWS_KNP,drift,Temperature drifted by 1.17
2026-08-29T01:28:33.885374,AWS_VTZ,frozen_value,Values frozen
2026-08-29T01:28:33.889128,AWS_IXC,frozen_value,Values frozen
2026-08-29T01:28:33.891710,AWS_BBI,drift,Temperature drifted by 4.37
2026-08-29T01:28:33.894074,AWS_GAU,frozen_value,Values frozen
2026-08-29T01:28:35.900538,AWS_MUM,drift,Temperature drifted by 0.31
2026-08-29T01:28:35.911097,AWS_DEL,cross_parameter_inconsistency,Physically inconsistent state
2026-08-29T01:28:35.931069,AWS_CCU,frozen_value,Values frozen
2026-08-29T01:28:35.936666,AWS_PNQ,drift,Temperature drifted by 1.76
2026-08-29T01:28:35.942960,AWS_AMD,spatial_outlier,Deviating from spatial trend
2026-08-29T01:28:35.952982,AWS_JAI,drift,Temperature drifted by 1.66
2026-08-29T01:28:35.959299,AWS_LKO,frozen_value,Values frozen
2026-08-29T01:28:35.970241,AWS_KNP,drift,Temperature drifted by 1.67
2026-08-29T01:28:35.984209,AWS_IDR,dropout,Reading dropped
2026-08-29T01:28:35.999847,AWS_TRV,dropout,Reading dropped
2026-08-29T01:28:36.002556,AWS_VTZ,frozen_value,Values frozen
2026-08-29T01:28:36.023977,AWS_IXC,frozen_value,Values frozen
2026-08-29T01:28:36.058833,AWS_GAU,frozen_value,Values frozen
2026-08-29T01:28:36.080359,AWS_IXR,spike,temperature spiked by 20.61
2026-08-29T01:28:38.120188,AWS_MUM,drift,Temperature drifted by 0.64
2026-08-29T01:28:38.187997,AWS_PNQ,drift,Temperature drifted by 2.22
2026-08-29T01:28:38.213263,AWS_STV,spike,pressure spiked by 100.89
2026-08-29T01:28:38.223552,AWS_JAI,drift,Temperature drifted by 1.79
2026-08-29T01:28:38.245687,AWS_LKO,frozen_value,Values frozen
2026-08-29T01:28:38.263910,AWS_KNP,drift,Temperature drifted by 2.01
2026-08-29T01:28:38.325261,AWS_TRV,spike,temperature spiked by -23.32
2026-08-29T01:28:38.347149,AWS_VTZ,frozen_value,Values frozen
2026-08-29T01:28:38.371102,AWS_IXC,frozen_value,Values frozen
2026-08-29T01:28:38.405849,AWS_GAU,frozen_value,Values frozen
2026-08-29T01:28:40.443482,AWS_MUM,drift,Temperature drifted by 0.77
2026-08-29T01:28:40.446522,AWS_DEL,spatial_outlier,Deviating from spatial trend
2026-08-29T01:28:40.449189,AWS_HYD,dropout,Reading dropped
2026-08-29T01:28:40.452545,AWS_STV,drift,Temperature drifted by 0.44
2026-08-29T01:28:40.454673,AWS_JAI,drift,Temperature drifted by 2.00
2026-08-29T01:28:40.456608,AWS_LKO,frozen_value,Values frozen
2026-08-29T01:28:40.458802,AWS_KNP,drift,Temperature drifted by 2.29
2026-08-29T01:28:40.461037,AWS_NAG,drift,Temperature drifted by 0.22
2026-08-29T01:28:40.465420,AWS_TRV,spike,humidity spiked by 17.17
2026-08-29T01:28:40.467549,AWS_VTZ,frozen_value,Values frozen
2026-08-29T01:28:40.471005,AWS_IXC,frozen_value,Values frozen
2026-08-29T01:28:42.479755,AWS_MUM,drift,Temperature drifted by 0.89
2026-08-29T01:28:42.496952,AWS_HYD,dropout,Reading dropped
2026-08-29T01:28:42.498207,AWS_MAA,drift,Temperature drifted by 0.43
2026-08-29T01:28:42.516287,AWS_STV,drift,Temperature drifted by 0.55
2026-08-29T01:28:42.521695,AWS_JAI,drift,Temperature drifted by 2.17
2026-08-29T01:28:42.529594,AWS_LKO,frozen_value,Values frozen
2026-08-29T01:28:42.535947,AWS_KNP,drift,Temperature drifted by 2.40
2026-08-29T01:28:42.541023,AWS_NAG,drift,Temperature drifted by 0.40
2026-08-29T01:28:42.547687,AWS_BHO,frozen_value,Values frozen
2026-08-29T01:28:42.551169,AWS_TRV,spatial_outlier,Deviating from spatial trend
2026-08-29T01:28:42.553417,AWS_VTZ,frozen_value,Values frozen
2026-08-29T01:28:42.556531,AWS_IXC,frozen_value,Values frozen
2026-08-29T01:28:42.559439,AWS_BBI,frozen_value,Values frozen
2026-08-29T01:28:42.563268,AWS_MYQ,frozen_value,Values frozen
2026-08-29T01:28:44.568064,AWS_MUM,drift,Temperature drifted by 1.13
2026-08-29T01:28:44.576290,AWS_DEL,frozen_value,Values frozen
2026-08-29T01:28:44.586119,AWS_BLR,drift,Temperature drifted by 0.18
2026-08-29T02:04:12.841781,AWS_HYD,dropout,Reading dropped
2026-08-29T02:04:12.845322,AWS_MAA,drift,Temperature drifted by 0.84
2026-08-29T02:04:12.848656,AWS_STV,drift,Temperature drifted by 0.66
2026-08-29T02:04:12.849570,AWS_JAI,drift,Temperature drifted by 2.33
2026-08-29T02:04:12.850309,AWS_LKO,frozen_value,Values frozen
2026-08-29T02:04:12.851062,AWS_KNP,drift,Temperature drifted by 2.78
2026-08-29T02:04:12.851940,AWS_NAG,drift,Temperature drifted by 0.71
2026-08-29T02:04:12.853514,AWS_IDR,frozen_value,Values frozen
2026-08-29T02:04:12.854594,AWS_BHO,frozen_value,Values frozen
2026-08-29T02:04:12.856005,AWS_TRV,cross_parameter_inconsistency,Physically inconsistent state
2026-08-29T02:04:12.857599,AWS_VTZ,frozen_value,Values frozen
2026-08-29T02:04:12.858630,AWS_IXC,frozen_value,Values frozen
2026-08-29T02:04:12.859489,AWS_BBI,frozen_value,Values frozen
2026-08-29T02:04:12.861031,AWS_MYQ,frozen_value,Values frozen
2026-08-29T02:04:12.861726,AWS_CJB,cross_parameter_inconsistency,Physically inconsistent state
2026-08-29T02:04:14.863121,AWS_MUM,drift,Temperature drifted by 1.50
2026-08-29T02:04:14.865634,AWS_DEL,frozen_value,Values frozen
2026-08-29T02:04:14.867779,AWS_BLR,drift,Temperature drifted by 0.48
2026-08-29T02:04:14.869671,AWS_MAA,drift,Temperature drifted by 1.17
2026-08-29T02:04:14.873544,AWS_AMD,cross_parameter_inconsistency,Physically inconsistent state
2026-08-29T02:04:14.875106,AWS_STV,drift,Temperature drifted by 0.81
2026-08-29T02:04:14.877709,AWS_LKO,frozen_value,Values frozen
2026-08-29T02:04:14.879220,AWS_KNP,drift,Temperature drifted by 3.23
2026-08-29T02:04:14.880553,AWS_NAG,drift,Temperature drifted by 1.07
2026-08-29T02:04:14.881690,AWS_IDR,frozen_value,Values frozen
2026-08-29T02:04:14.882932,AWS_BHO,frozen_value,Values frozen
2026-08-29T02:04:14.884652,AWS_VTZ,frozen_value,Values frozen
2026-08-29T02:04:14.887030,AWS_IXC,frozen_value,Values frozen
2026-08-29T02:04:14.888550,AWS_BBI,frozen_value,Values frozen
2026-08-29T02:04:14.892452,AWS_MYQ,frozen_value,Values frozen
2026-08-29T02:04:16.955599,AWS_MUM,drift,Temperature drifted by 1.99
2026-08-29T02:04:17.064959,AWS_DEL,frozen_value,Values frozen
2026-08-29T02:04:17.102565,AWS_BLR,drift,Temperature drifted by 0.91
2026-08-29T02:04:17.171267,AWS_MAA,drift,Temperature drifted by 1.57
2026-08-29T02:04:17.228878,AWS_CCU,dropout,Reading dropped
2026-08-29T02:04:17.295413,AWS_STV,drift,Temperature drifted by 1.16
2026-08-29T02:04:17.418117,AWS_LKO,frozen_value,Values frozen
2026-08-29T02:04:17.490491,AWS_KNP,drift,Temperature drifted by 3.62
2026-08-29T02:04:17.513685,AWS_NAG,drift,Temperature drifted by 1.31
2026-08-29T02:04:17.593620,AWS_IDR,frozen_value,Values frozen
2026-08-29T02:04:17.687913,AWS_BHO,frozen_value,Values frozen
2026-08-29T02:04:17.734145,AWS_COK,spike,temperature spiked by -17.71
2026-08-29T02:04:17.884046,AWS_VTZ,frozen_value,Values frozen
2026-08-29T02:04:18.008608,AWS_IXC,frozen_value,Values frozen
2026-08-29T02:04:18.060704,AWS_BBI,frozen_value,Values frozen
2026-08-29T02:04:18.112632,AWS_IXR,spatial_outlier,Deviating from spatial trend
2026-08-29T02:04:18.163289,AWS_MYQ,frozen_value,Values frozen
2026-08-29T02:04:20.214090,AWS_MUM,spatial_outlier,Deviating from spatial trend
2026-08-29T02:04:20.231723,AWS_DEL,frozen_value,Values frozen
2026-08-29T02:04:20.254807,AWS_BLR,drift,Temperature drifted by 1.30
2026-08-29T02:04:20.263223,AWS_HYD,dropout,Reading dropped
2026-08-29T02:04:20.264059,AWS_MAA,drift,Temperature drifted by 1.69
2026-08-29T02:04:20.277823,AWS_CCU,dropout,Reading dropped
2026-08-29T02:04:20.308470,AWS_STV,drift,Temperature drifted by 1.50
2026-08-29T02:04:20.312334,AWS_LKO,frozen_value,Values frozen
2026-08-29T02:04:20.314158,AWS_KNP,drift,Temperature drifted by 3.96
2026-08-29T02:04:20.335786,AWS_NAG,drift,Temperature drifted by 1.58
2026-08-29T02:04:20.352629,AWS_IDR,frozen_value,Values frozen
2026-08-29T02:04:20.360031,AWS_BHO,frozen_value,Values frozen
2026-08-29T02:04:20.372693,AWS_VTZ,frozen_value,Values frozen
2026-08-29T02:04:20.382376,AWS_IXC,frozen_value,Values frozen
2026-08-29T02:04:20.384539,AWS_BBI,frozen_value,Values frozen
2026-08-29T02:04:20.386182,AWS_IXR,cross_parameter_inconsistency,Physically inconsistent state
2026-08-29T02:04:20.387899,AWS_MYQ,frozen_value,Values frozen
2026-08-29T02:04:20.389389,AWS_CJB,frozen_value,Values frozen
2026-08-29T02:04:22.394555,AWS_DEL,frozen_value,Values frozen
2026-08-29T02:04:22.400160,AWS_BLR,drift,Temperature drifted by 1.78
2026-08-29T02:04:22.403446,AWS_HYD,dropout,Reading dropped
2026-08-29T02:04:22.405964,AWS_MAA,drift,Temperature drifted by 1.95
2026-08-29T02:04:22.414744,AWS_STV,drift,Temperature drifted by 1.63
2026-08-29T02:04:22.420132,AWS_LKO,frozen_value,Values frozen
2026-08-29T02:04:22.423888,AWS_KNP,drift,Temperature drifted by 4.43
2026-08-29T02:04:22.429036,AWS_NAG,drift,Temperature drifted by 1.83
2026-08-29T02:04:22.434941,AWS_IDR,frozen_value,Values frozen
2026-08-29T02:04:22.442970,AWS_BHO,frozen_value,Values frozen
2026-08-29T02:04:22.454083,AWS_VTZ,frozen_value,Values frozen
2026-08-29T02:04:22.465585,AWS_IXC,frozen_value,Values frozen
2026-08-29T02:04:22.481127,AWS_MYQ,frozen_value,Values frozen
2026-08-29T02:04:22.493530,AWS_CJB,frozen_value,Values frozen
2026-08-29T02:04:24.569952,AWS_DEL,frozen_value,Values frozen
2026-08-29T02:04:24.642727,AWS_BLR,drift,Temperature drifted by 2.16
2026-08-29T02:04:24.714771,AWS_CCU,dropout,Reading dropped
2026-08-29T02:04:24.735113,AWS_AMD,drift,Temperature drifted by 0.45
2026-08-29T02:04:24.756455,AWS_STV,drift,Temperature drifted by 1.84
2026-08-29T02:04:24.837537,AWS_KNP,drift,Temperature drifted by 4.83
2026-08-29T02:04:24.854147,AWS_NAG,drift,Temperature drifted by 2.10
2026-08-29T02:04:24.860749,AWS_IDR,frozen_value,Values frozen
2026-08-29T02:04:24.866812,AWS_BHO,frozen_value,Values frozen
2026-08-29T02:04:24.880755,AWS_TRV,dropout,Reading dropped
2026-08-29T02:04:24.882374,AWS_VTZ,frozen_value,Values frozen
2026-08-29T02:04:24.890942,AWS_PAT,spatial_outlier,Deviating from spatial trend
2026-08-29T02:04:24.911585,AWS_IXR,spike,humidity spiked by 28.90
2026-08-29T02:04:24.930148,AWS_CJB,frozen_value,Values frozen
2026-08-29T02:07:58.359853,AWS_MUM,cross_parameter_inconsistency,Physically inconsistent state
2026-08-29T02:07:58.412922,AWS_DEL,frozen_value,Values frozen
2026-08-29T02:07:58.440126,AWS_BLR,drift,Temperature drifted by 2.31
2026-08-29T02:07:58.493334,AWS_MAA,frozen_value,Values frozen
2026-08-29T02:07:58.506074,AWS_CCU,dropout,Reading dropped
2026-08-29T02:07:58.519091,AWS_AMD,drift,Temperature drifted by 0.75
2026-08-29T02:07:58.528909,AWS_STV,drift,Temperature drifted by 2.17
2026-08-29T02:07:58.553398,AWS_JAI,frozen_value,Values frozen
2026-08-29T02:07:58.571890,AWS_KNP,drift,Temperature drifted by 5.12
2026-08-29T02:07:58.579786,AWS_NAG,drift,Temperature drifted by 2.28
2026-08-29T02:07:58.587955,AWS_IDR,frozen_value,Values frozen
2026-08-29T02:07:58.593151,AWS_BHO,frozen_value,Values frozen
2026-08-29T02:07:58.602955,AWS_TRV,dropout,Reading dropped
2026-08-29T02:07:58.604381,AWS_VTZ,frozen_value,Values frozen
2026-08-29T02:07:58.620096,AWS_CJB,frozen_value,Values frozen
2026-08-29T02:33:06.447488,AWS_BLR,drift,Temperature drifted by 2.77
2026-08-29T02:33:06.620443,AWS_MAA,frozen_value,Values frozen
2026-08-29T02:33:06.677144,AWS_CCU,dropout,Reading dropped
2026-08-29T02:33:06.738622,AWS_AMD,drift,Temperature drifted by 1.13
2026-08-29T02:33:06.798435,AWS_STV,drift,Temperature drifted by 2.37
2026-08-29T02:33:06.848652,AWS_JAI,frozen_value,Values frozen
2026-08-29T02:33:07.096549,AWS_KNP,drift,Temperature drifted by 5.44
2026-08-29T02:33:07.148675,AWS_NAG,drift,Temperature drifted by 2.68
2026-08-29T02:33:07.203905,AWS_IDR,frozen_value,Values frozen
2026-08-29T02:33:07.250489,AWS_BHO,frozen_value,Values frozen
2026-08-29T02:33:07.334622,AWS_VTZ,frozen_value,Values frozen
2026-08-29T02:33:07.682802,AWS_CJB,frozen_value,Values frozen
2026-08-29T02:33:09.867184,AWS_BLR,drift,Temperature drifted by 3.25
2026-08-29T02:33:09.949076,AWS_MAA,frozen_value,Values frozen
2026-08-29T02:33:10.028814,AWS_CCU,dropout,Reading dropped
2026-08-29T02:33:10.030627,AWS_PNQ,drift,Temperature drifted by 0.36
2026-08-29T02:33:10.069212,AWS_AMD,drift,Temperature drifted by 1.35
2026-08-29T02:33:10.086175,AWS_STV,drift,Temperature drifted by 2.56
2026-08-29T02:33:10.103474,AWS_JAI,frozen_value,Values frozen
2026-08-29T02:33:10.124576,AWS_LKO,cross_parameter_inconsistency,Physically inconsistent state
2026-08-29T02:33:10.151111,AWS_NAG,drift,Temperature drifted by 3.18
2026-08-29T02:33:10.183610,AWS_IDR,frozen_value,Values frozen
2026-08-29T02:33:10.194145,AWS_BHO,frozen_value,Values frozen
2026-08-29T02:33:10.245569,AWS_VTZ,frozen_value,Values frozen
2026-08-29T02:33:10.635434,AWS_CJB,frozen_value,Values frozen
2026-08-29T02:33:12.685208,AWS_BLR,drift,Temperature drifted by 3.68
2026-08-29T02:33:12.690335,AWS_MAA,frozen_value,Values frozen
2026-08-29T02:33:12.696182,AWS_PNQ,drift,Temperature drifted by 0.71
2026-08-29T02:33:12.698756,AWS_AMD,drift,Temperature drifted by 1.54
2026-08-29T02:33:12.701780,AWS_STV,drift,Temperature drifted by 2.98
2026-08-29T02:33:12.705134,AWS_JAI,frozen_value,Values frozen
2026-08-29T02:33:12.711336,AWS_KNP,frozen_value,Values frozen
2026-08-29T02:33:12.714025,AWS_NAG,drift,Temperature drifted by 3.60
2026-08-29T02:33:12.729112,AWS_IXR,spike,temperature spiked by 18.27
2026-08-29T02:33:12.730830,AWS_MYQ,cross_parameter_inconsistency,Physically inconsistent state
2026-08-29T02:33:14.735185,AWS_BLR,drift,Temperature drifted by 3.81
2026-08-29T02:33:14.737275,AWS_MAA,frozen_value,Values frozen
2026-08-29T02:33:14.738598,AWS_CCU,spike,humidity spiked by -18.93
2026-08-29T02:33:14.740063,AWS_PNQ,drift,Temperature drifted by 0.90
2026-08-29T02:33:14.740844,AWS_AMD,drift,Temperature drifted by 1.98
2026-08-29T02:33:14.741430,AWS_STV,drift,Temperature drifted by 3.47
2026-08-29T02:33:14.741976,AWS_JAI,frozen_value,Values frozen
2026-08-29T02:33:14.743079,AWS_KNP,frozen_value,Values frozen
2026-08-29T02:33:14.744521,AWS_NAG,drift,Temperature drifted by 3.91
2026-08-29T02:33:16.956820,AWS_BLR,drift,Temperature drifted by 4.16
2026-08-29T02:33:17.112654,AWS_HYD,frozen_value,Values frozen
2026-08-29T02:33:17.255812,AWS_PNQ,drift,Temperature drifted by 1.19
2026-08-29T02:33:17.311746,AWS_AMD,drift,Temperature drifted by 2.28
2026-08-29T02:33:17.354908,AWS_STV,drift,Temperature drifted by 3.91
2026-08-29T02:33:17.398008,AWS_JAI,frozen_value,Values frozen
2026-08-29T02:33:17.438770,AWS_KNP,frozen_value,Values frozen
2026-08-29T02:33:17.479260,AWS_NAG,drift,Temperature drifted by 4.19
2026-08-29T02:33:20.311421,AWS_MUM,drift,Temperature drifted by 0.32
2026-08-29T02:33:20.360271,AWS_BLR,drift,Temperature drifted by 4.59
2026-08-29T02:33:20.391960,AWS_HYD,frozen_value,Values frozen
2026-08-29T02:33:20.447311,AWS_PNQ,drift,Temperature drifted by 1.66
2026-08-29T02:33:20.472955,AWS_AMD,drift,Temperature drifted by 2.72
2026-08-29T02:33:20.513722,AWS_JAI,frozen_value,Values frozen
2026-08-29T02:33:20.553532,AWS_KNP,frozen_value,Values frozen
2026-08-29T02:33:20.744403,AWS_TRV,dropout,Reading dropped
2026-08-29T02:33:20.749636,AWS_VTZ,spatial_outlier,Deviating from spatial trend
2026-08-29T02:33:23.141545,AWS_MUM,drift,Temperature drifted by 0.67
2026-08-29T02:33:23.254396,AWS_HYD,frozen_value,Values frozen
2026-08-29T02:33:23.354592,AWS_PNQ,drift,Temperature drifted by 1.96
2026-08-29T02:33:23.403731,AWS_AMD,dropout,Reading dropped
2026-08-29T02:33:23.457133,AWS_JAI,frozen_value,Values frozen
2026-08-29T02:33:23.489145,AWS_KNP,frozen_value,Values frozen
2026-08-29T02:33:23.562985,AWS_COK,cross_parameter_inconsistency,Physically inconsistent state
2026-08-29T02:33:23.589820,AWS_PAT,spatial_outlier,Deviating from spatial trend
2026-08-29T02:33:23.612054,AWS_BBI,spike,humidity spiked by 28.83
2026-08-29T02:33:23.629921,AWS_IXR,drift,Temperature drifted by 0.33
2026-08-29T02:33:25.661732,AWS_MUM,drift,Temperature drifted by 0.84
2026-08-29T02:33:25.672733,AWS_HYD,frozen_value,Values frozen
2026-08-29T02:33:25.680320,AWS_PNQ,drift,Temperature drifted by 2.32
2026-08-29T02:33:25.689630,AWS_AMD,dropout,Reading dropped
2026-08-29T02:33:25.694426,AWS_LKO,dropout,Reading dropped
2026-08-29T02:33:25.695716,AWS_KNP,frozen_value,Values frozen
2026-08-29T02:33:25.706190,AWS_IXC,spatial_outlier,Deviating from spatial trend
2026-08-29T02:33:25.708970,AWS_GAU,spatial_outlier,Deviating from spatial trend
2026-08-29T02:33:25.710491,AWS_IXR,drift,Temperature drifted by 0.43
2026-08-29T02:33:25.712348,AWS_MYQ,dropout,Reading dropped
2026-08-29T02:33:27.722978,AWS_MUM,drift,Temperature drifted by 1.30
2026-08-29T02:33:27.816756,AWS_HYD,frozen_value,Values frozen
2026-08-29T02:33:27.947107,AWS_PNQ,drift,Temperature drifted by 2.58
2026-08-29T02:33:27.969614,AWS_AMD,spike,pressure spiked by -148.84
2026-08-29T02:33:28.024244,AWS_LKO,frozen_value,Values frozen
2026-08-29T02:33:28.042541,AWS_KNP,frozen_value,Values frozen
2026-08-29T02:33:28.143068,AWS_IXR,drift,Temperature drifted by 0.58
2026-08-29T02:33:28.149193,AWS_MYQ,dropout,Reading dropped
2026-08-29T02:33:30.154919,AWS_MUM,drift,Temperature drifted by 1.49
2026-08-29T02:33:30.170603,AWS_DEL,drift,Temperature drifted by 0.20
2026-08-29T02:33:30.208238,AWS_HYD,frozen_value,Values frozen
2026-08-29T02:33:30.220636,AWS_MAA,spike,humidity spiked by -14.13
2026-08-29T02:33:30.241367,AWS_PNQ,spike,temperature spiked by -10.39
2026-08-29T02:33:30.270222,AWS_JAI,spike,humidity spiked by -26.48
2026-08-29T02:33:30.294438,AWS_LKO,frozen_value,Values frozen
2026-08-29T02:33:30.307186,AWS_KNP,frozen_value,Values frozen
2026-08-29T02:33:30.330783,AWS_IDR,drift,Temperature drifted by 0.44
2026-08-29T02:33:30.373027,AWS_IXR,drift,Temperature drifted by 1.07
2026-08-29T02:33:30.380493,AWS_MYQ,dropout,Reading dropped
2026-08-29T02:33:32.389393,AWS_MUM,drift,Temperature drifted by 1.93
2026-08-29T02:33:32.393303,AWS_DEL,drift,Temperature drifted by 0.55
2026-08-29T02:33:32.394494,AWS_HYD,frozen_value,Values frozen
2026-08-29T02:33:32.395614,AWS_PNQ,frozen_value,Values frozen
2026-08-29T02:33:32.397664,AWS_LKO,frozen_value,Values frozen
2026-08-29T02:33:32.398358,AWS_KNP,frozen_value,Values frozen
2026-08-29T02:33:32.399331,AWS_IDR,drift,Temperature drifted by 0.87
2026-08-29T02:33:32.400170,AWS_BHO,dropout,Reading dropped
2026-08-29T02:33:32.403600,AWS_IXR,drift,Temperature drifted by 1.42
2026-08-29T02:33:32.404810,AWS_CJB,spatial_outlier,Deviating from spatial trend
2026-08-29T02:33:34.406273,AWS_MUM,drift,Temperature drifted by 2.35
2026-08-29T02:33:34.409874,AWS_DEL,drift,Temperature drifted by 0.70
2026-08-29T02:33:34.411898,AWS_HYD,frozen_value,Values frozen
2026-08-29T02:33:34.412961,AWS_MAA,frozen_value,Values frozen
2026-08-29T02:33:34.413895,AWS_CCU,spike,temperature spiked by -15.32
2026-08-29T02:33:34.415198,AWS_PNQ,frozen_value,Values frozen
2026-08-29T02:33:34.417018,AWS_LKO,frozen_value,Values frozen
2026-08-29T02:33:34.418869,AWS_KNP,frozen_value,Values frozen
2026-08-29T02:33:34.420126,AWS_NAG,spatial_outlier,Deviating from spatial trend
2026-08-29T02:33:34.421132,AWS_IDR,drift,Temperature drifted by 1.20
2026-08-29T02:33:34.422241,AWS_BHO,dropout,Reading dropped
2026-08-29T02:33:34.423823,AWS_PAT,frozen_value,Values frozen
2026-08-29T02:33:34.425552,AWS_IXC,spatial_outlier,Deviating from spatial trend
2026-08-29T02:33:34.426947,AWS_GAU,spatial_outlier,Deviating from spatial trend
2026-08-29T02:33:34.427754,AWS_IXR,drift,Temperature drifted by 1.68
2026-08-29T02:33:36.430787,AWS_DEL,drift,Temperature drifted by 0.95
2026-08-29T02:33:36.432333,AWS_HYD,frozen_value,Values frozen
2026-08-29T02:33:36.433329,AWS_MAA,frozen_value,Values frozen
2026-08-29T02:33:36.435029,AWS_PNQ,frozen_value,Values frozen
2026-08-29T02:33:36.437489,AWS_LKO,frozen_value,Values frozen
2026-08-29T02:33:36.438670,AWS_KNP,frozen_value,Values frozen
2026-08-29T02:33:36.441330,AWS_IDR,drift,Temperature drifted by 1.66
2026-08-29T02:33:36.443050,AWS_BHO,dropout,Reading dropped
2026-08-29T02:33:36.446570,AWS_PAT,frozen_value,Values frozen
2026-08-29T02:33:36.447908,AWS_IXC,drift,Temperature drifted by 0.27
2026-08-29T02:33:36.450318,AWS_IXR,drift,Temperature drifted by 1.85
2026-08-29T02:33:36.451807,AWS_CJB,drift,Temperature drifted by 0.37
2026-08-29T02:33:38.453741,AWS_MUM,spike,pressure spiked by 94.30
2026-08-29T02:33:38.455535,AWS_DEL,drift,Temperature drifted by 1.32
2026-08-29T02:33:38.457319,AWS_HYD,frozen_value,Values frozen
2026-08-29T02:33:38.458392,AWS_MAA,frozen_value,Values frozen
2026-08-29T02:33:38.459959,AWS_PNQ,frozen_value,Values frozen
2026-08-29T02:33:38.461633,AWS_STV,cross_parameter_inconsistency,Physically inconsistent state
2026-08-29T02:33:38.463350,AWS_LKO,frozen_value,Values frozen
2026-08-29T02:33:38.465687,AWS_KNP,frozen_value,Values frozen
2026-08-29T02:33:38.468200,AWS_IDR,drift,Temperature drifted by 2.01
2026-08-29T02:33:38.469758,AWS_BHO,frozen_value,Values frozen
2026-08-29T02:33:38.470907,AWS_COK,dropout,Reading dropped
2026-08-29T02:33:38.471501,AWS_TRV,cross_parameter_inconsistency,Physically inconsistent state
2026-08-29T02:33:38.473016,AWS_PAT,frozen_value,Values frozen
2026-08-29T02:33:38.474110,AWS_IXC,drift,Temperature drifted by 0.38
2026-08-29T02:33:38.476588,AWS_IXR,drift,Temperature drifted by 2.08
2026-08-29T02:33:38.478487,AWS_CJB,drift,Temperature drifted by 0.72
2026-08-29T02:33:40.482140,AWS_DEL,drift,Temperature drifted by 1.66
2026-08-29T02:33:40.484415,AWS_HYD,frozen_value,Values frozen
2026-08-29T02:33:40.485584,AWS_MAA,frozen_value,Values frozen
2026-08-29T02:33:40.486987,AWS_PNQ,frozen_value,Values frozen
2026-08-29T02:33:40.488633,AWS_STV,dropout,Reading dropped
2026-08-29T02:33:40.489939,AWS_LKO,frozen_value,Values frozen
2026-08-29T02:33:40.491809,AWS_IDR,drift,Temperature drifted by 2.18
2026-08-29T02:33:40.492827,AWS_BHO,frozen_value,Values frozen
2026-08-29T02:33:40.493904,AWS_COK,dropout,Reading dropped
2026-08-29T02:33:40.495818,AWS_PAT,frozen_value,Values frozen
2026-08-29T02:33:40.496903,AWS_IXC,drift,Temperature drifted by 0.52
2026-08-29T02:33:40.498253,AWS_GAU,dropout,Reading dropped
2026-08-29T02:33:40.498917,AWS_IXR,drift,Temperature drifted by 2.19
2026-08-29T02:33:40.500121,AWS_CJB,drift,Temperature drifted by 0.86
2026-08-29T02:33:42.503246,AWS_DEL,drift,Temperature drifted by 1.89
2026-08-29T02:33:42.505674,AWS_HYD,drift,Temperature drifted by 0.11
2026-08-29T02:33:42.506998,AWS_MAA,frozen_value,Values frozen
2026-08-29T02:33:42.508356,AWS_CCU,spatial_outlier,Deviating from spatial trend
2026-08-29T02:33:42.509521,AWS_PNQ,frozen_value,Values frozen
2026-08-29T02:33:42.511070,AWS_STV,dropout,Reading dropped
2026-08-29T02:33:42.512215,AWS_LKO,frozen_value,Values frozen
2026-08-29T02:33:42.514049,AWS_IDR,drift,Temperature drifted by 2.62
2026-08-29T02:33:42.515052,AWS_BHO,frozen_value,Values frozen
2026-08-29T02:33:42.516218,AWS_COK,dropout,Reading dropped
2026-08-29T02:33:42.517483,AWS_PAT,frozen_value,Values frozen
2026-08-29T02:33:42.518441,AWS_IXC,drift,Temperature drifted by 0.96
2026-08-29T02:33:42.519569,AWS_BBI,dropout,Reading dropped
2026-08-29T02:33:42.520363,AWS_GAU,dropout,Reading dropped
2026-08-29T02:33:42.521056,AWS_IXR,drift,Temperature drifted by 2.58
2026-08-29T02:33:42.522395,AWS_CJB,drift,Temperature drifted by 1.34
2026-08-29T02:33:44.525035,AWS_DEL,drift,Temperature drifted by 2.38
2026-08-29T02:33:44.527091,AWS_HYD,drift,Temperature drifted by 0.31
2026-08-29T02:33:44.528396,AWS_MAA,frozen_value,Values frozen
2026-08-29T02:33:44.530268,AWS_PNQ,frozen_value,Values frozen
2026-08-29T02:33:44.533995,AWS_LKO,frozen_value,Values frozen
2026-08-29T02:33:44.535493,AWS_NAG,frozen_value,Values frozen
2026-08-29T02:33:44.536762,AWS_IDR,drift,Temperature drifted by 3.12
2026-08-29T02:33:44.538120,AWS_BHO,frozen_value,Values frozen
2026-08-29T02:33:44.540588,AWS_PAT,frozen_value,Values frozen
2026-08-29T02:33:44.542612,AWS_IXC,drift,Temperature drifted by 1.40
2026-08-29T02:33:44.543868,AWS_BBI,dropout,Reading dropped
2026-08-29T02:33:44.545144,AWS_IXR,drift,Temperature drifted by 2.79
2026-08-29T02:33:44.546626,AWS_CJB,drift,Temperature drifted by 1.80
2026-08-29T02:33:46.549011,AWS_DEL,drift,Temperature drifted by 2.49
2026-08-29T02:33:46.551641,AWS_BLR,dropout,Reading dropped
2026-08-29T02:33:46.552699,AWS_HYD,drift,Temperature drifted by 0.66
2026-08-29T02:33:46.554283,AWS_MAA,frozen_value,Values frozen
2026-08-29T02:33:46.555720,AWS_CCU,spike,temperature spiked by 22.36
2026-08-29T02:33:46.557167,AWS_PNQ,frozen_value,Values frozen
2026-08-29T02:33:46.561543,AWS_LKO,frozen_value,Values frozen
2026-08-29T02:33:46.562782,AWS_KNP,cross_parameter_inconsistency,Physically inconsistent state
2026-08-29T02:33:46.563931,AWS_NAG,frozen_value,Values frozen
2026-08-29T02:33:46.565150,AWS_IDR,drift,Temperature drifted by 3.40
2026-08-29T02:33:46.566450,AWS_BHO,frozen_value,Values frozen
2026-08-29T02:33:46.568029,AWS_TRV,spike,temperature spiked by -20.15
2026-08-29T02:33:46.571284,AWS_PAT,frozen_value,Values frozen
2026-08-29T02:33:46.572634,AWS_IXC,drift,Temperature drifted by 1.51
2026-08-29T02:33:46.573769,AWS_BBI,dropout,Reading dropped
2026-08-29T02:33:46.574903,AWS_IXR,drift,Temperature drifted by 3.18
2026-08-29T02:33:46.576926,AWS_CJB,drift,Temperature drifted by 2.11
2026-08-29T02:33:48.580448,AWS_DEL,drift,Temperature drifted by 2.90
2026-08-29T02:33:48.582870,AWS_HYD,drift,Temperature drifted by 1.04
2026-08-29T02:33:48.584211,AWS_MAA,frozen_value,Values frozen
2026-08-29T02:33:48.587516,AWS_JAI,spike,pressure spiked by -109.73
2026-08-29T02:33:48.588674,AWS_LKO,frozen_value,Values frozen
2026-08-29T02:33:48.590237,AWS_KNP,spike,temperature spiked by -26.26
2026-08-29T02:33:48.592636,AWS_NAG,frozen_value,Values frozen
2026-08-29T02:33:48.595538,AWS_IDR,drift,Temperature drifted by 3.53
2026-08-29T02:33:48.596758,AWS_BHO,frozen_value,Values frozen
2026-08-29T02:33:48.599794,AWS_PAT,frozen_value,Values frozen
2026-08-29T02:33:48.601423,AWS_IXC,drift,Temperature drifted by 1.75
2026-08-29T02:33:48.607083,AWS_CJB,drift,Temperature drifted by 2.53
2026-08-29T02:33:50.611176,AWS_DEL,drift,Temperature drifted by 3.11
2026-08-29T02:33:50.613408,AWS_HYD,drift,Temperature drifted by 1.38
2026-08-29T02:33:50.614711,AWS_MAA,frozen_value,Values frozen
2026-08-29T02:33:50.618428,AWS_JAI,frozen_value,Values frozen
2026-08-29T02:33:50.619962,AWS_LKO,frozen_value,Values frozen
2026-08-29T02:33:50.621261,AWS_KNP,frozen_value,Values frozen
2026-08-29T02:33:50.623084,AWS_NAG,frozen_value,Values frozen
2026-08-29T02:33:50.624335,AWS_IDR,drift,Temperature drifted by 3.68
2026-08-29T02:33:50.625634,AWS_BHO,frozen_value,Values frozen
2026-08-29T02:33:50.626621,AWS_COK,spatial_outlier,Deviating from spatial trend
2026-08-29T02:33:50.627888,AWS_TRV,frozen_value,Values frozen
2026-08-29T02:33:50.630926,AWS_PAT,frozen_value,Values frozen
2026-08-29T02:33:50.632323,AWS_IXC,drift,Temperature drifted by 2.12
2026-08-29T02:33:52.637866,AWS_DEL,drift,Temperature drifted by 3.34
2026-08-29T02:33:52.639740,AWS_HYD,drift,Temperature drifted by 1.57
2026-08-29T02:33:52.640784,AWS_MAA,frozen_value,Values frozen
2026-08-29T02:33:52.641827,AWS_CCU,spike,temperature spiked by -15.26
2026-08-29T02:33:52.643040,AWS_PNQ,spike,pressure spiked by -68.99
2026-08-29T02:33:52.644870,AWS_JAI,frozen_value,Values frozen
2026-08-29T02:33:52.646042,AWS_LKO,frozen_value,Values frozen
2026-08-29T02:33:52.646992,AWS_KNP,frozen_value,Values frozen
2026-08-29T02:33:52.648038,AWS_NAG,frozen_value,Values frozen
2026-08-29T02:33:52.650265,AWS_BHO,frozen_value,Values frozen
2026-08-29T02:33:52.651336,AWS_COK,spatial_outlier,Deviating from spatial trend
2026-08-29T02:33:52.652388,AWS_TRV,frozen_value,Values frozen
2026-08-29T02:33:52.654270,AWS_PAT,frozen_value,Values frozen
2026-08-29T02:33:52.655446,AWS_IXC,drift,Temperature drifted by 2.46
2026-08-29T02:33:52.656430,AWS_BBI,drift,Temperature drifted by 0.39
2026-08-29T02:33:54.661553,AWS_DEL,drift,Temperature drifted by 3.56
2026-08-29T02:33:54.663163,AWS_BLR,drift,Temperature drifted by 0.12
2026-08-29T02:33:54.664894,AWS_MAA,frozen_value,Values frozen
2026-08-29T02:33:54.668770,AWS_JAI,frozen_value,Values frozen
2026-08-29T02:33:54.670289,AWS_LKO,frozen_value,Values frozen
2026-08-29T02:33:54.671528,AWS_KNP,frozen_value,Values frozen
2026-08-29T02:33:54.672898,AWS_NAG,frozen_value,Values frozen
2026-08-29T02:33:54.674198,AWS_IDR,spatial_outlier,Deviating from spatial trend
2026-08-29T02:33:54.676065,AWS_BHO,frozen_value,Values frozen
2026-08-29T02:33:54.678475,AWS_TRV,frozen_value,Values frozen
2026-08-29T02:33:54.680472,AWS_PAT,frozen_value,Values frozen
2026-08-29T02:33:54.681727,AWS_IXC,drift,Temperature drifted by 2.59
2026-08-29T02:33:54.682730,AWS_BBI,drift,Temperature drifted by 0.66
2026-08-29T02:33:54.685533,AWS_MYQ,dropout,Reading dropped
2026-08-29T02:33:56.689726,AWS_BLR,drift,Temperature drifted by 0.28
2026-08-29T02:33:56.695851,AWS_JAI,frozen_value,Values frozen
2026-08-29T02:33:56.697191,AWS_LKO,frozen_value,Values frozen
2026-08-29T02:33:56.698653,AWS_KNP,frozen_value,Values frozen
2026-08-29T02:33:56.700035,AWS_NAG,frozen_value,Values frozen
2026-08-29T02:33:56.701917,AWS_BHO,frozen_value,Values frozen
2026-08-29T02:33:56.703539,AWS_TRV,frozen_value,Values frozen
2026-08-29T02:33:56.705272,AWS_PAT,frozen_value,Values frozen
2026-08-29T02:33:56.706301,AWS_IXC,drift,Temperature drifted by 2.86
2026-08-29T02:33:56.707681,AWS_BBI,drift,Temperature drifted by 1.01
2026-08-29T02:33:56.709108,AWS_IXR,spike,humidity spiked by 11.49
2026-08-29T02:33:58.715120,AWS_BLR,drift,Temperature drifted by 0.71
2026-08-29T02:33:58.716705,AWS_HYD,dropout,Reading dropped
2026-08-29T02:33:58.719490,AWS_JAI,frozen_value,Values frozen
2026-08-29T02:33:58.721453,AWS_KNP,frozen_value,Values frozen
2026-08-29T02:33:58.722689,AWS_NAG,frozen_value,Values frozen
2026-08-29T02:33:58.724244,AWS_BHO,frozen_value,Values frozen
2026-08-29T02:33:58.727086,AWS_TRV,frozen_value,Values frozen
2026-08-29T02:33:58.728513,AWS_PAT,frozen_value,Values frozen
2026-08-29T02:33:58.729613,AWS_IXC,drift,Temperature drifted by 3.33
2026-08-29T02:33:58.731016,AWS_BBI,drift,Temperature drifted by 1.43
2026-08-29T02:34:00.738103,AWS_BLR,drift,Temperature drifted by 1.21
2026-08-29T02:34:00.739830,AWS_HYD,dropout,Reading dropped
2026-08-29T02:34:00.745605,AWS_JAI,frozen_value,Values frozen
2026-08-29T02:34:00.747723,AWS_KNP,frozen_value,Values frozen
2026-08-29T02:34:00.748844,AWS_NAG,frozen_value,Values frozen
2026-08-29T02:34:00.750595,AWS_BHO,frozen_value,Values frozen
2026-08-29T02:34:00.751919,AWS_COK,spike,temperature spiked by 14.05
2026-08-29T02:34:00.753132,AWS_TRV,frozen_value,Values frozen
2026-08-29T02:34:00.754763,AWS_VTZ,spike,temperature spiked by 25.06
2026-08-29T02:34:00.755763,AWS_PAT,frozen_value,Values frozen
2026-08-29T02:34:00.757126,AWS_IXC,dropout,Reading dropped
2026-08-29T02:34:00.757763,AWS_BBI,drift,Temperature drifted by 1.73
2026-08-29T02:34:00.758966,AWS_GAU,drift,Temperature drifted by 0.31
2026-08-29T02:34:00.760601,AWS_MYQ,frozen_value,Values frozen
2026-08-29T02:34:00.761826,AWS_CJB,spike,humidity spiked by 28.90
2026-08-29T02:34:02.765653,AWS_BLR,drift,Temperature drifted by 1.50
2026-08-29T02:34:02.768236,AWS_HYD,dropout,Reading dropped
2026-08-29T02:34:02.771492,AWS_AMD,frozen_value,Values frozen
2026-08-29T02:34:02.774160,AWS_JAI,frozen_value,Values frozen
2026-08-29T02:34:02.776522,AWS_KNP,frozen_value,Values frozen
2026-08-29T02:34:02.777678,AWS_NAG,frozen_value,Values frozen
2026-08-29T02:34:02.780750,AWS_BHO,frozen_value,Values frozen
2026-08-29T02:34:02.783543,AWS_TRV,frozen_value,Values frozen
2026-08-29T02:34:02.785315,AWS_PAT,frozen_value,Values frozen
2026-08-29T02:34:02.788073,AWS_IXC,dropout,Reading dropped
2026-08-29T02:34:02.788926,AWS_BBI,drift,Temperature drifted by 1.90
2026-08-29T02:34:02.790121,AWS_GAU,drift,Temperature drifted by 0.80
2026-08-29T02:34:02.791197,AWS_IXR,dropout,Reading dropped
2026-08-29T02:34:02.792675,AWS_MYQ,frozen_value,Values frozen
2026-08-29T02:34:04.795734,AWS_MUM,drift,Temperature drifted by 0.27
2026-08-29T02:34:04.797989,AWS_BLR,drift,Temperature drifted by 1.67
2026-08-29T02:34:04.800935,AWS_PNQ,spike,pressure spiked by 110.75
2026-08-29T02:34:04.802216,AWS_AMD,frozen_value,Values frozen
2026-08-29T02:34:04.803974,AWS_JAI,frozen_value,Values frozen
2026-08-29T02:34:04.805755,AWS_NAG,frozen_value,Values frozen
2026-08-29T02:34:04.806870,AWS_IDR,cross_parameter_inconsistency,Physically inconsistent state
2026-08-29T02:34:04.807959,AWS_BHO,frozen_value,Values frozen
2026-08-29T02:34:04.809505,AWS_TRV,frozen_value,Values frozen
2026-08-29T02:34:04.811603,AWS_PAT,frozen_value,Values frozen
2026-08-29T02:34:04.813251,AWS_BBI,drift,Temperature drifted by 2.39
2026-08-29T02:34:04.814267,AWS_GAU,drift,Temperature drifted by 0.91
2026-08-29T02:34:04.815285,AWS_IXR,dropout,Reading dropped
2026-08-29T02:34:04.815978,AWS_MYQ,frozen_value,Values frozen
2026-08-29T02:34:04.817760,AWS_CJB,cross_parameter_inconsistency,Physically inconsistent state
2026-08-29T02:34:06.819400,AWS_MUM,drift,Temperature drifted by 0.74
2026-08-29T02:34:06.822389,AWS_HYD,drift,Temperature drifted by 0.36
2026-08-29T02:34:06.823383,AWS_MAA,cross_parameter_inconsistency,Physically inconsistent state
2026-08-29T02:34:06.826214,AWS_AMD,frozen_value,Values frozen
2026-08-29T02:34:06.827983,AWS_JAI,frozen_value,Values frozen
2026-08-29T02:34:06.829621,AWS_NAG,frozen_value,Values frozen
2026-08-29T02:34:06.832309,AWS_BHO,frozen_value,Values frozen
2026-08-29T02:34:06.834237,AWS_COK,spike,pressure spiked by 64.47
2026-08-29T02:34:06.835267,AWS_TRV,frozen_value,Values frozen
2026-08-29T02:34:06.836884,AWS_PAT,frozen_value,Values frozen
2026-08-29T02:34:06.838302,AWS_BBI,drift,Temperature drifted by 2.68
2026-08-29T02:34:06.839361,AWS_GAU,drift,Temperature drifted by 1.03
2026-08-29T02:34:06.840784,AWS_MYQ,frozen_value,Values frozen
2026-08-29T02:34:08.843031,AWS_MUM,drift,Temperature drifted by 1.05
2026-08-29T02:34:08.845522,AWS_DEL,drift,Temperature drifted by 0.16
2026-08-29T02:34:08.847377,AWS_HYD,drift,Temperature drifted by 0.72
2026-08-29T02:34:08.848477,AWS_MAA,cross_parameter_inconsistency,Physically inconsistent state
2026-08-29T02:34:08.852337,AWS_AMD,frozen_value,Values frozen
2026-08-29T02:34:08.854299,AWS_JAI,frozen_value,Values frozen
2026-08-29T02:34:08.856854,AWS_KNP,spike,humidity spiked by 11.07
2026-08-29T02:34:08.860643,AWS_NAG,frozen_value,Values frozen
2026-08-29T02:34:08.863456,AWS_BHO,frozen_value,Values frozen
2026-08-29T02:34:08.865387,AWS_TRV,frozen_value,Values frozen
2026-08-29T02:34:08.868680,AWS_PAT,frozen_value,Values frozen
2026-08-29T02:34:08.871483,AWS_BBI,drift,Temperature drifted by 2.87
2026-08-29T02:34:08.873142,AWS_GAU,drift,Temperature drifted by 1.21
2026-08-29T02:34:08.875432,AWS_MYQ,frozen_value,Values frozen
2026-08-29T02:34:10.880548,AWS_MUM,drift,Temperature drifted by 1.17
2026-08-29T02:34:10.882719,AWS_DEL,drift,Temperature drifted by 0.49
2026-08-29T02:34:10.885621,AWS_HYD,drift,Temperature drifted by 1.06
2026-08-29T02:34:10.888820,AWS_PNQ,spatial_outlier,Deviating from spatial trend
2026-08-29T02:34:10.892473,AWS_AMD,frozen_value,Values frozen
2026-08-29T02:34:10.894710,AWS_JAI,frozen_value,Values frozen
2026-08-29T02:34:10.897017,AWS_LKO,frozen_value,Values frozen
2026-08-29T02:34:10.900706,AWS_NAG,frozen_value,Values frozen
2026-08-29T02:34:10.903824,AWS_BHO,frozen_value,Values frozen
2026-08-29T02:34:10.906135,AWS_TRV,frozen_value,Values frozen
2026-08-29T02:34:10.907732,AWS_VTZ,drift,Temperature drifted by 0.38
2026-08-29T02:34:10.912573,AWS_IXC,drift,Temperature drifted by 0.44
2026-08-29T02:34:10.915870,AWS_BBI,drift,Temperature drifted by 3.27
2026-08-29T02:34:10.919988,AWS_GAU,drift,Temperature drifted by 1.64
2026-08-29T02:34:10.922441,AWS_MYQ,frozen_value,Values frozen
2026-08-29T02:34:12.926834,AWS_MUM,drift,Temperature drifted by 1.45
2026-08-29T02:34:12.929232,AWS_DEL,drift,Temperature drifted by 0.62
2026-08-29T02:34:12.931424,AWS_BLR,spatial_outlier,Deviating from spatial trend
2026-08-29T02:34:12.933524,AWS_HYD,drift,Temperature drifted by 1.40
2026-08-29T02:34:12.942537,AWS_LKO,frozen_value,Values frozen
2026-08-29T02:34:12.944851,AWS_KNP,dropout,Reading dropped
2026-08-29T02:34:12.945646,AWS_NAG,frozen_value,Values frozen
2026-08-29T02:34:12.947513,AWS_IDR,spike,pressure spiked by -145.81
2026-08-29T02:34:12.951433,AWS_TRV,frozen_value,Values frozen
2026-08-29T02:34:12.953830,AWS_VTZ,drift,Temperature drifted by 0.61
2026-08-29T02:34:12.956437,AWS_IXC,drift,Temperature drifted by 0.83
2026-08-29T02:34:12.959329,AWS_BBI,drift,Temperature drifted by 3.63
2026-08-29T02:34:12.961502,AWS_GAU,drift,Temperature drifted by 1.88
2026-08-29T02:34:12.964107,AWS_MYQ,frozen_value,Values frozen
2026-08-29T02:34:14.967061,AWS_MUM,drift,Temperature drifted by 1.84
2026-08-29T02:34:14.970814,AWS_DEL,drift,Temperature drifted by 1.06
2026-08-29T02:34:14.974132,AWS_BLR,spike,pressure spiked by 74.08
2026-08-29T02:34:14.977010,AWS_HYD,drift,Temperature drifted by 1.89
2026-08-29T02:34:14.980886,AWS_PNQ,spatial_outlier,Deviating from spatial trend
2026-08-29T02:34:14.984863,AWS_JAI,spike,temperature spiked by 25.85
2026-08-29T02:34:14.986922,AWS_LKO,frozen_value,Values frozen
2026-08-29T02:34:14.988740,AWS_KNP,dropout,Reading dropped
2026-08-29T02:34:14.990882,AWS_NAG,spatial_outlier,Deviating from spatial trend
2026-08-29T02:34:14.994507,AWS_BHO,spike,humidity spiked by -27.96
2026-08-29T02:34:14.997603,AWS_TRV,frozen_value,Values frozen
2026-08-29T02:34:14.998889,AWS_VTZ,drift,Temperature drifted by 0.96
2026-08-29T02:34:15.000709,AWS_IXC,drift,Temperature drifted by 1.04
2026-08-29T02:34:15.002460,AWS_BBI,drift,Temperature drifted by 3.79
2026-08-29T02:34:15.004995,AWS_GAU,drift,Temperature drifted by 2.20
2026-08-29T02:34:15.008267,AWS_MYQ,frozen_value,Values frozen
2026-08-29T02:34:17.011642,AWS_MUM,drift,Temperature drifted by 2.10
2026-08-29T02:34:17.015472,AWS_DEL,drift,Temperature drifted by 1.40
2026-08-29T02:34:17.020348,AWS_HYD,spatial_outlier,Deviating from spatial trend
2026-08-29T02:34:17.023930,AWS_CCU,spike,humidity spiked by 25.90
2026-08-29T02:34:17.031166,AWS_JAI,cross_parameter_inconsistency,Physically inconsistent state
2026-08-29T02:34:17.033813,AWS_LKO,frozen_value,Values frozen
2026-08-29T02:34:17.037228,AWS_KNP,dropout,Reading dropped
2026-08-29T02:34:17.038764,AWS_IDR,spatial_outlier,Deviating from spatial trend
2026-08-29T02:34:17.041381,AWS_TRV,frozen_value,Values frozen
2026-08-29T02:34:17.044487,AWS_VTZ,drift,Temperature drifted by 1.29
2026-08-29T02:34:17.048034,AWS_IXC,drift,Temperature drifted by 1.49
2026-08-29T02:34:17.049976,AWS_BBI,drift,Temperature drifted by 4.24
2026-08-29T02:34:17.051423,AWS_GAU,drift,Temperature drifted by 2.57
2026-08-29T02:34:17.053723,AWS_MYQ,frozen_value,Values frozen
2026-08-29T02:34:19.057819,AWS_MUM,drift,Temperature drifted by 2.24
2026-08-29T02:34:19.060867,AWS_DEL,drift,Temperature drifted by 1.58
2026-08-29T02:34:19.062795,AWS_BLR,cross_parameter_inconsistency,Physically inconsistent state
2026-08-29T02:34:19.066817,AWS_AMD,drift,Temperature drifted by 0.41
2026-08-29T02:34:19.069738,AWS_LKO,frozen_value,Values frozen
2026-08-29T02:34:19.072342,AWS_NAG,spatial_outlier,Deviating from spatial trend
2026-08-29T02:34:19.077032,AWS_COK,spike,pressure spiked by -123.52
2026-08-29T02:34:19.079809,AWS_TRV,frozen_value,Values frozen
2026-08-29T02:34:19.081381,AWS_VTZ,drift,Temperature drifted by 1.51
2026-08-29T02:34:19.083176,AWS_IXC,drift,Temperature drifted by 1.76
2026-08-29T02:34:19.084908,AWS_BBI,drift,Temperature drifted by 4.54
2026-08-29T02:34:19.086726,AWS_GAU,drift,Temperature drifted by 3.00
2026-08-29T02:34:19.088909,AWS_MYQ,frozen_value,Values frozen
2026-08-29T02:34:21.091337,AWS_MUM,drift,Temperature drifted by 2.55
2026-08-29T02:34:21.095491,AWS_DEL,drift,Temperature drifted by 1.78
2026-08-29T02:34:21.101378,AWS_CCU,frozen_value,Values frozen
2026-08-29T02:34:21.105513,AWS_AMD,drift,Temperature drifted by 0.82
2026-08-29T02:34:21.109434,AWS_LKO,frozen_value,Values frozen
2026-08-29T02:34:21.111889,AWS_KNP,spatial_outlier,Deviating from spatial trend
2026-08-29T02:34:21.116437,AWS_BHO,drift,Temperature drifted by 0.40
2026-08-29T02:34:21.119337,AWS_COK,cross_parameter_inconsistency,Physically inconsistent state
2026-08-29T02:34:21.124032,AWS_VTZ,drift,Temperature drifted by 1.87
2026-08-29T02:34:21.126856,AWS_IXC,drift,Temperature drifted by 1.86
2026-08-29T02:34:21.129214,AWS_BBI,spatial_outlier,Deviating from spatial trend
2026-08-29T02:34:21.131708,AWS_GAU,drift,Temperature drifted by 3.27
2026-08-29T02:34:21.134768,AWS_MYQ,frozen_value,Values frozen
2026-08-29T02:34:23.139624,AWS_MUM,drift,Temperature drifted by 2.82
2026-08-29T02:34:23.141694,AWS_DEL,drift,Temperature drifted by 1.95
2026-08-29T02:34:23.143686,AWS_HYD,frozen_value,Values frozen
2026-08-29T02:34:23.145165,AWS_MAA,frozen_value,Values frozen
2026-08-29T02:34:23.146424,AWS_CCU,frozen_value,Values frozen
2026-08-29T02:34:23.148288,AWS_AMD,drift,Temperature drifted by 1.16
2026-08-29T02:34:23.149868,AWS_JAI,spatial_outlier,Deviating from spatial trend
2026-08-29T02:34:23.151129,AWS_LKO,frozen_value,Values frozen
2026-08-29T02:34:23.152470,AWS_KNP,frozen_value,Values frozen
2026-08-29T02:34:23.155330,AWS_BHO,drift,Temperature drifted by 0.71
2026-08-29T02:34:23.156842,AWS_TRV,dropout,Reading dropped
2026-08-29T02:34:23.157528,AWS_VTZ,drift,Temperature drifted by 2.30
2026-08-29T02:34:23.159405,AWS_IXC,drift,Temperature drifted by 2.03
2026-08-29T02:34:23.161511,AWS_BBI,frozen_value,Values frozen
2026-08-29T02:34:23.163480,AWS_GAU,drift,Temperature drifted by 3.48
2026-08-29T02:34:23.165030,AWS_MYQ,frozen_value,Values frozen
2026-08-29T02:34:25.167373,AWS_MUM,drift,Temperature drifted by 3.12
2026-08-29T02:34:25.173212,AWS_BLR,dropout,Reading dropped
2026-08-29T02:34:25.175560,AWS_HYD,frozen_value,Values frozen
2026-08-29T02:34:25.179469,AWS_MAA,frozen_value,Values frozen
2026-08-29T02:34:25.183183,AWS_CCU,frozen_value,Values frozen
2026-08-29T02:34:25.187724,AWS_AMD,drift,Temperature drifted by 1.58
2026-08-29T02:34:25.194885,AWS_LKO,frozen_value,Values frozen
2026-08-29T02:34:25.198772,AWS_KNP,frozen_value,Values frozen
2026-08-29T02:34:25.201987,AWS_NAG,dropout,Reading dropped
2026-08-29T02:34:25.205785,AWS_BHO,drift,Temperature drifted by 0.89
2026-08-29T02:34:25.212120,AWS_VTZ,drift,Temperature drifted by 2.72
2026-08-29T02:34:25.217683,AWS_IXC,drift,Temperature drifted by 2.45
2026-08-29T02:34:25.221199,AWS_BBI,frozen_value,Values frozen
2026-08-29T02:34:25.224373,AWS_GAU,drift,Temperature drifted by 3.92
2026-08-29T02:34:25.228382,AWS_IXR,dropout,Reading dropped
2026-08-29T02:34:25.231395,AWS_MYQ,frozen_value,Values frozen
2026-08-29T02:34:27.235846,AWS_MUM,drift,Temperature drifted by 3.47
2026-08-29T02:34:27.239443,AWS_BLR,dropout,Reading dropped
2026-08-29T02:34:27.240191,AWS_HYD,frozen_value,Values frozen
2026-08-29T02:34:27.241139,AWS_MAA,frozen_value,Values frozen
2026-08-29T02:34:27.242751,AWS_CCU,frozen_value,Values frozen
2026-08-29T02:34:27.246654,AWS_AMD,drift,Temperature drifted by 1.84
2026-08-29T02:34:27.252135,AWS_LKO,frozen_value,Values frozen
2026-08-29T02:34:27.255244,AWS_KNP,frozen_value,Values frozen
2026-08-29T02:34:27.257896,AWS_NAG,dropout,Reading dropped
2026-08-29T02:34:27.263434,AWS_BHO,drift,Temperature drifted by 1.00
2026-08-29T02:34:27.269056,AWS_VTZ,drift,Temperature drifted by 3.03
2026-08-29T02:34:27.273492,AWS_IXC,drift,Temperature drifted by 2.78
2026-08-29T02:34:27.276610,AWS_BBI,frozen_value,Values frozen
2026-08-29T02:34:27.280696,AWS_GAU,drift,Temperature drifted by 4.15
2026-08-29T02:34:29.287606,AWS_MUM,drift,Temperature drifted by 3.61
2026-08-29T02:34:29.290054,AWS_DEL,spike,pressure spiked by -117.45
2026-08-29T02:34:29.295353,AWS_HYD,frozen_value,Values frozen
2026-08-29T02:34:29.299336,AWS_MAA,frozen_value,Values frozen
2026-08-29T02:34:29.301737,AWS_CCU,frozen_value,Values frozen
2026-08-29T02:34:29.304074,AWS_AMD,drift,Temperature drifted by 2.10
2026-08-29T02:34:29.308228,AWS_LKO,frozen_value,Values frozen
2026-08-29T02:34:29.311578,AWS_KNP,frozen_value,Values frozen
2026-08-29T02:34:29.314837,AWS_NAG,dropout,Reading dropped
2026-08-29T02:34:29.318098,AWS_BHO,drift,Temperature drifted by 1.21
2026-08-29T02:34:29.323389,AWS_VTZ,drift,Temperature drifted by 3.41
2026-08-29T02:34:29.329479,AWS_IXC,dropout,Reading dropped
2026-08-29T02:34:29.331666,AWS_BBI,frozen_value,Values frozen
2026-08-29T02:34:29.334844,AWS_GAU,cross_parameter_inconsistency,Physically inconsistent state
2026-08-29T02:34:29.339034,AWS_MYQ,dropout,Reading dropped
2026-08-29T02:34:31.342263,AWS_MUM,spike,humidity spiked by -10.06
2026-08-29T02:34:31.347493,AWS_BLR,spike,pressure spiked by 103.85
2026-08-29T02:34:31.352097,AWS_HYD,frozen_value,Values frozen
2026-08-29T02:34:31.356418,AWS_MAA,frozen_value,Values frozen
2026-08-29T02:34:31.360062,AWS_CCU,frozen_value,Values frozen
2026-08-29T02:34:31.365510,AWS_AMD,drift,Temperature drifted by 2.60
2026-08-29T02:34:31.372809,AWS_LKO,frozen_value,Values frozen
2026-08-29T02:34:31.376817,AWS_KNP,frozen_value,Values frozen
2026-08-29T02:34:31.383426,AWS_BHO,drift,Temperature drifted by 1.67
2026-08-29T02:34:31.388274,AWS_TRV,drift,Temperature drifted by 0.34
2026-08-29T02:34:31.392655,AWS_VTZ,drift,Temperature drifted by 3.58
2026-08-29T02:34:31.397548,AWS_IXC,dropout,Reading dropped
2026-08-29T02:34:31.399727,AWS_BBI,frozen_value,Values frozen
2026-08-29T02:34:31.405343,AWS_MYQ,dropout,Reading dropped
2026-08-29T02:34:33.412906,AWS_HYD,frozen_value,Values frozen
2026-08-29T02:34:33.415250,AWS_MAA,frozen_value,Values frozen
2026-08-29T02:34:33.418198,AWS_CCU,frozen_value,Values frozen
2026-08-29T02:34:33.421904,AWS_AMD,drift,Temperature drifted by 2.88
2026-08-29T02:34:33.426302,AWS_LKO,frozen_value,Values frozen
2026-08-29T02:34:33.428280,AWS_KNP,frozen_value,Values frozen
2026-08-29T02:34:33.431883,AWS_BHO,drift,Temperature drifted by 2.14
2026-08-29T02:34:33.434963,AWS_TRV,drift,Temperature drifted by 0.67
2026-08-29T02:34:33.437036,AWS_VTZ,drift,Temperature drifted by 3.94
2026-08-29T02:34:33.440090,AWS_IXC,dropout,Reading dropped
2026-08-29T02:34:33.441166,AWS_BBI,frozen_value,Values frozen
2026-08-29T02:34:33.444367,AWS_MYQ,drift,Temperature drifted by 0.29
2026-08-29T02:34:33.446494,AWS_CJB,spike,temperature spiked by -23.88
2026-08-29T02:34:35.452888,AWS_HYD,frozen_value,Values frozen
2026-08-29T02:34:35.454964,AWS_MAA,frozen_value,Values frozen
2026-08-29T02:34:35.457117,AWS_CCU,frozen_value,Values frozen
2026-08-29T02:34:35.461110,AWS_AMD,drift,Temperature drifted by 3.06
2026-08-29T02:34:35.466941,AWS_LKO,frozen_value,Values frozen
2026-08-29T02:34:35.470425,AWS_KNP,frozen_value,Values frozen
2026-08-29T02:34:35.478881,AWS_TRV,drift,Temperature drifted by 0.78
2026-08-29T02:34:35.482688,AWS_VTZ,drift,Temperature drifted by 4.21
2026-08-29T02:34:35.488843,AWS_BBI,frozen_value,Values frozen
2026-08-29T02:34:35.496010,AWS_MYQ,drift,Temperature drifted by 0.76
2026-08-29T02:34:37.502023,AWS_MUM,drift,Temperature drifted by 0.19
2026-08-29T02:34:37.504047,AWS_DEL,drift,Temperature drifted by 0.37
2026-08-29T02:34:37.506809,AWS_HYD,frozen_value,Values frozen
2026-08-29T02:34:37.509190,AWS_MAA,frozen_value,Values frozen
2026-08-29T02:34:37.511390,AWS_CCU,frozen_value,Values frozen
2026-08-29T02:34:37.513700,AWS_AMD,drift,Temperature drifted by 3.46
2026-08-29T02:34:37.517684,AWS_KNP,frozen_value,Values frozen
2026-08-29T02:34:37.521902,AWS_TRV,drift,Temperature drifted by 1.14
2026-08-29T02:34:37.526629,AWS_BBI,frozen_value,Values frozen
2026-08-29T02:34:37.531873,AWS_MYQ,drift,Temperature drifted by 1.02
2026-08-29T02:34:39.535654,AWS_MUM,drift,Temperature drifted by 0.59
2026-08-29T02:34:39.540472,AWS_DEL,drift,Temperature drifted by 0.72
2026-08-29T02:34:39.544583,AWS_HYD,frozen_value,Values frozen
2026-08-29T02:34:39.548918,AWS_MAA,frozen_value,Values frozen
2026-08-29T02:34:39.552435,AWS_CCU,frozen_value,Values frozen
2026-08-29T02:34:39.557256,AWS_AMD,drift,Temperature drifted by 3.72
2026-08-29T02:34:39.564274,AWS_KNP,frozen_value,Values frozen
2026-08-29T02:34:39.571207,AWS_TRV,drift,Temperature drifted by 1.57
2026-08-29T02:34:39.574798,AWS_IXC,dropout,Reading dropped
2026-08-29T02:34:39.577127,AWS_BBI,frozen_value,Values frozen
2026-08-29T02:34:39.581603,AWS_IXR,frozen_value,Values frozen
2026-08-29T02:34:39.584022,AWS_MYQ,drift,Temperature drifted by 1.33
2026-08-29T02:34:41.588850,AWS_MUM,drift,Temperature drifted by 0.94
2026-08-29T02:34:41.590074,AWS_DEL,drift,Temperature drifted by 1.00
2026-08-29T02:34:41.593480,AWS_MAA,drift,Temperature drifted by 0.25
2026-08-29T02:34:41.595171,AWS_CCU,frozen_value,Values frozen
2026-08-29T02:34:41.598080,AWS_AMD,drift,Temperature drifted by 4.04
2026-08-29T02:34:41.599388,AWS_STV,spike,humidity spiked by 16.19
2026-08-29T02:34:41.603501,AWS_KNP,frozen_value,Values frozen
2026-08-29T02:34:41.607740,AWS_TRV,drift,Temperature drifted by 1.93
2026-08-29T02:34:41.610743,AWS_IXC,dropout,Reading dropped
2026-08-29T02:34:41.611555,AWS_BBI,frozen_value,Values frozen
2026-08-29T02:34:41.612794,AWS_GAU,drift,Temperature drifted by 0.14
2026-08-29T02:34:41.614272,AWS_IXR,frozen_value,Values frozen
2026-08-29T02:34:41.615237,AWS_MYQ,drift,Temperature drifted by 1.74
2026-08-29T02:34:43.617248,AWS_MUM,drift,Temperature drifted by 1.06
2026-08-29T02:34:43.621946,AWS_DEL,drift,Temperature drifted by 1.49
2026-08-29T02:34:43.629026,AWS_MAA,drift,Temperature drifted by 0.57
2026-08-29T02:34:43.632671,AWS_CCU,frozen_value,Values frozen
2026-08-29T02:34:43.638149,AWS_AMD,drift,Temperature drifted by 4.43
2026-08-29T02:34:43.645019,AWS_KNP,frozen_value,Values frozen
2026-08-29T02:34:43.654349,AWS_TRV,drift,Temperature drifted by 2.05
2026-08-29T02:34:43.663368,AWS_GAU,drift,Temperature drifted by 0.45
2026-08-29T02:34:43.666496,AWS_IXR,frozen_value,Values frozen
2026-08-29T02:34:43.669710,AWS_MYQ,drift,Temperature drifted by 2.00
2026-08-29T02:34:45.675370,AWS_MUM,drift,Temperature drifted by 1.42
2026-08-29T02:34:45.678550,AWS_DEL,drift,Temperature drifted by 1.70
2026-08-29T02:34:45.681308,AWS_BLR,spike,temperature spiked by -14.08
2026-08-29T02:34:45.684388,AWS_MAA,drift,Temperature drifted by 0.70
2026-08-29T02:34:45.687141,AWS_CCU,frozen_value,Values frozen
2026-08-29T02:34:45.692867,AWS_AMD,drift,Temperature drifted by 4.85
2026-08-29T02:34:45.701017,AWS_LKO,drift,Temperature drifted by 0.14
2026-08-29T02:34:45.704110,AWS_KNP,frozen_value,Values frozen
2026-08-29T02:34:45.710298,AWS_BHO,frozen_value,Values frozen
2026-08-29T02:34:45.715373,AWS_TRV,drift,Temperature drifted by 2.25
2026-08-29T02:34:45.719532,AWS_PAT,spike,pressure spiked by -124.57
2026-08-29T02:34:45.725805,AWS_GAU,drift,Temperature drifted by 0.68
2026-08-29T02:34:45.729417,AWS_IXR,frozen_value,Values frozen
2026-08-29T02:34:45.733852,AWS_CJB,dropout,Reading dropped
2026-08-29T02:34:47.735777,AWS_MUM,drift,Temperature drifted by 1.70
2026-08-29T02:34:47.737850,AWS_DEL,drift,Temperature drifted by 2.19
2026-08-29T02:34:47.740753,AWS_MAA,drift,Temperature drifted by 0.87
2026-08-29T02:34:47.742699,AWS_CCU,drift,Temperature drifted by 0.39
2026-08-29T02:34:47.745283,AWS_AMD,drift,Temperature drifted by 5.14
2026-08-29T02:34:47.747562,AWS_STV,spike,humidity spiked by 11.58
2026-08-29T02:34:47.751159,AWS_JAI,spike,pressure spiked by 148.78
2026-08-29T02:34:47.753151,AWS_LKO,drift,Temperature drifted by 0.44
2026-08-29T02:34:47.755833,AWS_KNP,frozen_value,Values frozen
2026-08-29T02:34:47.759625,AWS_IDR,spike,temperature spiked by 13.53
2026-08-29T02:34:47.762215,AWS_BHO,frozen_value,Values frozen
2026-08-29T02:34:47.765084,AWS_TRV,drift,Temperature drifted by 2.35
2026-08-29T02:34:47.770951,AWS_GAU,drift,Temperature drifted by 1.02
2026-08-29T02:34:47.773574,AWS_IXR,frozen_value,Values frozen
2026-08-29T02:34:49.782316,AWS_MUM,drift,Temperature drifted by 2.19
2026-08-29T02:34:49.786767,AWS_DEL,drift,Temperature drifted by 2.67
2026-08-29T02:34:49.792406,AWS_HYD,frozen_value,Values frozen
2026-08-29T02:34:49.796014,AWS_MAA,drift,Temperature drifted by 1.29
2026-08-29T02:34:49.801461,AWS_CCU,drift,Temperature drifted by 0.49
2026-08-29T02:34:49.811275,AWS_JAI,spatial_outlier,Deviating from spatial trend
2026-08-29T02:34:49.814692,AWS_LKO,drift,Temperature drifted by 0.54
2026-08-29T02:34:49.817979,AWS_KNP,frozen_value,Values frozen
2026-08-29T02:34:49.820355,AWS_NAG,dropout,Reading dropped
2026-08-29T02:34:49.822931,AWS_BHO,frozen_value,Values frozen
2026-08-29T02:34:49.825452,AWS_COK,frozen_value,Values frozen
2026-08-29T02:34:49.830090,AWS_TRV,drift,Temperature drifted by 2.67
2026-08-29T02:34:49.836408,AWS_IXC,drift,Temperature drifted by 0.24
2026-08-29T02:34:49.841116,AWS_GAU,drift,Temperature drifted by 1.52
2026-08-29T02:34:49.846696,AWS_IXR,frozen_value,Values frozen
2026-08-29T02:34:51.853834,AWS_MUM,drift,Temperature drifted by 2.58
2026-08-29T02:34:51.855710,AWS_DEL,drift,Temperature drifted by 3.00
2026-08-29T02:34:51.858897,AWS_HYD,frozen_value,Values frozen
2026-08-29T02:34:51.860190,AWS_MAA,drift,Temperature drifted by 1.62
2026-08-29T02:34:51.861607,AWS_CCU,drift,Temperature drifted by 0.64
2026-08-29T02:34:51.866161,AWS_LKO,drift,Temperature drifted by 0.67
2026-08-29T02:34:51.867717,AWS_KNP,frozen_value,Values frozen
2026-08-29T02:34:51.869209,AWS_NAG,dropout,Reading dropped
2026-08-29T02:34:51.870957,AWS_BHO,frozen_value,Values frozen
2026-08-29T02:34:51.873055,AWS_COK,frozen_value,Values frozen
2026-08-29T02:34:51.877232,AWS_IXC,drift,Temperature drifted by 0.60
2026-08-29T02:34:51.880346,AWS_GAU,drift,Temperature drifted by 1.82
2026-08-29T02:34:51.881627,AWS_IXR,frozen_value,Values frozen
2026-08-29T02:34:51.882944,AWS_MYQ,spatial_outlier,Deviating from spatial trend
2026-08-29T02:34:51.884172,AWS_CJB,frozen_value,Values frozen
2026-08-29T02:34:53.889353,AWS_DEL,drift,Temperature drifted by 3.24
2026-08-29T02:34:53.902854,AWS_HYD,frozen_value,Values frozen
2026-08-29T02:34:53.906588,AWS_MAA,drift,Temperature drifted by 1.82
2026-08-29T02:34:53.912118,AWS_CCU,drift,Temperature drifted by 0.98
2026-08-29T02:34:53.923272,AWS_LKO,drift,Temperature drifted by 0.86
2026-08-29T02:34:53.933364,AWS_BHO,frozen_value,Values frozen
2026-08-29T02:34:53.936617,AWS_COK,frozen_value,Values frozen
2026-08-29T02:34:53.944082,AWS_IXC,drift,Temperature drifted by 1.02
2026-08-29T02:34:53.947826,AWS_GAU,drift,Temperature drifted by 2.21
2026-08-29T02:34:53.951474,AWS_IXR,frozen_value,Values frozen
2026-08-29T02:34:53.954036,AWS_CJB,frozen_value,Values frozen
2026-08-29T02:34:55.957667,AWS_DEL,drift,Temperature drifted by 3.46
2026-08-29T02:34:55.960298,AWS_HYD,frozen_value,Values frozen
2026-08-29T02:34:55.962343,AWS_MAA,drift,Temperature drifted by 2.16
2026-08-29T02:34:55.963947,AWS_CCU,drift,Temperature drifted by 1.43
2026-08-29T02:34:55.969001,AWS_LKO,drift,Temperature drifted by 1.21
2026-08-29T02:34:55.972663,AWS_BHO,frozen_value,Values frozen
2026-08-29T02:34:55.973786,AWS_COK,frozen_value,Values frozen
2026-08-29T02:34:55.976150,AWS_VTZ,frozen_value,Values frozen
2026-08-29T02:34:55.977807,AWS_IXC,drift,Temperature drifted by 1.20
2026-08-29T02:34:55.978941,AWS_BBI,spike,temperature spiked by -13.83
2026-08-29T02:34:55.979933,AWS_GAU,drift,Temperature drifted by 2.59
2026-08-29T02:34:55.980873,AWS_IXR,frozen_value,Values frozen
2026-08-29T02:34:55.982819,AWS_CJB,frozen_value,Values frozen
2026-08-29T02:34:57.986671,AWS_DEL,drift,Temperature drifted by 3.81
2026-08-29T02:34:57.989686,AWS_HYD,frozen_value,Values frozen
2026-08-29T02:34:57.992041,AWS_MAA,drift,Temperature drifted by 2.28
2026-08-29T02:34:57.994808,AWS_CCU,drift,Temperature drifted by 1.69
2026-08-29T02:34:57.997083,AWS_PNQ,frozen_value,Values frozen
2026-08-29T02:34:58.002558,AWS_LKO,drift,Temperature drifted by 1.40
2026-08-29T02:34:58.005217,AWS_KNP,dropout,Reading dropped
2026-08-29T02:34:58.008447,AWS_IDR,dropout,Reading dropped
2026-08-29T02:34:58.010342,AWS_BHO,frozen_value,Values frozen
2026-08-29T02:34:58.012624,AWS_COK,frozen_value,Values frozen
2026-08-29T02:34:58.015574,AWS_VTZ,frozen_value,Values frozen
2026-08-29T02:34:58.018617,AWS_IXC,drift,Temperature drifted by 1.37
2026-08-29T02:34:58.021276,AWS_BBI,spike,pressure spiked by -135.64
2026-08-29T02:34:58.023485,AWS_GAU,drift,Temperature drifted by 2.84
2026-08-29T02:34:58.026972,AWS_IXR,frozen_value,Values frozen
2026-08-29T02:34:58.029959,AWS_CJB,frozen_value,Values frozen
2026-08-29T02:35:00.033818,AWS_DEL,drift,Temperature drifted by 4.27
2026-08-29T02:35:00.035859,AWS_BLR,drift,Temperature drifted by 0.15
2026-08-29T02:35:00.038115,AWS_HYD,frozen_value,Values frozen
2026-08-29T02:35:00.041316,AWS_MAA,drift,Temperature drifted by 2.55
2026-08-29T02:35:00.043703,AWS_CCU,drift,Temperature drifted by 2.05
2026-08-29T02:35:00.045308,AWS_PNQ,frozen_value,Values frozen
2026-08-29T02:35:00.047709,AWS_AMD,drift,Temperature drifted by 0.29
2026-08-29T02:35:00.054311,AWS_IDR,dropout,Reading dropped
2026-08-29T02:35:00.055633,AWS_BHO,frozen_value,Values frozen
2026-08-29T02:35:00.057384,AWS_COK,frozen_value,Values frozen
2026-08-29T02:35:00.060260,AWS_TRV,drift,Temperature drifted by 0.20
2026-08-29T02:35:00.061867,AWS_VTZ,frozen_value,Values frozen
2026-08-29T02:35:00.064935,AWS_IXC,drift,Temperature drifted by 1.70
2026-08-29T02:35:00.068822,AWS_IXR,frozen_value,Values frozen
2026-08-29T02:35:00.072802,AWS_CJB,frozen_value,Values frozen
2026-08-29T02:35:02.076209,AWS_DEL,drift,Temperature drifted by 4.38
2026-08-29T02:35:02.077859,AWS_BLR,drift,Temperature drifted by 0.52
2026-08-29T02:35:02.078789,AWS_HYD,frozen_value,Values frozen
2026-08-29T02:35:02.080352,AWS_CCU,drift,Temperature drifted by 2.23
2026-08-29T02:35:02.081445,AWS_PNQ,frozen_value,Values frozen
2026-08-29T02:35:02.082798,AWS_AMD,drift,Temperature drifted by 0.46
2026-08-29T02:35:02.087020,AWS_COK,frozen_value,Values frozen
2026-08-29T02:35:02.088474,AWS_TRV,drift,Temperature drifted by 0.36
2026-08-29T02:35:02.091018,AWS_VTZ,frozen_value,Values frozen
2026-08-29T02:35:02.092950,AWS_PAT,dropout,Reading dropped
2026-08-29T02:35:02.093720,AWS_IXC,drift,Temperature drifted by 2.10
2026-08-29T02:35:02.095969,AWS_IXR,frozen_value,Values frozen
2026-08-29T02:35:02.097822,AWS_CJB,frozen_value,Values frozen
2026-08-29T02:35:04.099882,AWS_MUM,spatial_outlier,Deviating from spatial trend
2026-08-29T02:35:04.109706,AWS_DEL,drift,Temperature drifted by 4.55
2026-08-29T02:35:04.123414,AWS_BLR,drift,Temperature drifted by 0.99
2026-08-29T02:35:04.142024,AWS_HYD,frozen_value,Values frozen
2026-08-29T02:35:04.174144,AWS_CCU,drift,Temperature drifted by 2.45
2026-08-29T02:35:04.203261,AWS_PNQ,frozen_value,Values frozen
2026-08-29T02:35:04.218698,AWS_AMD,drift,Temperature drifted by 0.74
2026-08-29T02:35:04.285057,AWS_COK,frozen_value,Values frozen
2026-08-29T02:35:04.295333,AWS_TRV,drift,Temperature drifted by 0.73
2026-08-29T02:35:04.307210,AWS_VTZ,frozen_value,Values frozen
2026-08-29T02:35:04.317692,AWS_PAT,spatial_outlier,Deviating from spatial trend
2026-08-29T02:35:04.334780,AWS_IXC,drift,Temperature drifted by 2.56
2026-08-29T02:35:04.357794,AWS_IXR,frozen_value,Values frozen
2026-08-29T02:35:04.385363,AWS_CJB,frozen_value,Values frozen
2026-08-29T02:35:06.405266,AWS_DEL,drift,Temperature drifted by 4.83
2026-08-29T02:35:06.416755,AWS_BLR,drift,Temperature drifted by 1.46
2026-08-29T02:35:06.421761,AWS_HYD,frozen_value,Values frozen
2026-08-29T02:35:06.430523,AWS_CCU,drift,Temperature drifted by 2.65
2026-08-29T02:35:06.436121,AWS_PNQ,frozen_value,Values frozen
2026-08-29T02:35:06.440327,AWS_AMD,drift,Temperature drifted by 1.07
2026-08-29T02:35:06.449995,AWS_JAI,dropout,Reading dropped
2026-08-29T02:35:06.465115,AWS_COK,frozen_value,Values frozen
2026-08-29T02:35:06.468041,AWS_TRV,drift,Temperature drifted by 1.22
2026-08-29T02:35:06.470628,AWS_VTZ,frozen_value,Values frozen
2026-08-29T02:35:06.475711,AWS_IXC,drift,Temperature drifted by 3.05
2026-08-29T02:35:06.479528,AWS_BBI,spatial_outlier,Deviating from spatial trend
2026-08-29T02:35:06.482421,AWS_GAU,spike,temperature spiked by 28.53
2026-08-29T02:35:06.488098,AWS_MYQ,spatial_outlier,Deviating from spatial trend
2026-08-29T02:35:06.492353,AWS_CJB,frozen_value,Values frozen
2026-08-29T02:35:08.497338,AWS_MUM,dropout,Reading dropped
2026-08-29T02:35:08.499652,AWS_BLR,drift,Temperature drifted by 1.89
2026-08-29T02:35:08.501610,AWS_HYD,frozen_value,Values frozen
2026-08-29T02:35:08.504220,AWS_CCU,drift,Temperature drifted by 2.97
2026-08-29T02:35:08.507551,AWS_PNQ,frozen_value,Values frozen
2026-08-29T02:35:08.509489,AWS_AMD,drift,Temperature drifted by 1.45
2026-08-29T02:35:08.513704,AWS_JAI,dropout,Reading dropped
2026-08-29T02:35:08.520217,AWS_COK,frozen_value,Values frozen
2026-08-29T02:35:08.521879,AWS_TRV,drift,Temperature drifted by 1.61
2026-08-29T02:35:08.531207,AWS_IXC,drift,Temperature drifted by 3.26
2026-08-29T02:35:08.542762,AWS_CJB,frozen_value,Values frozen
2026-08-29T02:35:10.546115,AWS_MUM,dropout,Reading dropped
2026-08-29T02:35:10.548353,AWS_DEL,cross_parameter_inconsistency,Physically inconsistent state
2026-08-29T02:35:10.552836,AWS_BLR,drift,Temperature drifted by 2.13
2026-08-29T02:35:10.558268,AWS_HYD,frozen_value,Values frozen
2026-08-29T02:35:10.567655,AWS_CCU,drift,Temperature drifted by 3.22
2026-08-29T02:35:10.576583,AWS_PNQ,frozen_value,Values frozen
2026-08-29T02:35:10.588538,AWS_AMD,drift,Temperature drifted by 1.57
2026-08-29T02:35:10.616414,AWS_BHO,cross_parameter_inconsistency,Physically inconsistent state
2026-08-29T02:35:10.621937,AWS_COK,frozen_value,Values frozen
2026-08-29T02:35:10.627201,AWS_TRV,drift,Temperature drifted by 1.94
2026-08-29T02:35:10.663232,AWS_IXC,drift,Temperature drifted by 3.62
2026-08-29T02:35:10.704869,AWS_IXR,frozen_value,Values frozen
2026-08-29T02:35:10.733380,AWS_CJB,frozen_value,Values frozen
2026-08-29T02:35:12.753128,AWS_MUM,dropout,Reading dropped
2026-08-29T02:35:12.755559,AWS_BLR,drift,Temperature drifted by 2.40
2026-08-29T02:35:12.756824,AWS_HYD,frozen_value,Values frozen
2026-08-29T02:35:12.758759,AWS_MAA,drift,Temperature drifted by 0.29
2026-08-29T02:35:12.761338,AWS_CCU,drift,Temperature drifted by 3.53
2026-08-29T02:35:12.764586,AWS_PNQ,frozen_value,Values frozen
2026-08-29T02:35:12.765959,AWS_AMD,drift,Temperature drifted by 1.87
2026-08-29T02:35:12.770254,AWS_BHO,cross_parameter_inconsistency,Physically inconsistent state
2026-08-29T02:35:12.772840,AWS_TRV,drift,Temperature drifted by 2.16
2026-08-29T02:35:12.775210,AWS_PAT,frozen_value,Values frozen
2026-08-29T02:35:12.776706,AWS_IXC,drift,Temperature drifted by 3.89
2026-08-29T02:35:12.779629,AWS_GAU,spike,humidity spiked by -20.91
2026-08-29T02:35:12.781106,AWS_IXR,frozen_value,Values frozen
2026-08-29T02:35:12.783105,AWS_CJB,frozen_value,Values frozen
2026-08-29T02:35:14.786808,AWS_BLR,drift,Temperature drifted by 2.57
2026-08-29T02:35:14.789369,AWS_MAA,drift,Temperature drifted by 0.71
2026-08-29T02:35:14.790404,AWS_CCU,drift,Temperature drifted by 3.72
2026-08-29T02:35:14.791412,AWS_PNQ,frozen_value,Values frozen
2026-08-29T02:35:14.792781,AWS_AMD,drift,Temperature drifted by 2.01
2026-08-29T02:35:14.796925,AWS_TRV,drift,Temperature drifted by 2.37
2026-08-29T02:35:14.798735,AWS_PAT,frozen_value,Values frozen
2026-08-29T02:35:14.799819,AWS_IXC,drift,Temperature drifted by 4.05
2026-08-29T02:35:14.801183,AWS_IXR,frozen_value,Values frozen
2026-08-29T02:35:14.802801,AWS_CJB,frozen_value,Values frozen
2026-08-29T02:35:16.803912,AWS_MUM,drift,Temperature drifted by 0.43
2026-08-29T02:35:16.806150,AWS_BLR,drift,Temperature drifted by 2.90
2026-08-29T02:35:16.807759,AWS_MAA,drift,Temperature drifted by 0.99
2026-08-29T02:35:16.808829,AWS_CCU,drift,Temperature drifted by 4.09
2026-08-29T02:35:16.810080,AWS_PNQ,frozen_value,Values frozen
2026-08-29T02:35:16.811253,AWS_AMD,drift,Temperature drifted by 2.39
2026-08-29T02:35:16.812084,AWS_STV,spike,humidity spiked by 21.51
2026-08-29T02:35:16.813274,AWS_JAI,cross_parameter_inconsistency,Physically inconsistent state
2026-08-29T02:35:16.815423,AWS_NAG,frozen_value,Values frozen
2026-08-29T02:35:16.817747,AWS_COK,frozen_value,Values frozen
2026-08-29T02:35:16.818862,AWS_TRV,drift,Temperature drifted by 2.50
2026-08-29T02:35:16.820608,AWS_PAT,frozen_value,Values frozen
2026-08-29T02:35:16.822626,AWS_GAU,drift,Temperature drifted by 0.16
2026-08-29T02:35:16.823655,AWS_IXR,frozen_value,Values frozen
2026-08-29T02:35:16.824571,AWS_MYQ,cross_parameter_inconsistency,Physically inconsistent state
2026-08-29T02:35:16.825469,AWS_CJB,frozen_value,Values frozen
2026-08-29T02:35:18.827263,AWS_MUM,drift,Temperature drifted by 0.84
2026-08-29T02:35:18.837376,AWS_BLR,drift,Temperature drifted by 3.23
2026-08-29T02:35:18.854987,AWS_MAA,drift,Temperature drifted by 1.22
2026-08-29T02:35:18.865821,AWS_CCU,frozen_value,Values frozen
2026-08-29T02:35:18.903394,AWS_NAG,frozen_value,Values frozen
2026-08-29T02:35:18.946756,AWS_COK,frozen_value,Values frozen
2026-08-29T02:35:18.956220,AWS_TRV,drift,Temperature drifted by 2.99
2026-08-29T02:35:18.962997,AWS_VTZ,cross_parameter_inconsistency,Physically inconsistent state
2026-08-29T02:35:18.976411,AWS_PAT,frozen_value,Values frozen
2026-08-29T02:35:18.993483,AWS_GAU,drift,Temperature drifted by 0.38
2026-08-29T02:35:19.007267,AWS_IXR,frozen_value,Values frozen
2026-08-29T02:35:19.027491,AWS_CJB,frozen_value,Values frozen
2026-08-29T02:35:21.047742,AWS_MUM,drift,Temperature drifted by 1.17
2026-08-29T02:35:21.061254,AWS_BLR,drift,Temperature drifted by 3.36
2026-08-29T02:35:21.067055,AWS_MAA,drift,Temperature drifted by 1.68
2026-08-29T02:35:21.070458,AWS_CCU,frozen_value,Values frozen
2026-08-29T02:35:21.083167,AWS_NAG,frozen_value,Values frozen
2026-08-29T02:35:21.089626,AWS_COK,frozen_value,Values frozen
2026-08-29T02:35:21.092566,AWS_TRV,drift,Temperature drifted by 3.44
2026-08-29T02:35:21.099611,AWS_PAT,frozen_value,Values frozen
2026-08-29T02:35:21.108395,AWS_GAU,drift,Temperature drifted by 0.66
2026-08-29T02:35:21.110993,AWS_IXR,frozen_value,Values frozen
2026-08-29T02:35:23.125750,AWS_MUM,drift,Temperature drifted by 1.45
2026-08-29T02:35:23.154199,AWS_BLR,drift,Temperature drifted by 3.86
2026-08-29T02:35:23.228465,AWS_MAA,drift,Temperature drifted by 1.79
2026-08-29T02:35:23.255122,AWS_CCU,frozen_value,Values frozen
2026-08-29T02:35:23.289062,AWS_PNQ,frozen_value,Values frozen
2026-08-29T02:35:23.427701,AWS_NAG,frozen_value,Values frozen
2026-08-29T02:35:23.443815,AWS_COK,frozen_value,Values frozen
2026-08-29T02:35:23.461255,AWS_TRV,drift,Temperature drifted by 3.64
2026-08-29T02:35:23.482411,AWS_PAT,frozen_value,Values frozen
2026-08-29T02:35:23.500664,AWS_GAU,drift,Temperature drifted by 0.98
2026-08-29T02:35:23.507510,AWS_IXR,spike,pressure spiked by -85.45
2026-08-29T02:35:25.531725,AWS_MUM,drift,Temperature drifted by 1.77
2026-08-29T02:35:25.588238,AWS_MAA,drift,Temperature drifted by 2.23
2026-08-29T02:35:25.617553,AWS_CCU,frozen_value,Values frozen
2026-08-29T02:35:25.687955,AWS_PNQ,frozen_value,Values frozen
2026-08-29T02:35:25.725941,AWS_JAI,drift,Temperature drifted by 0.38
2026-08-29T02:35:25.759445,AWS_NAG,frozen_value,Values frozen
2026-08-29T02:35:25.788315,AWS_COK,frozen_value,Values frozen
2026-08-29T02:35:25.793994,AWS_TRV,drift,Temperature drifted by 3.76
2026-08-29T02:35:25.804046,AWS_PAT,frozen_value,Values frozen
2026-08-29T02:35:25.841395,AWS_GAU,drift,Temperature drifted by 1.32
2026-08-29T02:35:25.854406,AWS_MYQ,spike,pressure spiked by -98.85
2026-08-29T02:35:27.896252,AWS_MUM,drift,Temperature drifted by 2.01
2026-08-29T02:35:28.008178,AWS_MAA,drift,Temperature drifted by 2.44
2026-08-29T02:35:28.020631,AWS_CCU,frozen_value,Values frozen
2026-08-29T02:35:28.034990,AWS_PNQ,frozen_value,Values frozen
2026-08-29T02:35:28.088013,AWS_JAI,drift,Temperature drifted by 0.58
2026-08-29T02:35:28.117793,AWS_NAG,frozen_value,Values frozen
2026-08-29T02:35:28.146787,AWS_COK,frozen_value,Values frozen
2026-08-29T02:35:28.159200,AWS_TRV,drift,Temperature drifted by 4.08
2026-08-29T02:35:28.172146,AWS_PAT,frozen_value,Values frozen
2026-08-29T02:35:28.196728,AWS_GAU,drift,Temperature drifted by 1.52
2026-08-29T02:35:28.210077,AWS_MYQ,drift,Temperature drifted by 0.41
2026-08-29T02:35:30.227786,AWS_MUM,drift,Temperature drifted by 2.47
2026-08-29T02:35:30.248160,AWS_DEL,drift,Temperature drifted by 0.38
2026-08-29T02:35:30.287802,AWS_MAA,drift,Temperature drifted by 2.60
2026-08-29T02:35:30.309775,AWS_CCU,frozen_value,Values frozen
2026-08-29T02:35:30.325609,AWS_PNQ,frozen_value,Values frozen
2026-08-29T02:35:30.346587,AWS_JAI,drift,Temperature drifted by 0.73
2026-08-29T02:35:30.405179,AWS_COK,frozen_value,Values frozen
2026-08-29T02:35:30.436346,AWS_PAT,frozen_value,Values frozen
2026-08-29T02:35:30.463324,AWS_GAU,drift,Temperature drifted by 1.67
2026-08-29T02:35:30.477637,AWS_MYQ,drift,Temperature drifted by 0.62
2026-08-29T02:35:32.484557,AWS_MUM,drift,Temperature drifted by 2.62
2026-08-29T02:35:32.494764,AWS_DEL,drift,Temperature drifted by 0.58
2026-08-29T02:35:32.515305,AWS_MAA,drift,Temperature drifted by 2.79
2026-08-29T02:35:32.525991,AWS_CCU,frozen_value,Values frozen
2026-08-29T02:35:32.541151,AWS_PNQ,frozen_value,Values frozen
2026-08-29T02:35:32.558101,AWS_STV,drift,Temperature drifted by 0.44
2026-08-29T02:35:32.568711,AWS_JAI,drift,Temperature drifted by 0.91
2026-08-29T02:35:32.606692,AWS_COK,frozen_value,Values frozen
2026-08-29T02:35:32.631756,AWS_PAT,frozen_value,Values frozen
2026-08-29T02:35:32.659594,AWS_BBI,frozen_value,Values frozen
2026-08-29T02:35:32.694323,AWS_GAU,drift,Temperature drifted by 1.82
2026-08-29T02:35:32.734363,AWS_MYQ,drift,Temperature drifted by 1.02
2026-08-29T02:35:32.750914,AWS_CJB,cross_parameter_inconsistency,Physically inconsistent state
2026-08-29T02:35:34.783363,AWS_MUM,drift,Temperature drifted by 2.92
2026-08-29T02:35:34.788605,AWS_DEL,drift,Temperature drifted by 0.96
2026-08-29T02:35:34.798896,AWS_MAA,drift,Temperature drifted by 2.89
2026-08-29T02:35:34.803266,AWS_CCU,frozen_value,Values frozen
2026-08-29T02:35:34.808414,AWS_PNQ,frozen_value,Values frozen
2026-08-29T02:35:34.815495,AWS_AMD,spatial_outlier,Deviating from spatial trend
2026-08-29T02:35:34.820056,AWS_STV,drift,Temperature drifted by 0.93
2026-08-29T02:35:34.823515,AWS_JAI,drift,Temperature drifted by 1.22
2026-08-29T02:35:34.831314,AWS_IDR,frozen_value,Values frozen
2026-08-29T02:35:34.836195,AWS_COK,frozen_value,Values frozen
2026-08-29T02:35:34.840856,AWS_TRV,cross_parameter_inconsistency,Physically inconsistent state
2026-08-29T02:35:34.849247,AWS_PAT,frozen_value,Values frozen
2026-08-29T02:35:34.855692,AWS_BBI,frozen_value,Values frozen
2026-08-29T02:35:34.859432,AWS_GAU,drift,Temperature drifted by 2.05
2026-08-29T02:35:34.865727,AWS_MYQ,drift,Temperature drifted by 1.38
2026-08-29T02:35:36.874891,AWS_MUM,drift,Temperature drifted by 3.06
2026-08-29T02:35:36.884941,AWS_DEL,drift,Temperature drifted by 1.11
2026-08-29T02:35:36.900851,AWS_MAA,frozen_value,Values frozen
2026-08-29T02:35:36.907831,AWS_CCU,frozen_value,Values frozen
2026-08-29T02:35:36.916618,AWS_PNQ,frozen_value,Values frozen
2026-08-29T02:35:36.934214,AWS_STV,drift,Temperature drifted by 1.27
2026-08-29T02:35:36.945246,AWS_JAI,drift,Temperature drifted by 1.34
2026-08-29T02:35:36.962857,AWS_KNP,spike,temperature spiked by 29.43
2026-08-29T02:35:36.968751,AWS_NAG,drift,Temperature drifted by 0.17
2026-08-29T02:35:36.985514,AWS_IDR,frozen_value,Values frozen
2026-08-29T02:35:36.999389,AWS_COK,frozen_value,Values frozen
2026-08-29T02:35:37.020526,AWS_TRV,spike,pressure spiked by -98.36
2026-08-29T02:35:37.048500,AWS_PAT,frozen_value,Values frozen
2026-08-29T02:35:37.074533,AWS_IXC,frozen_value,Values frozen
2026-08-29T02:35:37.100291,AWS_BBI,frozen_value,Values frozen
2026-08-29T02:35:37.126816,AWS_IXR,cross_parameter_inconsistency,Physically inconsistent state
2026-08-29T02:35:37.145304,AWS_MYQ,drift,Temperature drifted by 1.76
2026-08-29T02:35:39.159835,AWS_MUM,drift,Temperature drifted by 3.44
2026-08-29T02:35:39.171032,AWS_DEL,drift,Temperature drifted by 1.49
2026-08-29T02:35:39.189645,AWS_BLR,cross_parameter_inconsistency,Physically inconsistent state
2026-08-29T02:35:39.212315,AWS_MAA,frozen_value,Values frozen
2026-08-29T02:35:39.235791,AWS_CCU,frozen_value,Values frozen
2026-08-29T02:35:39.256727,AWS_PNQ,frozen_value,Values frozen
2026-08-29T02:35:39.287525,AWS_STV,drift,Temperature drifted by 1.52
2026-08-29T02:35:39.324521,AWS_LKO,cross_parameter_inconsistency,Physically inconsistent state
2026-08-29T02:35:39.359091,AWS_NAG,drift,Temperature drifted by 0.59
2026-08-29T02:35:39.372215,AWS_IDR,frozen_value,Values frozen
2026-08-29T02:35:39.448075,AWS_PAT,frozen_value,Values frozen
2026-08-29T02:35:39.456319,AWS_IXC,frozen_value,Values frozen
2026-08-29T02:35:39.463534,AWS_BBI,frozen_value,Values frozen
2026-08-29T02:35:39.482969,AWS_MYQ,drift,Temperature drifted by 2.02
2026-08-29T02:35:41.499677,AWS_MUM,drift,Temperature drifted by 3.60
2026-08-29T02:35:41.507914,AWS_DEL,drift,Temperature drifted by 1.64
2026-08-29T02:35:41.538967,AWS_MAA,frozen_value,Values frozen
2026-08-29T02:35:41.559748,AWS_CCU,frozen_value,Values frozen
2026-08-29T02:35:41.575545,AWS_PNQ,frozen_value,Values frozen
2026-08-29T02:35:41.607462,AWS_AMD,drift,Temperature drifted by 0.19
2026-08-29T02:35:41.629727,AWS_STV,drift,Temperature drifted by 1.90
2026-08-29T02:35:41.689207,AWS_NAG,drift,Temperature drifted by 0.81
2026-08-29T02:35:41.702449,AWS_IDR,frozen_value,Values frozen
2026-08-29T02:35:41.749660,AWS_IXC,frozen_value,Values frozen
2026-08-29T02:35:41.771969,AWS_BBI,frozen_value,Values frozen
2026-08-29T02:35:41.802302,AWS_IXR,dropout,Reading dropped
2026-08-29T02:35:41.806905,AWS_MYQ,drift,Temperature drifted by 2.24
2026-08-29T02:35:43.824950,AWS_MUM,drift,Temperature drifted by 3.84
2026-08-29T02:35:43.855217,AWS_DEL,drift,Temperature drifted by 2.05
2026-08-29T02:35:43.884581,AWS_MAA,frozen_value,Values frozen
2026-08-29T02:35:43.939194,AWS_AMD,drift,Temperature drifted by 0.45
2026-08-29T02:35:43.959886,AWS_STV,drift,Temperature drifted by 2.31
2026-08-29T02:35:43.979929,AWS_LKO,drift,Temperature drifted by 0.29
2026-08-29T02:35:44.002011,AWS_NAG,drift,Temperature drifted by 1.06
2026-08-29T02:35:44.013105,AWS_IDR,frozen_value,Values frozen
2026-08-29T02:35:44.054053,AWS_VTZ,drift,Temperature drifted by 0.15
2026-08-29T02:35:44.087293,AWS_IXC,frozen_value,Values frozen
2026-08-29T02:35:44.103649,AWS_BBI,frozen_value,Values frozen
2026-08-29T02:35:44.118999,AWS_IXR,spatial_outlier,Deviating from spatial trend
2026-08-29T02:35:44.138546,AWS_MYQ,drift,Temperature drifted by 2.64
2026-08-29T02:35:46.156154,AWS_MUM,drift,Temperature drifted by 4.06
2026-08-29T02:35:46.162777,AWS_DEL,drift,Temperature drifted by 2.18
2026-08-29T02:35:46.178957,AWS_MAA,frozen_value,Values frozen
2026-08-29T02:35:46.185602,AWS_PNQ,frozen_value,Values frozen
2026-08-29T02:35:46.190500,AWS_AMD,drift,Temperature drifted by 0.55
2026-08-29T02:35:46.195895,AWS_STV,drift,Temperature drifted by 2.72
2026-08-29T02:35:46.201112,AWS_JAI,frozen_value,Values frozen
2026-08-29T02:35:46.210144,AWS_LKO,drift,Temperature drifted by 0.65
2026-08-29T02:35:46.226155,AWS_NAG,drift,Temperature drifted by 1.47
2026-08-29T02:35:46.239170,AWS_IDR,frozen_value,Values frozen
2026-08-29T02:35:46.262165,AWS_VTZ,drift,Temperature drifted by 0.30
2026-08-29T02:35:46.277209,AWS_IXC,frozen_value,Values frozen
2026-08-29T02:35:46.284641,AWS_BBI,frozen_value,Values frozen
2026-08-29T02:35:46.297501,AWS_MYQ,drift,Temperature drifted by 2.96
2026-08-29T02:35:46.302393,AWS_CJB,frozen_value,Values frozen
2026-08-29T02:35:48.314683,AWS_MUM,drift,Temperature drifted by 4.29
2026-08-29T02:35:48.323706,AWS_DEL,frozen_value,Values frozen
2026-08-29T02:35:48.363901,AWS_PNQ,frozen_value,Values frozen
2026-08-29T02:35:48.372593,AWS_AMD,drift,Temperature drifted by 0.73
2026-08-29T02:35:48.381157,AWS_STV,drift,Temperature drifted by 2.84
2026-08-29T02:35:48.388898,AWS_JAI,frozen_value,Values frozen
2026-08-29T02:35:48.403885,AWS_LKO,drift,Temperature drifted by 0.83
2026-08-29T02:35:48.484873,AWS_VTZ,drift,Temperature drifted by 0.78
2026-08-29T02:35:48.503735,AWS_IXC,frozen_value,Values frozen
2026-08-29T02:35:48.571718,AWS_MYQ,drift,Temperature drifted by 3.35
2026-08-29T02:35:48.590052,AWS_CJB,frozen_value,Values frozen
2026-08-29T02:35:50.621492,AWS_DEL,frozen_value,Values frozen
2026-08-29T02:35:50.660930,AWS_CCU,spatial_outlier,Deviating from spatial trend
2026-08-29T02:35:50.681388,AWS_PNQ,frozen_value,Values frozen
2026-08-29T02:35:50.700540,AWS_AMD,drift,Temperature drifted by 1.07
2026-08-29T02:35:50.713328,AWS_STV,drift,Temperature drifted by 3.22
2026-08-29T02:35:50.724981,AWS_JAI,frozen_value,Values frozen
2026-08-29T02:35:50.738653,AWS_LKO,drift,Temperature drifted by 1.06
2026-08-29T02:35:50.797053,AWS_VTZ,drift,Temperature drifted by 0.93
2026-08-29T02:35:50.847210,AWS_MYQ,drift,Temperature drifted by 3.65
2026-08-29T02:35:50.868016,AWS_CJB,frozen_value,Values frozen
2026-08-29T02:35:52.886631,AWS_MUM,drift,Temperature drifted by 0.49
2026-08-29T02:35:52.893081,AWS_DEL,frozen_value,Values frozen
2026-08-29T02:35:52.907589,AWS_CCU,spatial_outlier,Deviating from spatial trend
2026-08-29T02:35:52.916260,AWS_PNQ,frozen_value,Values frozen
2026-08-29T02:35:52.931686,AWS_AMD,drift,Temperature drifted by 1.50
2026-08-29T02:35:52.950224,AWS_STV,drift,Temperature drifted by 3.47
2026-08-29T02:35:52.960238,AWS_JAI,frozen_value,Values frozen
2026-08-29T02:35:52.968127,AWS_LKO,drift,Temperature drifted by 1.40
2026-08-29T02:35:53.012050,AWS_VTZ,drift,Temperature drifted by 1.26
2026-08-29T02:35:53.056062,AWS_CJB,frozen_value,Values frozen
2026-08-29T02:35:55.066320,AWS_MUM,drift,Temperature drifted by 0.76
2026-08-29T02:35:55.071151,AWS_DEL,frozen_value,Values frozen
2026-08-29T02:35:55.082701,AWS_CCU,cross_parameter_inconsistency,Physically inconsistent state
2026-08-29T02:35:55.086834,AWS_PNQ,frozen_value,Values frozen
2026-08-29T02:35:55.096998,AWS_AMD,drift,Temperature drifted by 1.64
2026-08-29T02:35:55.104012,AWS_JAI,frozen_value,Values frozen
2026-08-29T02:35:55.109078,AWS_LKO,drift,Temperature drifted by 1.56
2026-08-29T02:35:55.117858,AWS_NAG,frozen_value,Values frozen
2026-08-29T02:35:55.129841,AWS_BHO,spatial_outlier,Deviating from spatial trend
2026-08-29T02:35:55.144389,AWS_VTZ,drift,Temperature drifted by 1.59
2026-08-29T02:35:55.147502,AWS_PAT,frozen_value,Values frozen
2026-08-29T02:35:55.154286,AWS_BBI,dropout,Reading dropped
2026-08-29T02:35:55.168833,AWS_CJB,frozen_value,Values frozen
2026-08-29T02:35:57.181549,AWS_MUM,drift,Temperature drifted by 0.95
2026-08-29T02:35:57.190404,AWS_DEL,frozen_value,Values frozen
2026-08-29T02:35:57.206172,AWS_PNQ,frozen_value,Values frozen
2026-08-29T02:35:57.212735,AWS_AMD,drift,Temperature drifted by 1.80
2026-08-29T02:35:57.224589,AWS_JAI,frozen_value,Values frozen
2026-08-29T02:35:57.234261,AWS_NAG,frozen_value,Values frozen
2026-08-29T02:35:57.241883,AWS_BHO,cross_parameter_inconsistency,Physically inconsistent state
2026-08-29T02:35:57.251505,AWS_VTZ,drift,Temperature drifted by 1.83
2026-08-29T02:35:57.260142,AWS_PAT,frozen_value,Values frozen
2026-08-29T02:35:57.268432,AWS_BBI,dropout,Reading dropped
2026-08-29T02:35:57.272228,AWS_GAU,frozen_value,Values frozen
2026-08-29T02:35:57.279529,AWS_MYQ,cross_parameter_inconsistency,Physically inconsistent state
2026-08-29T02:35:57.286653,AWS_CJB,frozen_value,Values frozen
2026-08-29T02:35:59.297339,AWS_MUM,drift,Temperature drifted by 1.20
2026-08-29T02:35:59.330294,AWS_MAA,drift,Temperature drifted by 0.26
2026-08-29T02:35:59.346541,AWS_PNQ,frozen_value,Values frozen
2026-08-29T02:35:59.352009,AWS_AMD,drift,Temperature drifted by 2.21
2026-08-29T02:35:59.385734,AWS_JAI,frozen_value,Values frozen
2026-08-29T02:35:59.399088,AWS_LKO,spatial_outlier,Deviating from spatial trend
2026-08-29T02:35:59.430690,AWS_NAG,frozen_value,Values frozen
2026-08-29T02:35:59.443253,AWS_IDR,drift,Temperature drifted by 0.11
2026-08-29T02:35:59.506091,AWS_VTZ,drift,Temperature drifted by 2.25
2026-08-29T02:35:59.522544,AWS_PAT,frozen_value,Values frozen
2026-08-29T02:35:59.538738,AWS_BBI,dropout,Reading dropped
2026-08-29T02:35:59.541487,AWS_GAU,frozen_value,Values frozen
2026-08-29T02:35:59.556227,AWS_CJB,frozen_value,Values frozen
2026-08-29T02:36:01.563194,AWS_MUM,drift,Temperature drifted by 1.39
2026-08-29T02:36:01.588878,AWS_MAA,drift,Temperature drifted by 0.53
2026-08-29T02:36:01.597670,AWS_CCU,spatial_outlier,Deviating from spatial trend
2026-08-29T02:36:01.619848,AWS_AMD,cross_parameter_inconsistency,Physically inconsistent state
2026-08-29T02:36:01.645813,AWS_JAI,frozen_value,Values frozen
2026-08-29T02:36:01.665143,AWS_NAG,frozen_value,Values frozen
2026-08-29T02:36:01.670330,AWS_IDR,drift,Temperature drifted by 0.36
2026-08-29T02:36:01.733349,AWS_TRV,spike,pressure spiked by -83.47
2026-08-29T02:36:01.753916,AWS_VTZ,drift,Temperature drifted by 2.53
2026-08-29T02:36:01.765266,AWS_PAT,frozen_value,Values frozen
2026-08-29T02:36:01.785713,AWS_GAU,frozen_value,Values frozen
2026-08-29T02:36:01.804659,AWS_CJB,frozen_value,Values frozen
2026-08-29T02:36:03.816090,AWS_MUM,drift,Temperature drifted by 1.79
2026-08-29T02:36:03.831460,AWS_HYD,drift,Temperature drifted by 0.35
2026-08-29T02:36:03.850317,AWS_MAA,drift,Temperature drifted by 0.85
2026-08-29T02:36:03.907346,AWS_JAI,frozen_value,Values frozen
2026-08-29T02:36:03.957457,AWS_NAG,frozen_value,Values frozen
2026-08-29T02:36:03.973838,AWS_IDR,drift,Temperature drifted by 0.80
2026-08-29T02:36:04.035348,AWS_VTZ,drift,Temperature drifted by 2.90
2026-08-29T02:36:04.053298,AWS_PAT,frozen_value,Values frozen
2026-08-29T02:36:04.070645,AWS_IXC,cross_parameter_inconsistency,Physically inconsistent state
2026-08-29T02:36:04.102846,AWS_BBI,frozen_value,Values frozen
2026-08-29T02:36:04.123330,AWS_GAU,frozen_value,Values frozen
2026-08-29T02:36:04.158003,AWS_CJB,frozen_value,Values frozen
2026-08-29T02:36:06.170889,AWS_MUM,drift,Temperature drifted by 1.99
2026-08-29T02:36:06.230858,AWS_HYD,drift,Temperature drifted by 0.79
2026-08-29T02:36:06.262112,AWS_MAA,drift,Temperature drifted by 1.21
2026-08-29T02:36:06.290306,AWS_CCU,frozen_value,Values frozen
2026-08-29T02:36:06.355796,AWS_JAI,frozen_value,Values frozen
2026-08-29T02:36:06.403385,AWS_NAG,frozen_value,Values frozen
2026-08-29T02:36:06.419705,AWS_IDR,drift,Temperature drifted by 1.23
2026-08-29T02:36:06.451360,AWS_VTZ,drift,Temperature drifted by 3.06
2026-08-29T02:36:06.460072,AWS_PAT,frozen_value,Values frozen
2026-08-29T02:36:06.463955,AWS_IXC,dropout,Reading dropped
2026-08-29T02:36:06.467667,AWS_BBI,frozen_value,Values frozen
2026-08-29T02:36:06.471832,AWS_GAU,frozen_value,Values frozen
2026-08-29T02:36:06.478538,AWS_CJB,frozen_value,Values frozen
2026-08-29T02:36:08.486405,AWS_MUM,drift,Temperature drifted by 2.22
2026-08-29T02:36:08.493199,AWS_BLR,spatial_outlier,Deviating from spatial trend
2026-08-29T02:36:08.504505,AWS_HYD,drift,Temperature drifted by 1.06
2026-08-29T02:36:08.515542,AWS_MAA,drift,Temperature drifted by 1.66
2026-08-29T02:36:08.529931,AWS_CCU,frozen_value,Values frozen
2026-08-29T02:36:08.577773,AWS_JAI,frozen_value,Values frozen
2026-08-29T02:36:08.602511,AWS_NAG,spike,temperature spiked by 29.37
2026-08-29T02:36:08.609211,AWS_IDR,drift,Temperature drifted by 1.62
2026-08-29T02:36:08.632242,AWS_PAT,frozen_value,Values frozen
2026-08-29T02:36:08.641559,AWS_IXC,dropout,Reading dropped
2026-08-29T02:36:08.646815,AWS_BBI,frozen_value,Values frozen
2026-08-29T02:36:08.657256,AWS_GAU,frozen_value,Values frozen
2026-08-29T02:36:10.676181,AWS_MUM,drift,Temperature drifted by 2.66
2026-08-29T02:36:10.685363,AWS_BLR,drift,Temperature drifted by 0.15
2026-08-29T02:36:10.698829,AWS_HYD,drift,Temperature drifted by 1.26
2026-08-29T02:36:10.713811,AWS_CCU,frozen_value,Values frozen
2026-08-29T02:36:10.720982,AWS_AMD,frozen_value,Values frozen
2026-08-29T02:36:10.741772,AWS_JAI,frozen_value,Values frozen
2026-08-29T02:36:10.859110,AWS_PAT,frozen_value,Values frozen
2026-08-29T02:36:10.878304,AWS_BBI,frozen_value,Values frozen
2026-08-29T02:36:10.886191,AWS_GAU,frozen_value,Values frozen
2026-08-29T02:36:10.909368,AWS_IXR,dropout,Reading dropped
2026-08-29T02:36:12.927907,AWS_MUM,drift,Temperature drifted by 2.90
2026-08-29T02:36:12.942305,AWS_BLR,drift,Temperature drifted by 0.40
2026-08-29T02:36:12.950316,AWS_HYD,drift,Temperature drifted by 1.58
2026-08-29T02:36:12.986032,AWS_CCU,frozen_value,Values frozen
2026-08-29T02:36:13.009862,AWS_AMD,frozen_value,Values frozen
2026-08-29T02:36:13.045852,AWS_LKO,drift,Temperature drifted by 0.31
2026-08-29T02:36:13.110312,AWS_COK,spatial_outlier,Deviating from spatial trend
2026-08-29T02:36:13.151838,AWS_PAT,frozen_value,Values frozen
2026-08-29T02:36:13.170652,AWS_BBI,frozen_value,Values frozen
2026-08-29T02:36:13.173898,AWS_GAU,frozen_value,Values frozen
2026-08-29T02:36:13.176974,AWS_IXR,dropout,Reading dropped
2026-08-29T02:36:15.190900,AWS_MUM,drift,Temperature drifted by 3.22
2026-08-29T02:36:15.227849,AWS_BLR,drift,Temperature drifted by 0.64
2026-08-29T02:36:15.236079,AWS_HYD,drift,Temperature drifted by 1.97
2026-08-29T02:36:15.281027,AWS_CCU,frozen_value,Values frozen
2026-08-29T02:36:15.308871,AWS_AMD,frozen_value,Values frozen
2026-08-29T02:36:15.330006,AWS_STV,spike,pressure spiked by 68.92
2026-08-29T02:36:15.364552,AWS_JAI,cross_parameter_inconsistency,Physically inconsistent state
2026-08-29T02:36:15.394192,AWS_LKO,drift,Temperature drifted by 0.76
2026-08-29T02:36:15.469470,AWS_BHO,spike,temperature spiked by -29.34
2026-08-29T02:36:15.490923,AWS_PAT,frozen_value,Values frozen
2026-08-29T02:36:15.498975,AWS_BBI,frozen_value,Values frozen
2026-08-29T02:36:15.504329,AWS_GAU,frozen_value,Values frozen
2026-08-29T02:36:15.516821,AWS_MYQ,cross_parameter_inconsistency,Physically inconsistent state
2026-08-29T02:36:17.543720,AWS_BLR,drift,Temperature drifted by 0.83
2026-08-29T02:36:17.549840,AWS_HYD,drift,Temperature drifted by 2.10
2026-08-29T02:36:17.559453,AWS_CCU,frozen_value,Values frozen
2026-08-29T02:36:17.578161,AWS_AMD,frozen_value,Values frozen
2026-08-29T02:36:17.596265,AWS_JAI,spike,temperature spiked by -14.39
2026-08-29T02:36:17.607386,AWS_LKO,drift,Temperature drifted by 1.03
2026-08-29T02:36:17.640877,AWS_BHO,spike,pressure spiked by -109.87
2026-08-29T02:36:17.660733,AWS_PAT,frozen_value,Values frozen
2026-08-29T02:36:17.679973,AWS_BBI,frozen_value,Values frozen
2026-08-29T02:36:17.720854,AWS_MYQ,cross_parameter_inconsistency,Physically inconsistent state
2026-08-29T02:36:19.754305,AWS_DEL,dropout,Reading dropped
2026-08-29T02:36:19.757051,AWS_BLR,drift,Temperature drifted by 1.02
2026-08-29T02:36:19.769005,AWS_HYD,drift,Temperature drifted by 2.30
2026-08-29T02:36:19.791106,AWS_CCU,frozen_value,Values frozen
2026-08-29T02:36:19.807305,AWS_PNQ,spike,humidity spiked by -16.40
2026-08-29T02:36:19.824130,AWS_AMD,frozen_value,Values frozen
2026-08-29T02:36:19.839944,AWS_STV,dropout,Reading dropped
2026-08-29T02:36:19.866453,AWS_LKO,drift,Temperature drifted by 1.22
2026-08-29T02:36:19.884074,AWS_KNP,dropout,Reading dropped
2026-08-29T02:36:19.890549,AWS_NAG,cross_parameter_inconsistency,Physically inconsistent state
2026-08-29T02:36:19.985358,AWS_PAT,frozen_value,Values frozen
2026-08-29T02:36:22.051487,AWS_DEL,dropout,Reading dropped
2026-08-29T02:36:22.057715,AWS_BLR,drift,Temperature drifted by 1.37
2026-08-29T02:36:22.068143,AWS_HYD,drift,Temperature drifted by 2.43
2026-08-29T02:36:22.083512,AWS_CCU,frozen_value,Values frozen
2026-08-29T02:36:22.104130,AWS_AMD,frozen_value,Values frozen
2026-08-29T02:36:22.144229,AWS_LKO,drift,Temperature drifted by 1.50
2026-08-29T02:36:22.160129,AWS_KNP,dropout,Reading dropped
2026-08-29T02:36:22.168103,AWS_NAG,spatial_outlier,Deviating from spatial trend
2026-08-29T02:36:22.209929,AWS_BHO,spike,pressure spiked by 132.45
2026-08-29T02:36:22.246169,AWS_TRV,cross_parameter_inconsistency,Physically inconsistent state
2026-08-29T02:36:22.300225,AWS_PAT,frozen_value,Values frozen
2026-08-29T02:36:22.341231,AWS_MYQ,dropout,Reading dropped
2026-08-29T02:36:24.357881,AWS_MUM,drift,Temperature drifted by 0.47
2026-08-29T02:36:24.363629,AWS_DEL,dropout,Reading dropped
2026-08-29T02:36:24.368780,AWS_BLR,drift,Temperature drifted by 1.60
2026-08-29T02:36:24.374863,AWS_HYD,drift,Temperature drifted by 2.57
2026-08-29T02:36:24.384411,AWS_MAA,spike,pressure spiked by -130.79
2026-08-29T02:36:24.391997,AWS_CCU,frozen_value,Values frozen
2026-08-29T02:36:24.413672,AWS_AMD,frozen_value,Values frozen
2026-08-29T02:36:24.494554,AWS_LKO,drift,Temperature drifted by 1.63
2026-08-29T02:36:24.511652,AWS_KNP,dropout,Reading dropped
2026-08-29T02:36:24.519444,AWS_NAG,spatial_outlier,Deviating from spatial trend
2026-08-29T02:36:24.598286,AWS_BBI,frozen_value,Values frozen
2026-08-29T02:36:24.629199,AWS_MYQ,dropout,Reading dropped
2026-08-29T02:36:26.636393,AWS_MUM,drift,Temperature drifted by 0.57
2026-08-29T02:36:26.640714,AWS_DEL,spike,pressure spiked by 50.24
2026-08-29T02:36:26.645902,AWS_BLR,drift,Temperature drifted by 2.04
2026-08-29T02:36:26.653657,AWS_HYD,drift,Temperature drifted by 3.05
2026-08-29T02:36:26.658347,AWS_MAA,cross_parameter_inconsistency,Physically inconsistent state
2026-08-29T02:36:26.664433,AWS_CCU,frozen_value,Values frozen
2026-08-29T02:36:26.687691,AWS_AMD,frozen_value,Values frozen
2026-08-29T02:36:26.739539,AWS_LKO,drift,Temperature drifted by 1.92
2026-08-29T02:36:26.778355,AWS_IDR,frozen_value,Values frozen
2026-08-29T02:36:26.844482,AWS_IXC,cross_parameter_inconsistency,Physically inconsistent state
2026-08-29T02:36:26.877580,AWS_BBI,frozen_value,Values frozen
2026-08-29T02:36:26.902643,AWS_GAU,cross_parameter_inconsistency,Physically inconsistent state
2026-08-29T02:36:26.934325,AWS_MYQ,drift,Temperature drifted by 0.30
2026-08-29T02:36:28.959219,AWS_MUM,drift,Temperature drifted by 1.00
2026-08-29T02:36:28.971519,AWS_BLR,drift,Temperature drifted by 2.49
2026-08-29T02:36:28.979153,AWS_HYD,drift,Temperature drifted by 3.22
2026-08-29T02:36:28.995215,AWS_MAA,spatial_outlier,Deviating from spatial trend
2026-08-29T02:36:29.004421,AWS_CCU,frozen_value,Values frozen
2026-08-29T02:36:29.019937,AWS_AMD,frozen_value,Values frozen
2026-08-29T02:36:29.035765,AWS_LKO,drift,Temperature drifted by 2.02
2026-08-29T02:36:29.044342,AWS_KNP,dropout,Reading dropped
2026-08-29T02:36:29.054630,AWS_IDR,frozen_value,Values frozen
2026-08-29T02:36:29.061923,AWS_BHO,dropout,Reading dropped
2026-08-29T02:36:29.064237,AWS_COK,dropout,Reading dropped
2026-08-29T02:36:29.077013,AWS_BBI,frozen_value,Values frozen
2026-08-29T02:36:29.102394,AWS_MYQ,drift,Temperature drifted by 0.65
2026-08-29T02:36:31.117419,AWS_MUM,drift,Temperature drifted by 1.18
2026-08-29T02:36:31.124871,AWS_BLR,drift,Temperature drifted by 2.91
2026-08-29T02:36:31.133441,AWS_HYD,drift,Temperature drifted by 3.66
2026-08-29T02:36:31.140863,AWS_MAA,drift,Temperature drifted by 0.25
2026-08-29T02:36:31.152703,AWS_CCU,frozen_value,Values frozen
2026-08-29T02:36:31.178543,AWS_AMD,frozen_value,Values frozen
2026-08-29T02:36:31.184776,AWS_STV,dropout,Reading dropped
2026-08-29T02:36:31.196528,AWS_LKO,drift,Temperature drifted by 2.22
2026-08-29T02:36:31.204692,AWS_KNP,spike,temperature spiked by -13.60
2026-08-29T02:36:31.217662,AWS_NAG,frozen_value,Values frozen
2026-08-29T02:36:31.224620,AWS_IDR,frozen_value,Values frozen
2026-08-29T02:36:31.235342,AWS_COK,dropout,Reading dropped
2026-08-29T02:36:31.239750,AWS_TRV,dropout,Reading dropped
2026-08-29T02:36:31.244422,AWS_VTZ,frozen_value,Values frozen
2026-08-29T02:36:31.264526,AWS_BBI,frozen_value,Values frozen
2026-08-29T02:36:31.276388,AWS_MYQ,drift,Temperature drifted by 0.90
2026-08-29T02:36:33.283306,AWS_MUM,drift,Temperature drifted by 1.46
2026-08-29T02:36:33.294809,AWS_BLR,drift,Temperature drifted by 3.06
2026-08-29T02:36:33.309745,AWS_MAA,drift,Temperature drifted by 0.69
2026-08-29T02:36:33.315134,AWS_CCU,frozen_value,Values frozen
2026-08-29T02:36:33.320037,AWS_AMD,frozen_value,Values frozen
2026-08-29T02:36:33.324139,AWS_STV,dropout,Reading dropped
2026-08-29T02:36:33.327545,AWS_JAI,cross_parameter_inconsistency,Physically inconsistent state
2026-08-29T02:36:33.331377,AWS_LKO,drift,Temperature drifted by 2.60
2026-08-29T02:36:33.336009,AWS_NAG,frozen_value,Values frozen
2026-08-29T02:36:33.339697,AWS_IDR,frozen_value,Values frozen
2026-08-29T02:36:33.345089,AWS_COK,spatial_outlier,Deviating from spatial trend
2026-08-29T02:36:33.348753,AWS_TRV,dropout,Reading dropped
2026-08-29T02:36:33.351880,AWS_VTZ,frozen_value,Values frozen
2026-08-29T02:36:33.362896,AWS_BBI,frozen_value,Values frozen
2026-08-29T02:36:33.371343,AWS_MYQ,drift,Temperature drifted by 1.30
2026-08-29T02:36:35.376186,AWS_MUM,drift,Temperature drifted by 1.64
2026-08-29T02:36:35.388979,AWS_BLR,drift,Temperature drifted by 3.25
2026-08-29T02:36:35.400032,AWS_MAA,drift,Temperature drifted by 1.08
2026-08-29T02:36:35.406917,AWS_PNQ,frozen_value,Values frozen
2026-08-29T02:36:35.412833,AWS_STV,dropout,Reading dropped
2026-08-29T02:36:35.418228,AWS_LKO,drift,Temperature drifted by 2.93
2026-08-29T02:36:35.425075,AWS_NAG,frozen_value,Values frozen
2026-08-29T02:36:35.429602,AWS_IDR,frozen_value,Values frozen
2026-08-29T02:36:35.437947,AWS_TRV,dropout,Reading dropped
2026-08-29T02:36:35.440277,AWS_VTZ,frozen_value,Values frozen
2026-08-29T02:36:35.448860,AWS_IXC,cross_parameter_inconsistency,Physically inconsistent state
2026-08-29T02:36:35.467687,AWS_BBI,frozen_value,Values frozen
2026-08-29T02:36:35.488777,AWS_GAU,cross_parameter_inconsistency,Physically inconsistent state
2026-08-29T02:36:35.514249,AWS_MYQ,drift,Temperature drifted by 1.58
2026-08-29T02:36:37.532288,AWS_MUM,drift,Temperature drifted by 1.80
2026-08-29T02:36:37.549257,AWS_BLR,drift,Temperature drifted by 3.68
2026-08-29T02:36:37.559588,AWS_MAA,drift,Temperature drifted by 1.31
2026-08-29T02:36:37.574242,AWS_PNQ,frozen_value,Values frozen
2026-08-29T02:36:37.582786,AWS_STV,spike,humidity spiked by -19.10
2026-08-29T02:36:37.589085,AWS_LKO,drift,Temperature drifted by 3.04
2026-08-29T02:36:37.596246,AWS_NAG,frozen_value,Values frozen
2026-08-29T02:36:37.603911,AWS_IDR,frozen_value,Values frozen
2026-08-29T02:36:37.617064,AWS_TRV,cross_parameter_inconsistency,Physically inconsistent state
2026-08-29T02:36:37.623617,AWS_VTZ,frozen_value,Values frozen
2026-08-29T02:36:37.632975,AWS_IXC,cross_parameter_inconsistency,Physically inconsistent state
2026-08-29T02:36:37.638396,AWS_BBI,frozen_value,Values frozen
2026-08-29T02:36:37.649129,AWS_CJB,spatial_outlier,Deviating from spatial trend
2026-08-29T02:36:39.655272,AWS_MUM,drift,Temperature drifted by 2.24
2026-08-29T02:36:39.673679,AWS_BLR,drift,Temperature drifted by 3.78
2026-08-29T02:36:39.687079,AWS_HYD,drift,Temperature drifted by 0.17
2026-08-29T02:36:39.696188,AWS_MAA,drift,Temperature drifted by 1.74
2026-08-29T02:36:39.707755,AWS_CCU,spike,humidity spiked by -24.41
2026-08-29T02:36:39.729449,AWS_PNQ,frozen_value,Values frozen
2026-08-29T02:36:39.748360,AWS_AMD,spatial_outlier,Deviating from spatial trend
2026-08-29T02:36:39.782523,AWS_JAI,spike,pressure spiked by 81.76
2026-08-29T02:36:39.801691,AWS_LKO,drift,Temperature drifted by 3.27
2026-08-29T02:36:39.826950,AWS_NAG,frozen_value,Values frozen
2026-08-29T02:36:39.837822,AWS_IDR,frozen_value,Values frozen
2026-08-29T02:36:39.851162,AWS_COK,frozen_value,Values frozen
2026-08-29T02:36:39.860294,AWS_VTZ,frozen_value,Values frozen
2026-08-29T02:36:39.873081,AWS_BBI,frozen_value,Values frozen
2026-08-29T02:36:39.881277,AWS_CJB,frozen_value,Values frozen
2026-08-29T02:36:41.891005,AWS_DEL,frozen_value,Values frozen
2026-08-29T02:36:41.899835,AWS_HYD,drift,Temperature drifted by 0.57
2026-08-29T02:36:41.903603,AWS_MAA,drift,Temperature drifted by 1.89
2026-08-29T02:36:41.908117,AWS_PNQ,frozen_value,Values frozen
2026-08-29T02:36:41.923842,AWS_STV,drift,Temperature drifted by 0.44
2026-08-29T02:36:41.930024,AWS_LKO,drift,Temperature drifted by 3.40
2026-08-29T02:36:41.934683,AWS_NAG,frozen_value,Values frozen
2026-08-29T02:36:41.940472,AWS_IDR,frozen_value,Values frozen
2026-08-29T02:36:41.952675,AWS_COK,frozen_value,Values frozen
2026-08-29T02:36:41.992802,AWS_VTZ,frozen_value,Values frozen
2026-08-29T02:36:42.012690,AWS_BBI,frozen_value,Values frozen
2026-08-29T02:36:42.028791,AWS_CJB,frozen_value,Values frozen
2026-08-29T02:36:44.043574,AWS_DEL,frozen_value,Values frozen
2026-08-29T02:36:44.048026,AWS_BLR,drift,Temperature drifted by 0.32
2026-08-29T02:36:44.052619,AWS_HYD,drift,Temperature drifted by 1.03
2026-08-29T02:36:44.056893,AWS_MAA,drift,Temperature drifted by 2.30
2026-08-29T02:36:44.062360,AWS_PNQ,frozen_value,Values frozen
2026-08-29T02:36:44.071658,AWS_STV,drift,Temperature drifted by 0.79
2026-08-29T02:36:44.076180,AWS_JAI,dropout,Reading dropped
2026-08-29T02:36:44.082804,AWS_IDR,frozen_value,Values frozen
2026-08-29T02:36:44.090352,AWS_COK,frozen_value,Values frozen
2026-08-29T02:36:44.102749,AWS_VTZ,frozen_value,Values frozen
2026-08-29T02:36:44.108838,AWS_IXC,dropout,Reading dropped
2026-08-29T02:36:44.111562,AWS_BBI,frozen_value,Values frozen
2026-08-29T02:36:44.122770,AWS_IXR,frozen_value,Values frozen
2026-08-29T02:36:44.143359,AWS_MYQ,spike,humidity spiked by -22.13
2026-08-29T02:36:44.165498,AWS_CJB,frozen_value,Values frozen
2026-08-29T02:36:46.197458,AWS_DEL,frozen_value,Values frozen
2026-08-29T02:36:46.224549,AWS_BLR,drift,Temperature drifted by 0.50
2026-08-29T02:36:46.251039,AWS_HYD,drift,Temperature drifted by 1.39
2026-08-29T02:36:46.271307,AWS_MAA,drift,Temperature drifted by 2.44
2026-08-29T02:36:46.305522,AWS_PNQ,frozen_value,Values frozen
2026-08-29T02:36:46.330967,AWS_STV,drift,Temperature drifted by 1.08
2026-08-29T02:36:46.353563,AWS_JAI,dropout,Reading dropped
2026-08-29T02:36:46.383420,AWS_KNP,cross_parameter_inconsistency,Physically inconsistent state
2026-08-29T02:36:46.428002,AWS_COK,frozen_value,Values frozen
2026-08-29T02:36:46.462884,AWS_VTZ,frozen_value,Values frozen
2026-08-29T02:36:46.504433,AWS_BBI,frozen_value,Values frozen
2026-08-29T02:36:46.546229,AWS_IXR,frozen_value,Values frozen
2026-08-29T02:36:46.571005,AWS_CJB,frozen_value,Values frozen
2026-08-29T02:36:48.591680,AWS_DEL,frozen_value,Values frozen
2026-08-29T02:36:48.612200,AWS_BLR,drift,Temperature drifted by 0.74
2026-08-29T02:36:48.619746,AWS_HYD,drift,Temperature drifted by 1.68
2026-08-29T02:36:48.627052,AWS_MAA,drift,Temperature drifted by 2.75
2026-08-29T02:36:48.644217,AWS_PNQ,frozen_value,Values frozen
2026-08-29T02:36:48.659707,AWS_STV,drift,Temperature drifted by 1.55
2026-08-29T02:36:48.669170,AWS_JAI,dropout,Reading dropped
2026-08-29T02:36:48.684766,AWS_NAG,spatial_outlier,Deviating from spatial trend
2026-08-29T02:36:48.725507,AWS_COK,frozen_value,Values frozen
2026-08-29T02:36:48.775104,AWS_VTZ,frozen_value,Values frozen
2026-08-29T02:36:48.829744,AWS_IXR,frozen_value,Values frozen
2026-08-29T02:36:48.848451,AWS_CJB,frozen_value,Values frozen
2026-08-29T02:36:50.866809,AWS_DEL,frozen_value,Values frozen
2026-08-29T02:36:50.869971,AWS_BLR,drift,Temperature drifted by 0.90
2026-08-29T02:36:50.879549,AWS_HYD,drift,Temperature drifted by 2.14
2026-08-29T02:36:50.885023,AWS_MAA,drift,Temperature drifted by 3.14
2026-08-29T02:36:50.892041,AWS_CCU,cross_parameter_inconsistency,Physically inconsistent state
2026-08-29T02:36:50.896987,AWS_PNQ,frozen_value,Values frozen
2026-08-29T02:36:50.903398,AWS_STV,drift,Temperature drifted by 2.04
2026-08-29T02:36:50.912150,AWS_LKO,dropout,Reading dropped
2026-08-29T02:36:50.918517,AWS_IDR,drift,Temperature drifted by 0.31
2026-08-29T02:36:50.934384,AWS_COK,frozen_value,Values frozen
2026-08-29T02:36:50.961989,AWS_VTZ,frozen_value,Values frozen
2026-08-29T02:36:51.000489,AWS_IXR,frozen_value,Values frozen
2026-08-29T02:36:51.009940,AWS_CJB,frozen_value,Values frozen
2026-08-29T02:36:53.020700,AWS_DEL,frozen_value,Values frozen
2026-08-29T02:36:53.028815,AWS_BLR,drift,Temperature drifted by 1.28
2026-08-29T02:36:53.032290,AWS_HYD,drift,Temperature drifted by 2.31
2026-08-29T02:36:53.035266,AWS_MAA,drift,Temperature drifted by 3.36
2026-08-29T02:36:53.039194,AWS_PNQ,frozen_value,Values frozen
2026-08-29T02:36:53.043913,AWS_AMD,dropout,Reading dropped
2026-08-29T02:36:53.047153,AWS_STV,drift,Temperature drifted by 2.41
2026-08-29T02:36:53.051654,AWS_JAI,dropout,Reading dropped
2026-08-29T02:36:53.054823,AWS_LKO,dropout,Reading dropped
2026-08-29T02:36:53.059293,AWS_NAG,frozen_value,Values frozen
2026-08-29T02:36:53.063442,AWS_IDR,drift,Temperature drifted by 0.66
2026-08-29T02:36:53.068528,AWS_COK,frozen_value,Values frozen
2026-08-29T02:36:53.074251,AWS_VTZ,frozen_value,Values frozen
2026-08-29T02:36:53.077836,AWS_PAT,cross_parameter_inconsistency,Physically inconsistent state
2026-08-29T02:36:53.082066,AWS_IXC,drift,Temperature drifted by 0.22
2026-08-29T02:36:53.085798,AWS_BBI,dropout,Reading dropped
2026-08-29T02:36:53.087833,AWS_GAU,frozen_value,Values frozen
2026-08-29T02:36:53.093045,AWS_IXR,frozen_value,Values frozen
2026-08-29T02:36:53.097959,AWS_MYQ,spatial_outlier,Deviating from spatial trend
2026-08-29T02:36:53.102200,AWS_CJB,frozen_value,Values frozen
2026-08-29T02:36:55.133808,AWS_BLR,drift,Temperature drifted by 1.56
2026-08-29T02:36:55.147465,AWS_HYD,drift,Temperature drifted by 2.78
2026-08-29T02:36:55.156048,AWS_MAA,drift,Temperature drifted by 3.62
2026-08-29T02:36:55.186017,AWS_PNQ,frozen_value,Values frozen
2026-08-29T02:36:55.221951,AWS_AMD,dropout,Reading dropped
2026-08-29T02:36:55.230334,AWS_STV,drift,Temperature drifted by 2.82
2026-08-29T02:36:55.244084,AWS_JAI,dropout,Reading dropped
2026-08-29T02:36:55.253921,AWS_KNP,frozen_value,Values frozen
2026-08-29T02:36:55.264318,AWS_NAG,frozen_value,Values frozen
2026-08-29T02:36:55.271827,AWS_IDR,drift,Temperature drifted by 1.13
2026-08-29T02:36:55.278465,AWS_BHO,drift,Temperature drifted by 0.42
2026-08-29T02:36:55.282425,AWS_COK,frozen_value,Values frozen
2026-08-29T02:36:55.292361,AWS_VTZ,frozen_value,Values frozen
2026-08-29T02:36:55.300982,AWS_IXC,drift,Temperature drifted by 0.61
2026-08-29T02:36:55.317458,AWS_BBI,dropout,Reading dropped
2026-08-29T02:36:55.324543,AWS_GAU,frozen_value,Values frozen
2026-08-29T02:36:55.332352,AWS_IXR,frozen_value,Values frozen
2026-08-29T02:36:55.345906,AWS_CJB,frozen_value,Values frozen
2026-08-29T02:36:57.361036,AWS_MUM,spike,temperature spiked by -25.92
2026-08-29T02:36:57.393048,AWS_BLR,drift,Temperature drifted by 1.92
2026-08-29T02:36:57.416192,AWS_HYD,drift,Temperature drifted by 3.17
2026-08-29T02:36:57.470446,AWS_PNQ,frozen_value,Values frozen
2026-08-29T02:36:57.488813,AWS_AMD,dropout,Reading dropped
2026-08-29T02:36:57.503490,AWS_STV,drift,Temperature drifted by 3.27
2026-08-29T02:36:57.518648,AWS_JAI,dropout,Reading dropped
2026-08-29T02:36:57.526530,AWS_KNP,frozen_value,Values frozen
2026-08-29T02:36:57.530105,AWS_NAG,frozen_value,Values frozen
2026-08-29T02:36:57.534591,AWS_IDR,drift,Temperature drifted by 1.43
2026-08-29T02:36:57.540926,AWS_BHO,drift,Temperature drifted by 0.76
2026-08-29T02:36:57.547870,AWS_VTZ,frozen_value,Values frozen
2026-08-29T02:36:57.562825,AWS_IXC,drift,Temperature drifted by 1.01
2026-08-29T02:36:57.574534,AWS_BBI,dropout,Reading dropped
2026-08-29T02:36:57.577901,AWS_GAU,frozen_value,Values frozen
2026-08-29T02:36:57.595033,AWS_IXR,frozen_value,Values frozen
2026-08-29T02:36:57.611347,AWS_CJB,frozen_value,Values frozen
2026-08-29T02:36:59.622586,AWS_MUM,drift,Temperature drifted by 0.29
2026-08-29T02:36:59.658119,AWS_BLR,drift,Temperature drifted by 2.23
2026-08-29T02:36:59.667337,AWS_HYD,drift,Temperature drifted by 3.42
2026-08-29T02:36:59.708806,AWS_STV,drift,Temperature drifted by 3.66
2026-08-29T02:36:59.715042,AWS_JAI,spike,humidity spiked by 14.95
2026-08-29T02:36:59.730202,AWS_KNP,frozen_value,Values frozen
2026-08-29T02:36:59.738959,AWS_NAG,frozen_value,Values frozen
2026-08-29T02:36:59.745760,AWS_IDR,drift,Temperature drifted by 1.64
2026-08-29T02:36:59.751624,AWS_BHO,drift,Temperature drifted by 1.10
2026-08-29T02:36:59.759140,AWS_COK,frozen_value,Values frozen
2026-08-29T02:36:59.767066,AWS_VTZ,frozen_value,Values frozen
2026-08-29T02:36:59.777279,AWS_IXC,drift,Temperature drifted by 1.26
2026-08-29T02:36:59.785094,AWS_GAU,frozen_value,Values frozen
2026-08-29T02:36:59.795158,AWS_IXR,frozen_value,Values frozen
2026-08-29T02:36:59.800690,AWS_CJB,frozen_value,Values frozen
2026-08-29T02:37:01.809751,AWS_MUM,drift,Temperature drifted by 0.60
2026-08-29T02:37:01.816996,AWS_BLR,drift,Temperature drifted by 2.55
2026-08-29T02:37:01.830950,AWS_STV,drift,Temperature drifted by 3.89
2026-08-29T02:37:01.840907,AWS_KNP,frozen_value,Values frozen
2026-08-29T02:37:01.844500,AWS_NAG,frozen_value,Values frozen
2026-08-29T02:37:01.848524,AWS_IDR,drift,Temperature drifted by 1.93
2026-08-29T02:37:01.851366,AWS_BHO,drift,Temperature drifted by 1.51
2026-08-29T02:37:01.854943,AWS_COK,frozen_value,Values frozen
2026-08-29T02:37:01.866902,AWS_IXC,drift,Temperature drifted by 1.50
2026-08-29T02:37:01.872425,AWS_GAU,frozen_value,Values frozen
2026-08-29T02:37:01.876623,AWS_IXR,cross_parameter_inconsistency,Physically inconsistent state
2026-08-29T02:37:01.881145,AWS_MYQ,cross_parameter_inconsistency,Physically inconsistent state
2026-08-29T02:37:01.885039,AWS_CJB,frozen_value,Values frozen
2026-08-29T02:37:03.891306,AWS_MUM,drift,Temperature drifted by 0.71
2026-08-29T02:37:03.905010,AWS_BLR,cross_parameter_inconsistency,Physically inconsistent state
2026-08-29T02:37:03.915994,AWS_MAA,cross_parameter_inconsistency,Physically inconsistent state
2026-08-29T02:37:03.945854,AWS_STV,drift,Temperature drifted by 4.12
2026-08-29T02:37:03.977356,AWS_KNP,frozen_value,Values frozen
2026-08-29T02:37:03.984831,AWS_NAG,frozen_value,Values frozen
2026-08-29T02:37:03.997834,AWS_IDR,drift,Temperature drifted by 2.31
2026-08-29T02:37:04.010020,AWS_BHO,drift,Temperature drifted by 1.83
2026-08-29T02:37:04.019415,AWS_COK,frozen_value,Values frozen
2026-08-29T02:37:04.029503,AWS_IXC,drift,Temperature drifted by 1.65
2026-08-29T02:37:04.042783,AWS_CJB,frozen_value,Values frozen
2026-08-29T02:37:06.048073,AWS_MUM,drift,Temperature drifted by 1.08
2026-08-29T02:37:06.052853,AWS_DEL,cross_parameter_inconsistency,Physically inconsistent state
2026-08-29T02:37:06.063811,AWS_PNQ,spatial_outlier,Deviating from spatial trend
2026-08-29T02:37:06.070319,AWS_STV,drift,Temperature drifted by 4.42
2026-08-29T02:37:06.086015,AWS_KNP,frozen_value,Values frozen
2026-08-29T02:37:06.091641,AWS_NAG,frozen_value,Values frozen
2026-08-29T02:37:06.097405,AWS_IDR,drift,Temperature drifted by 2.70
2026-08-29T02:37:06.104859,AWS_BHO,drift,Temperature drifted by 2.18
2026-08-29T02:37:06.112567,AWS_COK,frozen_value,Values frozen
2026-08-29T02:37:06.120137,AWS_VTZ,spike,humidity spiked by 22.40
2026-08-29T02:37:06.128454,AWS_IXC,drift,Temperature drifted by 2.14
2026-08-29T02:37:06.152567,AWS_MYQ,cross_parameter_inconsistency,Physically inconsistent state
2026-08-29T02:37:08.175943,AWS_MUM,drift,Temperature drifted by 1.35
2026-08-29T02:37:08.234430,AWS_STV,drift,Temperature drifted by 4.86
2026-08-29T02:37:08.263888,AWS_KNP,frozen_value,Values frozen
2026-08-29T02:37:08.267878,AWS_NAG,frozen_value,Values frozen
2026-08-29T02:37:08.271331,AWS_IDR,drift,Temperature drifted by 3.17
2026-08-29T02:37:08.276173,AWS_BHO,drift,Temperature drifted by 2.60
2026-08-29T02:37:08.283385,AWS_COK,frozen_value,Values frozen
2026-08-29T02:37:08.291887,AWS_IXC,drift,Temperature drifted by 2.63
2026-08-29T02:37:10.300433,AWS_MUM,drift,Temperature drifted by 1.57
2026-08-29T02:37:10.312583,AWS_BLR,spatial_outlier,Deviating from spatial trend
2026-08-29T02:37:10.332843,AWS_STV,drift,Temperature drifted by 5.33
2026-08-29T02:37:10.350539,AWS_KNP,frozen_value,Values frozen
2026-08-29T02:37:10.367507,AWS_NAG,frozen_value,Values frozen
2026-08-29T02:37:10.390498,AWS_IDR,drift,Temperature drifted by 3.50
2026-08-29T02:37:10.418604,AWS_BHO,drift,Temperature drifted by 2.99
2026-08-29T02:37:10.436906,AWS_COK,frozen_value,Values frozen
2026-08-29T02:37:10.465087,AWS_PAT,spike,humidity spiked by 22.89
2026-08-29T02:37:12.534094,AWS_KNP,frozen_value,Values frozen
2026-08-29T02:37:12.541051,AWS_NAG,frozen_value,Values frozen
2026-08-29T02:37:12.545186,AWS_IDR,drift,Temperature drifted by 3.79
2026-08-29T02:37:12.549416,AWS_BHO,drift,Temperature drifted by 3.42
2026-08-29T02:37:12.555583,AWS_COK,frozen_value,Values frozen
2026-08-29T02:37:14.626907,AWS_LKO,frozen_value,Values frozen
2026-08-29T02:37:14.636621,AWS_KNP,frozen_value,Values frozen
2026-08-29T02:37:14.647701,AWS_NAG,frozen_value,Values frozen
2026-08-29T02:37:14.676845,AWS_COK,frozen_value,Values frozen
2026-08-29T02:37:14.706746,AWS_TRV,drift,Temperature drifted by 0.13
2026-08-29T02:37:14.713545,AWS_VTZ,frozen_value,Values frozen
2026-08-29T02:37:16.859552,AWS_PNQ,spatial_outlier,Deviating from spatial trend
2026-08-29T02:37:16.875025,AWS_AMD,dropout,Reading dropped
2026-08-29T02:37:16.904645,AWS_LKO,frozen_value,Values frozen
2026-08-29T02:37:16.929486,AWS_KNP,frozen_value,Values frozen
2026-08-29T02:37:16.937234,AWS_NAG,frozen_value,Values frozen
2026-08-29T02:37:16.944774,AWS_IDR,cross_parameter_inconsistency,Physically inconsistent state
2026-08-29T11:50:47.138581,AWS_STV,spatial_outlier,Deviating from spatial trend
2026-08-29T11:50:47.146106,AWS_JAI,spatial_outlier,Deviating from spatial trend
2026-08-29T11:50:47.155864,AWS_TRV,dropout,Reading dropped
2026-08-29T11:50:47.160073,AWS_BBI,cross_parameter_inconsistency,Physically inconsistent state
2026-08-29T11:50:49.177507,AWS_STV,drift,Temperature drifted by 0.47
2026-08-29T11:50:49.188865,AWS_TRV,dropout,Reading dropped
2026-08-29T11:50:49.196456,AWS_GAU,drift,Temperature drifted by 0.44
2026-08-29T11:50:51.205626,AWS_CCU,spatial_outlier,Deviating from spatial trend
2026-08-29T11:50:51.209589,AWS_STV,drift,Temperature drifted by 0.66
2026-08-29T11:50:51.211970,AWS_LKO,dropout,Reading dropped
2026-08-29T11:50:51.216260,AWS_TRV,dropout,Reading dropped
2026-08-29T11:50:51.217148,AWS_VTZ,spike,temperature spiked by 26.94
2026-08-29T11:50:51.219020,AWS_IXC,frozen_value,Values frozen
2026-08-29T11:50:51.220234,AWS_BBI,cross_parameter_inconsistency,Physically inconsistent state
2026-08-29T11:50:51.221948,AWS_GAU,drift,Temperature drifted by 0.74
2026-08-29T11:50:51.223801,AWS_IXR,spatial_outlier,Deviating from spatial trend
2026-08-29T11:50:51.225616,AWS_CJB,spike,temperature spiked by 22.46
2026-08-29T11:50:53.228538,AWS_DEL,frozen_value,Values frozen
2026-08-29T11:50:53.230391,AWS_HYD,spike,pressure spiked by -105.64
2026-08-29T11:50:53.231930,AWS_CCU,frozen_value,Values frozen
2026-08-29T11:50:53.233981,AWS_STV,drift,Temperature drifted by 1.08
2026-08-29T11:50:53.235228,AWS_JAI,cross_parameter_inconsistency,Physically inconsistent state
2026-08-29T11:50:53.236260,AWS_LKO,dropout,Reading dropped
2026-08-29T11:50:53.237793,AWS_IDR,drift,Temperature drifted by 0.30
2026-08-29T11:50:53.240696,AWS_IXC,frozen_value,Values frozen
2026-08-29T11:50:53.243347,AWS_GAU,drift,Temperature drifted by 1.16
2026-08-29T11:50:55.246566,AWS_MUM,spike,pressure spiked by 146.43
2026-08-29T11:50:55.249484,AWS_DEL,frozen_value,Values frozen
2026-08-29T11:50:55.254549,AWS_CCU,frozen_value,Values frozen
2026-08-29T11:50:55.262014,AWS_AMD,frozen_value,Values frozen
2026-08-29T11:50:55.270739,AWS_STV,drift,Temperature drifted by 1.41
2026-08-29T11:50:55.273895,AWS_JAI,frozen_value,Values frozen
2026-08-29T11:50:55.278333,AWS_KNP,drift,Temperature drifted by 0.17
2026-08-29T11:50:55.283592,AWS_NAG,dropout,Reading dropped
2026-08-29T11:50:55.286335,AWS_IDR,drift,Temperature drifted by 0.64
2026-08-29T11:50:55.299066,AWS_IXC,frozen_value,Values frozen
2026-08-29T11:50:55.306325,AWS_GAU,drift,Temperature drifted by 1.48
2026-08-29T11:50:57.317812,AWS_DEL,frozen_value,Values frozen
2026-08-29T11:50:57.319854,AWS_HYD,cross_parameter_inconsistency,Physically inconsistent state
2026-08-29T11:50:57.321447,AWS_MAA,frozen_value,Values frozen
2026-08-29T11:50:57.324851,AWS_CCU,frozen_value,Values frozen
2026-08-29T11:50:57.328154,AWS_AMD,frozen_value,Values frozen
2026-08-29T11:50:57.329643,AWS_STV,drift,Temperature drifted by 1.74
2026-08-29T11:50:57.331275,AWS_JAI,frozen_value,Values frozen
2026-08-29T11:50:57.334561,AWS_KNP,drift,Temperature drifted by 0.28
2026-08-29T11:50:57.337826,AWS_IDR,drift,Temperature drifted by 0.89
2026-08-29T11:50:57.339997,AWS_COK,drift,Temperature drifted by 0.23
2026-08-29T11:50:57.343297,AWS_IXC,frozen_value,Values frozen
2026-08-29T11:50:57.344841,AWS_BBI,spike,humidity spiked by -15.28
2026-08-29T11:50:57.347233,AWS_GAU,drift,Temperature drifted by 1.72
2026-08-29T11:50:57.350524,AWS_MYQ,spatial_outlier,Deviating from spatial trend
2026-08-29T11:50:59.355600,AWS_MUM,spike,pressure spiked by -81.53
2026-08-29T11:50:59.362092,AWS_DEL,frozen_value,Values frozen
2026-08-29T11:50:59.368130,AWS_BLR,frozen_value,Values frozen
2026-08-29T11:50:59.379550,AWS_MAA,frozen_value,Values frozen
2026-08-29T11:50:59.389532,AWS_CCU,frozen_value,Values frozen
2026-08-29T11:50:59.401513,AWS_AMD,frozen_value,Values frozen
2026-08-29T11:50:59.406423,AWS_STV,drift,Temperature drifted by 2.18
2026-08-29T11:50:59.414449,AWS_JAI,frozen_value,Values frozen
2026-08-29T11:50:59.423669,AWS_KNP,drift,Temperature drifted by 0.77
2026-08-29T11:50:59.434514,AWS_IDR,drift,Temperature drifted by 1.11
2026-08-29T11:50:59.442410,AWS_COK,drift,Temperature drifted by 0.33
2026-08-29T11:50:59.463161,AWS_IXC,frozen_value,Values frozen
2026-08-29T11:50:59.470271,AWS_GAU,drift,Temperature drifted by 2.08
2026-08-29T11:50:59.473960,AWS_IXR,spike,temperature spiked by -27.53
2026-08-29T11:51:01.488934,AWS_DEL,frozen_value,Values frozen
2026-08-29T11:51:01.491963,AWS_BLR,frozen_value,Values frozen
2026-08-29T11:51:01.494703,AWS_HYD,drift,Temperature drifted by 0.13
2026-08-29T11:51:01.497906,AWS_MAA,frozen_value,Values frozen
2026-08-29T11:51:01.501858,AWS_CCU,frozen_value,Values frozen
2026-08-29T11:51:01.506834,AWS_AMD,frozen_value,Values frozen
2026-08-29T11:51:01.510804,AWS_STV,drift,Temperature drifted by 2.42
2026-08-29T11:51:01.514011,AWS_JAI,frozen_value,Values frozen
2026-08-29T11:51:01.529848,AWS_KNP,drift,Temperature drifted by 1.25
2026-08-29T11:51:01.549692,AWS_IDR,drift,Temperature drifted by 1.30
2026-08-29T11:51:01.560969,AWS_COK,drift,Temperature drifted by 0.72
2026-08-29T11:51:01.578185,AWS_GAU,drift,Temperature drifted by 2.38
2026-08-29T11:51:01.586438,AWS_IXR,cross_parameter_inconsistency,Physically inconsistent state
2026-08-29T11:51:03.593656,AWS_DEL,frozen_value,Values frozen
2026-08-29T11:51:03.598729,AWS_BLR,frozen_value,Values frozen
2026-08-29T11:51:03.601594,AWS_HYD,drift,Temperature drifted by 0.61
2026-08-29T11:51:03.605981,AWS_MAA,frozen_value,Values frozen
2026-08-29T11:51:03.609794,AWS_CCU,frozen_value,Values frozen
2026-08-29T11:51:03.616031,AWS_AMD,frozen_value,Values frozen
2026-08-29T11:51:03.620400,AWS_JAI,frozen_value,Values frozen
2026-08-29T11:51:03.623841,AWS_LKO,cross_parameter_inconsistency,Physically inconsistent state
2026-08-29T11:51:03.627584,AWS_KNP,drift,Temperature drifted by 1.40
2026-08-29T11:51:03.633388,AWS_IDR,cross_parameter_inconsistency,Physically inconsistent state
2026-08-29T11:51:03.637183,AWS_COK,drift,Temperature drifted by 0.96
2026-08-29T11:51:03.645231,AWS_IXC,frozen_value,Values frozen
2026-08-29T11:51:03.649647,AWS_GAU,drift,Temperature drifted by 2.86
2026-08-29T11:51:05.655856,AWS_MUM,spike,pressure spiked by 143.95
2026-08-29T11:51:05.660247,AWS_DEL,frozen_value,Values frozen
2026-08-29T11:51:05.664108,AWS_BLR,frozen_value,Values frozen
2026-08-29T11:51:05.672938,AWS_HYD,drift,Temperature drifted by 0.77
2026-08-29T11:51:05.677568,AWS_MAA,frozen_value,Values frozen
2026-08-29T11:51:05.682409,AWS_CCU,frozen_value,Values frozen
2026-08-29T11:51:05.687855,AWS_PNQ,cross_parameter_inconsistency,Physically inconsistent state
2026-08-29T11:51:05.691725,AWS_AMD,frozen_value,Values frozen
2026-08-29T11:51:05.699856,AWS_JAI,frozen_value,Values frozen
2026-08-29T11:51:05.706952,AWS_KNP,drift,Temperature drifted by 1.86
2026-08-29T11:51:05.712016,AWS_NAG,frozen_value,Values frozen
2026-08-29T11:51:05.720827,AWS_COK,drift,Temperature drifted by 1.17
2026-08-29T11:51:05.729372,AWS_PAT,drift,Temperature drifted by 0.16
2026-08-29T11:51:05.733389,AWS_IXC,frozen_value,Values frozen
2026-08-29T11:51:05.737581,AWS_BBI,spike,humidity spiked by 24.63
2026-08-29T11:51:05.741196,AWS_GAU,drift,Temperature drifted by 3.08
2026-08-29T11:51:07.757549,AWS_MUM,frozen_value,Values frozen
2026-08-29T11:51:07.761008,AWS_DEL,frozen_value,Values frozen
2026-08-29T11:51:07.763560,AWS_BLR,frozen_value,Values frozen
2026-08-29T11:51:07.766601,AWS_HYD,drift,Temperature drifted by 1.23
2026-08-29T11:51:07.773466,AWS_MAA,frozen_value,Values frozen
2026-08-29T11:51:07.776665,AWS_CCU,frozen_value,Values frozen
2026-08-29T11:51:07.782308,AWS_AMD,frozen_value,Values frozen
2026-08-29T11:51:07.788732,AWS_JAI,frozen_value,Values frozen
2026-08-29T11:51:07.796225,AWS_KNP,drift,Temperature drifted by 2.10
2026-08-29T11:51:07.799174,AWS_NAG,frozen_value,Values frozen
2026-08-29T11:51:07.805926,AWS_COK,drift,Temperature drifted by 1.55
2026-08-29T11:51:07.811857,AWS_PAT,drift,Temperature drifted by 0.42
2026-08-29T11:51:07.817168,AWS_IXC,frozen_value,Values frozen
2026-08-29T11:51:07.824914,AWS_GAU,drift,Temperature drifted by 3.33
2026-08-29T11:51:09.844773,AWS_MUM,frozen_value,Values frozen
2026-08-29T11:51:09.860687,AWS_DEL,frozen_value,Values frozen
2026-08-29T11:51:09.890801,AWS_BLR,frozen_value,Values frozen
2026-08-29T11:51:09.902565,AWS_HYD,drift,Temperature drifted by 1.36
2026-08-29T11:51:09.937590,AWS_CCU,frozen_value,Values frozen
2026-08-29T11:51:09.981989,AWS_AMD,frozen_value,Values frozen
2026-08-29T11:51:10.121282,AWS_KNP,drift,Temperature drifted by 2.49
2026-08-29T11:51:10.179198,AWS_NAG,frozen_value,Values frozen
2026-08-29T11:51:10.225031,AWS_BHO,spike,temperature spiked by 15.29
2026-08-29T11:51:10.341530,AWS_PAT,drift,Temperature drifted by 0.57
2026-08-29T11:51:10.365131,AWS_IXC,frozen_value,Values frozen
2026-08-29T11:51:10.416042,AWS_GAU,drift,Temperature drifted by 3.49
2026-08-29T11:51:10.461086,AWS_CJB,frozen_value,Values frozen
2026-08-29T11:51:12.479737,AWS_MUM,frozen_value,Values frozen
2026-08-29T11:51:12.529595,AWS_DEL,frozen_value,Values frozen
2026-08-29T11:51:12.576081,AWS_BLR,frozen_value,Values frozen
2026-08-29T11:51:12.601321,AWS_HYD,drift,Temperature drifted by 1.54
2026-08-29T11:51:12.763279,AWS_AMD,frozen_value,Values frozen
2026-08-29T11:51:12.876032,AWS_KNP,drift,Temperature drifted by 2.93
2026-08-29T11:51:12.919208,AWS_NAG,frozen_value,Values frozen
2026-08-29T11:51:13.049265,AWS_PAT,drift,Temperature drifted by 0.78
2026-08-29T11:51:13.060267,AWS_IXC,frozen_value,Values frozen
2026-08-29T11:51:13.094145,AWS_GAU,drift,Temperature drifted by 3.88
2026-08-29T11:51:13.151513,AWS_CJB,frozen_value,Values frozen
2026-08-29T11:51:15.180992,AWS_MUM,frozen_value,Values frozen
2026-08-29T11:51:15.193478,AWS_DEL,frozen_value,Values frozen
2026-08-29T11:51:15.211639,AWS_BLR,frozen_value,Values frozen
2026-08-29T11:51:15.227825,AWS_HYD,drift,Temperature drifted by 1.92
2026-08-29T11:51:15.277881,AWS_AMD,frozen_value,Values frozen
2026-08-29T11:51:15.319487,AWS_KNP,drift,Temperature drifted by 3.34
2026-08-29T11:51:15.333360,AWS_NAG,frozen_value,Values frozen
2026-08-29T11:51:15.373299,AWS_PAT,drift,Temperature drifted by 0.90
2026-08-29T11:51:15.382105,AWS_IXC,frozen_value,Values frozen
2026-08-29T11:51:15.396934,AWS_GAU,drift,Temperature drifted by 4.34
2026-08-29T11:51:15.415382,AWS_IXR,dropout,Reading dropped
2026-08-29T11:51:15.417313,AWS_MYQ,cross_parameter_inconsistency,Physically inconsistent state
2026-08-29T11:51:15.432519,AWS_CJB,frozen_value,Values frozen
2026-08-29T11:51:17.439598,AWS_MUM,frozen_value,Values frozen
2026-08-29T11:51:17.442785,AWS_DEL,frozen_value,Values frozen
2026-08-29T11:51:17.446263,AWS_BLR,frozen_value,Values frozen
2026-08-29T11:51:17.455005,AWS_HYD,drift,Temperature drifted by 2.09
2026-08-29T11:51:17.466401,AWS_AMD,frozen_value,Values frozen
2026-08-29T11:51:17.478411,AWS_NAG,frozen_value,Values frozen
2026-08-29T11:51:17.488925,AWS_BHO,cross_parameter_inconsistency,Physically inconsistent state
2026-08-29T11:51:17.501185,AWS_PAT,drift,Temperature drifted by 1.31
2026-08-29T11:51:17.506783,AWS_IXC,frozen_value,Values frozen
2026-08-29T11:51:17.516405,AWS_GAU,spatial_outlier,Deviating from spatial trend
2026-08-29T11:51:17.528798,AWS_IXR,dropout,Reading dropped
2026-08-29T11:51:17.535422,AWS_CJB,frozen_value,Values frozen
2026-08-29T11:51:19.546078,AWS_MUM,frozen_value,Values frozen
2026-08-29T11:51:19.550977,AWS_BLR,frozen_value,Values frozen
2026-08-29T11:51:19.556353,AWS_HYD,drift,Temperature drifted by 2.41
2026-08-29T11:51:19.572437,AWS_NAG,frozen_value,Values frozen
2026-08-29T11:51:19.605213,AWS_BHO,dropout,Reading dropped
2026-08-29T11:51:19.626419,AWS_TRV,drift,Temperature drifted by 0.13
2026-08-29T11:51:19.676231,AWS_PAT,drift,Temperature drifted by 1.75
2026-08-29T11:51:19.694922,AWS_IXC,frozen_value,Values frozen
2026-08-29T11:51:19.742817,AWS_IXR,dropout,Reading dropped
2026-08-29T11:51:19.770475,AWS_CJB,frozen_value,Values frozen
2026-08-29T11:51:21.819205,AWS_MUM,frozen_value,Values frozen
2026-08-29T11:51:21.826359,AWS_BLR,frozen_value,Values frozen
2026-08-29T11:51:21.829822,AWS_HYD,drift,Temperature drifted by 2.71
2026-08-29T11:51:21.834283,AWS_MAA,spike,humidity spiked by -29.86
2026-08-29T11:51:21.839261,AWS_PNQ,spike,pressure spiked by -94.18
2026-08-29T11:51:21.847142,AWS_JAI,cross_parameter_inconsistency,Physically inconsistent state
2026-08-29T11:51:21.853578,AWS_NAG,frozen_value,Values frozen
2026-08-29T11:51:21.864604,AWS_TRV,drift,Temperature drifted by 0.38
2026-08-29T11:51:21.870584,AWS_PAT,drift,Temperature drifted by 2.19
2026-08-29T11:51:21.876429,AWS_IXC,frozen_value,Values frozen
2026-08-29T11:51:21.900168,AWS_CJB,cross_parameter_inconsistency,Physically inconsistent state
2026-08-29T11:51:23.906671,AWS_MUM,frozen_value,Values frozen
2026-08-29T11:51:23.914204,AWS_BLR,frozen_value,Values frozen
2026-08-29T11:51:23.919487,AWS_HYD,drift,Temperature drifted by 3.00
2026-08-29T11:51:23.922845,AWS_MAA,dropout,Reading dropped
2026-08-29T11:51:23.926913,AWS_PNQ,spatial_outlier,Deviating from spatial trend
2026-08-29T11:51:23.942843,AWS_NAG,frozen_value,Values frozen
2026-08-29T11:51:23.951928,AWS_TRV,drift,Temperature drifted by 0.61
2026-08-29T11:51:23.959829,AWS_PAT,drift,Temperature drifted by 2.64
2026-08-29T11:51:23.964517,AWS_IXC,frozen_value,Values frozen
2026-08-29T11:51:25.991450,AWS_MUM,frozen_value,Values frozen
2026-08-29T11:51:26.000513,AWS_BLR,frozen_value,Values frozen
2026-08-29T11:51:26.006636,AWS_HYD,drift,Temperature drifted by 3.44
2026-08-29T11:51:26.010654,AWS_MAA,dropout,Reading dropped
2026-08-29T11:51:26.012417,AWS_CCU,drift,Temperature drifted by 0.25
2026-08-29T11:51:26.033700,AWS_LKO,drift,Temperature drifted by 0.41
2026-08-29T11:51:26.043480,AWS_NAG,frozen_value,Values frozen
2026-08-29T11:51:26.057158,AWS_TRV,drift,Temperature drifted by 1.01
2026-08-29T11:51:26.067466,AWS_PAT,spatial_outlier,Deviating from spatial trend
2026-08-29T11:51:26.073301,AWS_BBI,drift,Temperature drifted by 0.19
2026-08-29T11:51:28.087807,AWS_MUM,frozen_value,Values frozen
2026-08-29T11:51:28.092704,AWS_DEL,drift,Temperature drifted by 0.26
2026-08-29T11:51:28.104368,AWS_BLR,frozen_value,Values frozen
2026-08-29T11:51:28.113349,AWS_HYD,drift,Temperature drifted by 3.69
2026-08-29T11:51:28.128085,AWS_CCU,drift,Temperature drifted by 0.37
2026-08-29T11:51:28.135476,AWS_AMD,cross_parameter_inconsistency,Physically inconsistent state
2026-08-29T11:51:28.142072,AWS_LKO,drift,Temperature drifted by 0.89
2026-08-29T11:51:28.146613,AWS_KNP,dropout,Reading dropped
2026-08-29T11:51:28.149614,AWS_NAG,frozen_value,Values frozen
2026-08-29T11:51:28.156468,AWS_TRV,drift,Temperature drifted by 1.47
2026-08-29T11:51:28.165998,AWS_IXC,drift,Temperature drifted by 0.26
2026-08-29T11:51:28.169095,AWS_BBI,drift,Temperature drifted by 0.48
2026-08-29T11:51:28.185081,AWS_MYQ,spike,humidity spiked by -27.44
2026-08-29T11:51:30.190869,AWS_MUM,frozen_value,Values frozen
2026-08-29T11:51:30.194504,AWS_DEL,drift,Temperature drifted by 0.42
2026-08-29T11:51:30.201419,AWS_CCU,drift,Temperature drifted by 0.67
2026-08-29T11:51:30.212442,AWS_LKO,drift,Temperature drifted by 1.22
2026-08-29T11:51:30.215348,AWS_KNP,dropout,Reading dropped
2026-08-29T11:51:30.218163,AWS_NAG,frozen_value,Values frozen
2026-08-29T11:51:30.222114,AWS_IDR,spike,pressure spiked by 126.25
2026-08-29T11:51:30.226512,AWS_BHO,frozen_value,Values frozen
2026-08-29T11:51:30.232747,AWS_TRV,drift,Temperature drifted by 1.82
2026-08-29T11:51:30.250066,AWS_IXC,drift,Temperature drifted by 0.57
2026-08-29T11:51:30.256144,AWS_BBI,drift,Temperature drifted by 0.59
2026-08-29T11:51:30.262318,AWS_IXR,spatial_outlier,Deviating from spatial trend
2026-08-29T11:51:32.270839,AWS_MUM,frozen_value,Values frozen
2026-08-29T11:51:32.275490,AWS_DEL,drift,Temperature drifted by 0.53
2026-08-29T11:51:32.285540,AWS_CCU,drift,Temperature drifted by 1.10
2026-08-29T11:51:32.295195,AWS_JAI,cross_parameter_inconsistency,Physically inconsistent state
2026-08-29T11:51:32.298347,AWS_LKO,drift,Temperature drifted by 1.56
2026-08-29T11:51:32.302624,AWS_KNP,dropout,Reading dropped
2026-08-29T11:51:32.307651,AWS_BHO,frozen_value,Values frozen
2026-08-29T11:51:32.311235,AWS_COK,dropout,Reading dropped
2026-08-29T11:51:32.315252,AWS_PAT,cross_parameter_inconsistency,Physically inconsistent state
2026-08-29T11:51:32.318035,AWS_IXC,drift,Temperature drifted by 0.97
2026-08-29T11:51:32.321892,AWS_BBI,drift,Temperature drifted by 0.79
2026-08-29T11:51:34.333430,AWS_DEL,drift,Temperature drifted by 0.88
2026-08-29T11:51:34.342284,AWS_MAA,drift,Temperature drifted by 0.14
2026-08-29T11:51:34.346570,AWS_CCU,drift,Temperature drifted by 1.37
2026-08-29T11:51:34.354806,AWS_STV,frozen_value,Values frozen
2026-08-29T11:51:34.359721,AWS_LKO,drift,Temperature drifted by 2.02
2026-08-29T11:51:34.369929,AWS_BHO,frozen_value,Values frozen
2026-08-29T11:51:34.372738,AWS_COK,dropout,Reading dropped
2026-08-29T11:51:34.376115,AWS_VTZ,drift,Temperature drifted by 0.12
2026-08-29T11:51:34.379570,AWS_PAT,spike,humidity spiked by -21.36
2026-08-29T11:51:34.384055,AWS_IXC,drift,Temperature drifted by 1.32
2026-08-29T11:51:34.386735,AWS_BBI,drift,Temperature drifted by 0.96
2026-08-29T11:51:34.392849,AWS_MYQ,cross_parameter_inconsistency,Physically inconsistent state
2026-08-29T11:51:36.398417,AWS_DEL,drift,Temperature drifted by 1.10
2026-08-29T11:51:36.405390,AWS_MAA,drift,Temperature drifted by 0.64
2026-08-29T11:51:36.409643,AWS_CCU,drift,Temperature drifted by 1.77
2026-08-29T11:51:36.418503,AWS_STV,frozen_value,Values frozen
2026-08-29T11:51:36.423099,AWS_LKO,drift,Temperature drifted by 2.16
2026-08-29T11:51:36.431006,AWS_BHO,frozen_value,Values frozen
2026-08-29T11:51:36.437730,AWS_VTZ,drift,Temperature drifted by 0.38
2026-08-29T11:51:36.441309,AWS_PAT,cross_parameter_inconsistency,Physically inconsistent state
2026-08-29T11:51:36.444844,AWS_IXC,drift,Temperature drifted by 1.68
2026-08-29T11:51:36.448343,AWS_BBI,drift,Temperature drifted by 1.34
2026-08-29T11:51:38.464743,AWS_DEL,drift,Temperature drifted by 1.45
2026-08-29T11:51:38.470708,AWS_MAA,drift,Temperature drifted by 1.11
2026-08-29T11:51:38.474449,AWS_CCU,drift,Temperature drifted by 1.98
2026-08-29T11:51:38.480591,AWS_STV,frozen_value,Values frozen
2026-08-29T11:51:38.483892,AWS_LKO,drift,Temperature drifted by 2.26
2026-08-29T11:51:38.486709,AWS_KNP,frozen_value,Values frozen
2026-08-29T11:51:38.493999,AWS_BHO,frozen_value,Values frozen
2026-08-29T11:51:38.496625,AWS_COK,spatial_outlier,Deviating from spatial trend
2026-08-29T11:51:38.501774,AWS_VTZ,drift,Temperature drifted by 0.56
2026-08-29T11:51:38.504977,AWS_PAT,cross_parameter_inconsistency,Physically inconsistent state
2026-08-29T11:51:38.508133,AWS_IXC,drift,Temperature drifted by 1.89
2026-08-29T11:51:38.514576,AWS_BBI,drift,Temperature drifted by 1.70
2026-08-29T11:51:40.524543,AWS_DEL,drift,Temperature drifted by 1.71
2026-08-29T11:51:40.532176,AWS_MAA,drift,Temperature drifted by 1.27
2026-08-29T11:51:40.535897,AWS_CCU,drift,Temperature drifted by 2.42
2026-08-29T11:51:40.542138,AWS_STV,frozen_value,Values frozen
2026-08-29T11:51:40.547647,AWS_LKO,drift,Temperature drifted by 2.75
2026-08-29T11:51:40.550122,AWS_KNP,frozen_value,Values frozen
2026-08-29T11:51:40.554751,AWS_BHO,frozen_value,Values frozen
2026-08-29T11:51:40.560965,AWS_VTZ,drift,Temperature drifted by 0.79
2026-08-29T11:51:40.564651,AWS_IXC,drift,Temperature drifted by 2.38
2026-08-29T11:51:40.566990,AWS_BBI,drift,Temperature drifted by 1.85
2026-08-29T11:51:42.578923,AWS_DEL,drift,Temperature drifted by 2.12
2026-08-29T11:51:42.589224,AWS_MAA,drift,Temperature drifted by 1.58
2026-08-29T11:51:42.592667,AWS_CCU,drift,Temperature drifted by 2.72
2026-08-29T11:51:42.603922,AWS_STV,frozen_value,Values frozen
2026-08-29T11:51:42.609889,AWS_LKO,drift,Temperature drifted by 3.00
2026-08-29T11:51:42.614402,AWS_KNP,frozen_value,Values frozen
2026-08-29T11:51:42.617933,AWS_NAG,cross_parameter_inconsistency,Physically inconsistent state
2026-08-29T11:51:42.623792,AWS_BHO,frozen_value,Values frozen
2026-08-29T11:51:42.628940,AWS_COK,frozen_value,Values frozen
2026-08-29T11:51:42.634635,AWS_VTZ,drift,Temperature drifted by 0.91
2026-08-29T11:51:42.640396,AWS_IXC,drift,Temperature drifted by 2.79
2026-08-29T11:51:42.644002,AWS_BBI,drift,Temperature drifted by 2.03
2026-08-29T11:51:42.647624,AWS_GAU,drift,Temperature drifted by 0.27
2026-08-29T11:51:42.654019,AWS_CJB,spike,temperature spiked by -29.95
2026-08-29T11:51:44.660087,AWS_DEL,drift,Temperature drifted by 2.26
2026-08-29T11:51:44.665200,AWS_HYD,frozen_value,Values frozen
2026-08-29T11:51:44.668587,AWS_MAA,drift,Temperature drifted by 2.03
2026-08-29T11:51:44.672318,AWS_CCU,drift,Temperature drifted by 2.97
2026-08-29T11:51:44.678517,AWS_STV,frozen_value,Values frozen
2026-08-29T11:51:44.682278,AWS_LKO,drift,Temperature drifted by 3.25
2026-08-29T11:51:44.686289,AWS_KNP,frozen_value,Values frozen
2026-08-29T11:51:44.693629,AWS_COK,frozen_value,Values frozen
2026-08-29T11:51:44.701538,AWS_IXC,drift,Temperature drifted by 3.10
2026-08-29T11:51:44.704351,AWS_BBI,drift,Temperature drifted by 2.31
2026-08-29T11:51:44.708410,AWS_GAU,drift,Temperature drifted by 0.54
2026-08-29T11:51:44.713261,AWS_MYQ,cross_parameter_inconsistency,Physically inconsistent state
2026-08-29T11:51:46.722998,AWS_HYD,frozen_value,Values frozen
2026-08-29T11:51:46.726948,AWS_MAA,drift,Temperature drifted by 2.47
2026-08-29T11:51:46.742053,AWS_CCU,drift,Temperature drifted by 3.47
2026-08-29T11:51:46.803179,AWS_LKO,drift,Temperature drifted by 3.69
2026-08-29T11:51:46.828736,AWS_KNP,frozen_value,Values frozen
2026-08-29T11:51:46.885429,AWS_COK,frozen_value,Values frozen
2026-08-29T11:51:46.928369,AWS_VTZ,frozen_value,Values frozen
2026-08-29T11:51:46.942498,AWS_IXC,drift,Temperature drifted by 3.59
2026-08-29T11:51:46.953317,AWS_BBI,drift,Temperature drifted by 2.59
2026-08-29T11:51:46.962000,AWS_GAU,drift,Temperature drifted by 1.04
2026-08-29T11:51:46.968287,AWS_MYQ,spike,pressure spiked by 82.27
2026-08-29T11:51:48.984525,AWS_HYD,frozen_value,Values frozen
2026-08-29T11:51:48.987546,AWS_MAA,drift,Temperature drifted by 2.57
2026-08-29T11:51:48.992543,AWS_CCU,drift,Temperature drifted by 3.80
2026-08-29T11:51:48.999309,AWS_STV,spike,humidity spiked by 23.32
2026-08-29T11:51:49.004172,AWS_LKO,drift,Temperature drifted by 3.82
2026-08-29T11:51:49.006863,AWS_KNP,frozen_value,Values frozen
2026-08-29T11:51:49.009407,AWS_NAG,drift,Temperature drifted by 0.23
2026-08-29T11:51:49.016595,AWS_COK,frozen_value,Values frozen
2026-08-29T11:51:49.020073,AWS_VTZ,frozen_value,Values frozen
2026-08-29T11:51:49.026223,AWS_IXC,drift,Temperature drifted by 3.92
2026-08-29T11:51:49.029872,AWS_BBI,drift,Temperature drifted by 2.77
2026-08-29T11:51:49.033132,AWS_GAU,drift,Temperature drifted by 1.26
2026-08-29T11:51:51.045521,AWS_DEL,frozen_value,Values frozen
2026-08-29T11:51:51.050643,AWS_HYD,frozen_value,Values frozen
2026-08-29T11:51:51.057829,AWS_MAA,drift,Temperature drifted by 2.93
2026-08-29T11:51:51.060331,AWS_CCU,drift,Temperature drifted by 4.05
2026-08-29T11:51:51.066762,AWS_STV,frozen_value,Values frozen
2026-08-29T11:51:51.071417,AWS_LKO,drift,Temperature drifted by 4.08
2026-08-29T11:51:51.075216,AWS_KNP,frozen_value,Values frozen
2026-08-29T11:51:51.078394,AWS_NAG,drift,Temperature drifted by 0.66
2026-08-29T11:51:51.092352,AWS_COK,frozen_value,Values frozen
2026-08-29T11:51:51.098638,AWS_TRV,frozen_value,Values frozen
2026-08-29T11:51:51.101583,AWS_VTZ,frozen_value,Values frozen
2026-08-29T11:51:51.106255,AWS_IXC,drift,Temperature drifted by 4.29
2026-08-29T11:51:51.110422,AWS_BBI,dropout,Reading dropped
2026-08-29T11:51:51.113192,AWS_GAU,drift,Temperature drifted by 1.66
2026-08-29T11:51:51.116356,AWS_IXR,cross_parameter_inconsistency,Physically inconsistent state
2026-08-29T11:51:53.125039,AWS_DEL,frozen_value,Values frozen
2026-08-29T11:51:53.130690,AWS_HYD,frozen_value,Values frozen
2026-08-29T11:51:53.136208,AWS_MAA,spatial_outlier,Deviating from spatial trend
2026-08-29T11:51:53.141226,AWS_CCU,drift,Temperature drifted by 4.47
2026-08-29T11:51:53.144806,AWS_PNQ,drift,Temperature drifted by 0.28
2026-08-29T11:51:53.149909,AWS_STV,frozen_value,Values frozen
2026-08-29T11:51:53.153721,AWS_JAI,cross_parameter_inconsistency,Physically inconsistent state
2026-08-29T11:51:53.158869,AWS_LKO,frozen_value,Values frozen
2026-08-29T11:51:53.162857,AWS_NAG,drift,Temperature drifted by 0.87
2026-08-29T11:51:53.167193,AWS_BHO,dropout,Reading dropped
2026-08-29T11:51:53.171131,AWS_TRV,frozen_value,Values frozen
2026-08-29T11:51:53.177456,AWS_VTZ,frozen_value,Values frozen
2026-08-29T11:51:53.181670,AWS_IXC,drift,Temperature drifted by 4.61
2026-08-29T11:51:53.184249,AWS_BBI,dropout,Reading dropped
2026-08-29T11:51:53.188986,AWS_GAU,drift,Temperature drifted by 1.91
2026-08-29T11:51:53.193127,AWS_IXR,frozen_value,Values frozen
2026-08-29T11:51:55.211435,AWS_DEL,frozen_value,Values frozen
2026-08-29T11:51:55.234003,AWS_HYD,frozen_value,Values frozen
2026-08-29T11:51:55.277651,AWS_PNQ,drift,Temperature drifted by 0.76
2026-08-29T11:51:55.285806,AWS_AMD,frozen_value,Values frozen
2026-08-29T11:51:55.294670,AWS_STV,frozen_value,Values frozen
2026-08-29T11:51:55.300088,AWS_LKO,frozen_value,Values frozen
2026-08-29T11:51:55.313904,AWS_NAG,drift,Temperature drifted by 0.97
2026-08-29T11:51:55.317509,AWS_BHO,dropout,Reading dropped
2026-08-29T11:51:55.319958,AWS_TRV,frozen_value,Values frozen
2026-08-29T11:51:55.325786,AWS_VTZ,frozen_value,Values frozen
2026-08-29T11:51:55.330915,AWS_PAT,drift,Temperature drifted by 0.25
2026-08-29T11:51:55.337886,AWS_IXC,drift,Temperature drifted by 4.96
2026-08-29T11:51:55.344490,AWS_GAU,drift,Temperature drifted by 2.32
2026-08-29T11:51:55.348137,AWS_IXR,frozen_value,Values frozen
2026-08-29T11:51:55.351467,AWS_MYQ,dropout,Reading dropped
2026-08-29T11:51:57.355742,AWS_DEL,frozen_value,Values frozen
2026-08-29T11:51:57.360213,AWS_HYD,frozen_value,Values frozen
2026-08-29T11:51:57.363934,AWS_MAA,cross_parameter_inconsistency,Physically inconsistent state
2026-08-29T11:51:57.368208,AWS_CCU,spatial_outlier,Deviating from spatial trend
2026-08-29T11:51:57.371117,AWS_PNQ,drift,Temperature drifted by 1.21
2026-08-29T11:51:57.375022,AWS_AMD,frozen_value,Values frozen
2026-08-29T11:51:57.378395,AWS_STV,frozen_value,Values frozen
2026-08-29T11:51:57.382052,AWS_LKO,frozen_value,Values frozen
2026-08-29T11:51:57.387610,AWS_NAG,drift,Temperature drifted by 1.24
2026-08-29T11:51:57.393626,AWS_BHO,dropout,Reading dropped
2026-08-29T11:51:57.396265,AWS_TRV,frozen_value,Values frozen
2026-08-29T11:51:57.400430,AWS_VTZ,frozen_value,Values frozen
2026-08-29T11:51:57.403570,AWS_PAT,drift,Temperature drifted by 0.36
2026-08-29T11:51:57.410481,AWS_GAU,cross_parameter_inconsistency,Physically inconsistent state
2026-08-29T11:51:57.413373,AWS_IXR,frozen_value,Values frozen
2026-08-29T11:51:57.416642,AWS_MYQ,dropout,Reading dropped
2026-08-29T11:51:59.422662,AWS_DEL,frozen_value,Values frozen
2026-08-29T11:51:59.425491,AWS_BLR,dropout,Reading dropped
2026-08-29T11:51:59.426819,AWS_HYD,frozen_value,Values frozen
2026-08-29T11:51:59.434011,AWS_PNQ,drift,Temperature drifted by 1.40
2026-08-29T11:51:59.437855,AWS_AMD,frozen_value,Values frozen
2026-08-29T11:51:59.444163,AWS_STV,frozen_value,Values frozen
2026-08-29T11:51:59.447085,AWS_JAI,drift,Temperature drifted by 0.43
2026-08-29T11:51:59.450681,AWS_LKO,frozen_value,Values frozen
2026-08-29T11:51:59.455344,AWS_NAG,drift,Temperature drifted by 1.64
2026-08-29T11:51:59.459896,AWS_IDR,dropout,Reading dropped
2026-08-29T11:51:59.465048,AWS_TRV,frozen_value,Values frozen
2026-08-29T11:51:59.468599,AWS_VTZ,frozen_value,Values frozen
2026-08-29T11:51:59.471450,AWS_PAT,drift,Temperature drifted by 0.81
2026-08-29T11:51:59.474710,AWS_IXC,spike,humidity spiked by -18.86
2026-08-29T11:51:59.480394,AWS_IXR,frozen_value,Values frozen
2026-08-29T11:52:01.489181,AWS_DEL,frozen_value,Values frozen
2026-08-29T11:52:01.492513,AWS_BLR,dropout,Reading dropped
2026-08-29T11:52:01.493875,AWS_HYD,frozen_value,Values frozen
2026-08-29T11:52:01.498388,AWS_PNQ,drift,Temperature drifted by 1.64
2026-08-29T11:52:01.502319,AWS_AMD,frozen_value,Values frozen
2026-08-29T11:52:01.506591,AWS_STV,frozen_value,Values frozen
2026-08-29T11:52:01.509832,AWS_JAI,drift,Temperature drifted by 0.81
2026-08-29T11:52:01.512904,AWS_LKO,frozen_value,Values frozen
2026-08-29T11:52:01.517741,AWS_NAG,drift,Temperature drifted by 2.02
2026-08-29T11:52:01.523335,AWS_COK,spike,humidity spiked by -29.62
2026-08-29T11:52:01.527018,AWS_VTZ,frozen_value,Values frozen
2026-08-29T11:52:01.529485,AWS_PAT,drift,Temperature drifted by 1.15
2026-08-29T11:52:01.535066,AWS_BBI,drift,Temperature drifted by 0.25
2026-08-29T11:52:01.539172,AWS_IXR,frozen_value,Values frozen
2026-08-29T11:52:03.546720,AWS_DEL,frozen_value,Values frozen
2026-08-29T11:52:03.549922,AWS_HYD,frozen_value,Values frozen
2026-08-29T11:52:03.554647,AWS_PNQ,drift,Temperature drifted by 1.93
2026-08-29T11:52:03.556748,AWS_AMD,frozen_value,Values frozen
2026-08-29T11:52:03.558486,AWS_STV,frozen_value,Values frozen
2026-08-29T11:52:03.560381,AWS_JAI,drift,Temperature drifted by 1.19
2026-08-29T11:52:03.562635,AWS_LKO,frozen_value,Values frozen
2026-08-29T11:52:03.564338,AWS_KNP,frozen_value,Values frozen
2026-08-29T11:52:03.565865,AWS_NAG,drift,Temperature drifted by 2.26
2026-08-29T11:52:03.568210,AWS_IDR,cross_parameter_inconsistency,Physically inconsistent state
2026-08-29T11:52:03.569922,AWS_COK,spatial_outlier,Deviating from spatial trend
2026-08-29T11:52:03.571745,AWS_VTZ,frozen_value,Values frozen
2026-08-29T11:52:03.573296,AWS_PAT,drift,Temperature drifted by 1.43
2026-08-29T11:52:03.577691,AWS_BBI,drift,Temperature drifted by 0.52
2026-08-29T11:52:03.579745,AWS_GAU,spike,pressure spiked by -109.01
2026-08-29T11:52:03.580826,AWS_IXR,frozen_value,Values frozen
2026-08-29T11:52:05.584718,AWS_DEL,frozen_value,Values frozen
2026-08-29T11:52:05.588284,AWS_MAA,spatial_outlier,Deviating from spatial trend
2026-08-29T11:52:05.590878,AWS_PNQ,drift,Temperature drifted by 2.18
2026-08-29T11:52:05.594420,AWS_AMD,frozen_value,Values frozen
2026-08-29T11:52:05.596410,AWS_STV,frozen_value,Values frozen
2026-08-29T11:52:05.598618,AWS_JAI,drift,Temperature drifted by 1.63
2026-08-29T11:52:05.603783,AWS_LKO,frozen_value,Values frozen
2026-08-29T11:52:05.606079,AWS_KNP,frozen_value,Values frozen
2026-08-29T11:52:05.607169,AWS_NAG,spatial_outlier,Deviating from spatial trend
2026-08-29T11:52:05.613282,AWS_VTZ,frozen_value,Values frozen
2026-08-29T11:52:05.615361,AWS_PAT,drift,Temperature drifted by 1.57
2026-08-29T11:52:05.617894,AWS_BBI,drift,Temperature drifted by 0.91
2026-08-29T11:52:05.619316,AWS_GAU,cross_parameter_inconsistency,Physically inconsistent state
2026-08-29T11:52:05.621096,AWS_IXR,frozen_value,Values frozen
2026-08-29T11:52:05.622489,AWS_MYQ,cross_parameter_inconsistency,Physically inconsistent state
2026-08-29T11:52:07.627598,AWS_DEL,frozen_value,Values frozen
2026-08-29T11:52:07.629075,AWS_BLR,cross_parameter_inconsistency,Physically inconsistent state
2026-08-29T11:52:07.631330,AWS_PNQ,drift,Temperature drifted by 2.44
2026-08-29T11:52:07.632419,AWS_STV,frozen_value,Values frozen
2026-08-29T11:52:07.634024,AWS_JAI,drift,Temperature drifted by 2.11
2026-08-29T11:52:07.636905,AWS_KNP,frozen_value,Values frozen
2026-08-29T11:52:07.638596,AWS_NAG,cross_parameter_inconsistency,Physically inconsistent state
2026-08-29T11:52:07.640316,AWS_IDR,cross_parameter_inconsistency,Physically inconsistent state
2026-08-29T11:52:07.642252,AWS_BHO,spatial_outlier,Deviating from spatial trend
2026-08-29T11:52:07.644167,AWS_TRV,dropout,Reading dropped
2026-08-29T11:52:07.644703,AWS_VTZ,frozen_value,Values frozen
2026-08-29T11:52:07.646954,AWS_BBI,drift,Temperature drifted by 1.25
2026-08-29T11:52:07.648560,AWS_IXR,frozen_value,Values frozen
2026-08-29T11:52:09.652571,AWS_DEL,frozen_value,Values frozen
2026-08-29T11:52:09.656607,AWS_MAA,drift,Temperature drifted by 0.18
2026-08-29T11:52:09.661491,AWS_PNQ,drift,Temperature drifted by 2.69
2026-08-29T11:52:09.663418,AWS_AMD,drift,Temperature drifted by 0.11
2026-08-29T11:52:09.664452,AWS_STV,frozen_value,Values frozen
2026-08-29T11:52:09.665722,AWS_JAI,drift,Temperature drifted by 2.57
2026-08-29T11:52:09.668635,AWS_LKO,dropout,Reading dropped
2026-08-29T11:52:09.669929,AWS_KNP,frozen_value,Values frozen
2026-08-29T11:52:09.672499,AWS_BHO,frozen_value,Values frozen
2026-08-29T11:52:09.676822,AWS_TRV,dropout,Reading dropped
2026-08-29T11:52:09.677980,AWS_VTZ,frozen_value,Values frozen
2026-08-29T11:52:09.681661,AWS_BBI,drift,Temperature drifted by 1.39
2026-08-29T11:52:09.684642,AWS_IXR,frozen_value,Values frozen
2026-08-29T11:52:09.685892,AWS_CJB,cross_parameter_inconsistency,Physically inconsistent state
2026-08-29T11:52:11.688152,AWS_DEL,frozen_value,Values frozen
2026-08-29T11:52:11.691047,AWS_MAA,drift,Temperature drifted by 0.45
2026-08-29T11:52:11.692687,AWS_PNQ,drift,Temperature drifted by 3.04
2026-08-29T11:52:11.694230,AWS_AMD,drift,Temperature drifted by 0.44
2026-08-29T11:52:11.696521,AWS_STV,frozen_value,Values frozen
2026-08-29T11:52:11.697528,AWS_JAI,drift,Temperature drifted by 2.83
2026-08-29T11:52:11.698444,AWS_LKO,dropout,Reading dropped
2026-08-29T11:52:11.699122,AWS_KNP,frozen_value,Values frozen
2026-08-29T11:52:11.699911,AWS_NAG,spatial_outlier,Deviating from spatial trend
2026-08-29T11:52:11.701771,AWS_BHO,frozen_value,Values frozen
2026-08-29T11:52:11.703291,AWS_TRV,dropout,Reading dropped
2026-08-29T11:52:11.703869,AWS_VTZ,frozen_value,Values frozen
2026-08-29T11:52:11.705796,AWS_IXC,frozen_value,Values frozen
2026-08-29T11:52:11.708127,AWS_BBI,drift,Temperature drifted by 1.89
2026-08-29T11:52:11.710219,AWS_IXR,frozen_value,Values frozen
2026-08-29T11:52:13.714764,AWS_DEL,frozen_value,Values frozen
2026-08-29T11:52:13.717864,AWS_MAA,drift,Temperature drifted by 0.88
2026-08-29T11:52:13.719289,AWS_CCU,spatial_outlier,Deviating from spatial trend
2026-08-29T11:52:13.720780,AWS_PNQ,spatial_outlier,Deviating from spatial trend
2026-08-29T11:52:13.722901,AWS_AMD,drift,Temperature drifted by 0.59
2026-08-29T11:52:13.725646,AWS_STV,frozen_value,Values frozen
2026-08-29T11:52:13.731997,AWS_KNP,frozen_value,Values frozen
2026-08-29T11:52:13.735118,AWS_BHO,frozen_value,Values frozen
2026-08-29T11:52:13.740588,AWS_IXC,frozen_value,Values frozen
2026-08-29T11:52:13.743186,AWS_BBI,drift,Temperature drifted by 2.06
2026-08-29T11:52:13.747669,AWS_IXR,frozen_value,Values frozen
2026-08-29T11:52:15.752779,AWS_MUM,cross_parameter_inconsistency,Physically inconsistent state
2026-08-29T11:52:15.754549,AWS_DEL,frozen_value,Values frozen
2026-08-29T11:52:15.756888,AWS_MAA,drift,Temperature drifted by 1.19
2026-08-29T11:52:15.758753,AWS_CCU,drift,Temperature drifted by 0.50
2026-08-29T11:52:15.761206,AWS_AMD,drift,Temperature drifted by 1.07
2026-08-29T11:52:15.763740,AWS_KNP,frozen_value,Values frozen
2026-08-29T11:52:15.766145,AWS_BHO,frozen_value,Values frozen
2026-08-29T11:52:15.769902,AWS_IXC,frozen_value,Values frozen
2026-08-29T11:52:15.772041,AWS_BBI,drift,Temperature drifted by 2.30
2026-08-29T11:52:15.773824,AWS_IXR,frozen_value,Values frozen
2026-08-29T11:52:17.777307,AWS_DEL,frozen_value,Values frozen
2026-08-29T11:52:17.779169,AWS_MAA,drift,Temperature drifted by 1.65
2026-08-29T11:52:17.780159,AWS_CCU,drift,Temperature drifted by 0.92
2026-08-29T11:52:17.781094,AWS_PNQ,cross_parameter_inconsistency,Physically inconsistent state
2026-08-29T11:52:17.781958,AWS_AMD,drift,Temperature drifted by 1.52
2026-08-29T11:52:17.783060,AWS_STV,drift,Temperature drifted by 0.25
2026-08-29T11:52:17.786099,AWS_KNP,frozen_value,Values frozen
2026-08-29T11:52:17.787845,AWS_BHO,frozen_value,Values frozen
2026-08-29T11:52:17.789452,AWS_TRV,spatial_outlier,Deviating from spatial trend
2026-08-29T11:52:17.791353,AWS_IXC,frozen_value,Values frozen
2026-08-29T11:52:17.793379,AWS_BBI,drift,Temperature drifted by 2.59
2026-08-29T11:52:17.794911,AWS_GAU,drift,Temperature drifted by 0.43
2026-08-29T11:52:17.796094,AWS_IXR,frozen_value,Values frozen
2026-08-29T11:52:17.798850,AWS_CJB,spike,temperature spiked by 16.24
2026-08-29T11:52:19.801869,AWS_DEL,frozen_value,Values frozen
2026-08-29T11:52:19.804710,AWS_MAA,drift,Temperature drifted by 1.77
2026-08-29T11:52:19.805872,AWS_CCU,drift,Temperature drifted by 1.29
2026-08-29T11:52:19.808067,AWS_AMD,drift,Temperature drifted by 1.76
2026-08-29T11:52:19.811359,AWS_STV,drift,Temperature drifted by 0.51
2026-08-29T11:52:19.812877,AWS_JAI,spike,humidity spiked by 22.40
2026-08-29T11:52:19.814498,AWS_KNP,frozen_value,Values frozen
2026-08-29T11:52:19.816814,AWS_NAG,spatial_outlier,Deviating from spatial trend
2026-08-29T11:52:19.818943,AWS_BHO,frozen_value,Values frozen
2026-08-29T11:52:19.823210,AWS_IXC,frozen_value,Values frozen
2026-08-29T11:52:19.824689,AWS_BBI,drift,Temperature drifted by 2.88
2026-08-29T11:52:19.826463,AWS_GAU,drift,Temperature drifted by 0.71
2026-08-29T11:52:19.828877,AWS_IXR,frozen_value,Values frozen
2026-08-29T11:52:21.832776,AWS_MUM,cross_parameter_inconsistency,Physically inconsistent state
2026-08-29T11:52:21.836724,AWS_MAA,drift,Temperature drifted by 1.99
2026-08-29T11:52:21.838285,AWS_CCU,drift,Temperature drifted by 1.64
2026-08-29T11:52:21.841232,AWS_AMD,drift,Temperature drifted by 2.03
2026-08-29T11:52:21.844354,AWS_STV,drift,Temperature drifted by 0.79
2026-08-29T11:52:21.850428,AWS_KNP,frozen_value,Values frozen
2026-08-29T11:52:21.854883,AWS_NAG,cross_parameter_inconsistency,Physically inconsistent state
2026-08-29T11:52:21.860228,AWS_IDR,frozen_value,Values frozen
2026-08-29T11:52:21.867531,AWS_VTZ,cross_parameter_inconsistency,Physically inconsistent state
2026-08-29T11:52:21.871355,AWS_IXC,frozen_value,Values frozen
2026-08-29T11:52:21.873211,AWS_GAU,drift,Temperature drifted by 0.90
2026-08-29T11:52:21.875690,AWS_IXR,frozen_value,Values frozen
2026-08-29T11:52:23.879959,AWS_MUM,cross_parameter_inconsistency,Physically inconsistent state
2026-08-29T11:52:23.882994,AWS_MAA,drift,Temperature drifted by 2.21
2026-08-29T11:52:23.883966,AWS_CCU,drift,Temperature drifted by 2.11
2026-08-29T11:52:23.885360,AWS_AMD,drift,Temperature drifted by 2.14
2026-08-29T11:52:23.886267,AWS_STV,drift,Temperature drifted by 0.96
2026-08-29T11:52:23.890236,AWS_KNP,frozen_value,Values frozen
2026-08-29T11:52:23.892919,AWS_IDR,frozen_value,Values frozen
2026-08-29T11:52:23.897423,AWS_PAT,spike,humidity spiked by -25.24
2026-08-29T11:52:23.899037,AWS_IXC,frozen_value,Values frozen
2026-08-29T11:52:23.901370,AWS_GAU,drift,Temperature drifted by 1.26
2026-08-29T11:52:23.903237,AWS_CJB,spike,humidity spiked by 12.71
2026-08-29T11:52:25.906339,AWS_MAA,drift,Temperature drifted by 2.41
2026-08-29T11:52:25.908692,AWS_CCU,drift,Temperature drifted by 2.44
2026-08-29T11:52:25.912734,AWS_AMD,drift,Temperature drifted by 2.26
2026-08-29T11:52:25.915546,AWS_STV,drift,Temperature drifted by 1.20
2026-08-29T11:52:25.921543,AWS_KNP,cross_parameter_inconsistency,Physically inconsistent state
2026-08-29T11:52:25.925953,AWS_IDR,frozen_value,Values frozen
2026-08-29T11:52:25.933641,AWS_IXC,frozen_value,Values frozen
2026-08-29T11:52:25.936418,AWS_BBI,cross_parameter_inconsistency,Physically inconsistent state
2026-08-29T11:52:25.939771,AWS_GAU,drift,Temperature drifted by 1.52
2026-08-29T11:52:27.948583,AWS_BLR,cross_parameter_inconsistency,Physically inconsistent state
2026-08-29T11:52:27.952072,AWS_MAA,drift,Temperature drifted by 2.80
2026-08-29T11:52:27.954740,AWS_CCU,drift,Temperature drifted by 2.83
2026-08-29T11:52:27.958900,AWS_AMD,drift,Temperature drifted by 2.68
2026-08-29T11:52:27.960371,AWS_STV,drift,Temperature drifted by 1.60
2026-08-29T11:52:27.962982,AWS_IDR,frozen_value,Values frozen
2026-08-29T11:52:27.965706,AWS_BHO,frozen_value,Values frozen
2026-08-29T11:52:27.969061,AWS_IXC,frozen_value,Values frozen
2026-08-29T11:52:27.970464,AWS_BBI,cross_parameter_inconsistency,Physically inconsistent state
2026-08-29T11:52:27.971462,AWS_GAU,drift,Temperature drifted by 1.97
2026-08-29T11:52:29.975628,AWS_DEL,spike,pressure spiked by 80.04
2026-08-29T11:52:29.978369,AWS_MAA,drift,Temperature drifted by 3.04
2026-08-29T11:52:29.979744,AWS_CCU,drift,Temperature drifted by 3.16
2026-08-29T11:52:29.981865,AWS_AMD,drift,Temperature drifted by 2.93
2026-08-29T11:52:29.983239,AWS_STV,drift,Temperature drifted by 1.78
2026-08-29T11:52:29.984868,AWS_LKO,frozen_value,Values frozen
2026-08-29T11:52:29.987339,AWS_IDR,frozen_value,Values frozen
2026-08-29T11:52:29.988656,AWS_BHO,frozen_value,Values frozen
2026-08-29T11:52:29.991859,AWS_PAT,cross_parameter_inconsistency,Physically inconsistent state
2026-08-29T11:52:29.993931,AWS_IXC,frozen_value,Values frozen
2026-08-29T11:52:29.995550,AWS_BBI,cross_parameter_inconsistency,Physically inconsistent state
2026-08-29T11:52:29.996754,AWS_GAU,drift,Temperature drifted by 2.30
2026-08-29T11:52:29.998553,AWS_MYQ,cross_parameter_inconsistency,Physically inconsistent state
2026-08-29T11:52:29.999924,AWS_CJB,spike,humidity spiked by -14.27
2026-08-29T11:52:32.005346,AWS_BLR,spike,pressure spiked by -85.37
2026-08-29T11:52:32.009514,AWS_MAA,drift,Temperature drifted by 3.34
2026-08-29T11:52:32.012483,AWS_CCU,drift,Temperature drifted by 3.33
2026-08-29T11:52:32.015613,AWS_AMD,drift,Temperature drifted by 3.41
2026-08-29T11:52:32.017170,AWS_STV,drift,Temperature drifted by 2.23
2026-08-29T11:52:32.020928,AWS_LKO,frozen_value,Values frozen
2026-08-29T11:52:32.025524,AWS_IDR,frozen_value,Values frozen
2026-08-29T11:52:32.026931,AWS_BHO,frozen_value,Values frozen
2026-08-29T11:52:32.028684,AWS_COK,cross_parameter_inconsistency,Physically inconsistent state
2026-08-29T11:52:32.030893,AWS_VTZ,drift,Temperature drifted by 0.22
2026-08-29T11:52:32.033152,AWS_IXC,frozen_value,Values frozen
2026-08-29T11:52:32.036827,AWS_GAU,drift,Temperature drifted by 2.74
2026-08-29T11:52:32.039140,AWS_IXR,spike,pressure spiked by 105.87
2026-08-29T11:52:34.047933,AWS_MAA,drift,Temperature drifted by 3.54
2026-08-29T11:52:34.048863,AWS_CCU,drift,Temperature drifted by 3.53
2026-08-29T11:52:34.050064,AWS_AMD,drift,Temperature drifted by 3.91
2026-08-29T11:52:34.051620,AWS_STV,drift,Temperature drifted by 2.42
2026-08-29T11:52:34.053124,AWS_LKO,frozen_value,Values frozen
2026-08-29T11:52:34.054172,AWS_KNP,drift,Temperature drifted by 0.40
2026-08-29T11:52:34.056490,AWS_BHO,frozen_value,Values frozen
2026-08-29T11:52:34.057687,AWS_COK,spike,humidity spiked by 15.39
2026-08-29T11:52:34.059419,AWS_VTZ,drift,Temperature drifted by 0.44
2026-08-29T11:52:34.060357,AWS_PAT,dropout,Reading dropped
2026-08-29T11:52:34.060847,AWS_IXC,frozen_value,Values frozen
2026-08-29T11:52:34.061535,AWS_BBI,cross_parameter_inconsistency,Physically inconsistent state
2026-08-29T11:52:34.062346,AWS_GAU,drift,Temperature drifted by 2.86
2026-08-29T11:52:36.067471,AWS_HYD,spike,temperature spiked by 17.64
2026-08-29T11:52:36.068773,AWS_MAA,drift,Temperature drifted by 4.02
2026-08-29T11:52:36.070370,AWS_CCU,drift,Temperature drifted by 3.70
2026-08-29T11:52:36.071794,AWS_AMD,drift,Temperature drifted by 4.03
2026-08-29T11:52:36.074703,AWS_STV,drift,Temperature drifted by 2.67
2026-08-29T11:52:36.076399,AWS_LKO,frozen_value,Values frozen
2026-08-29T11:52:36.077440,AWS_KNP,drift,Temperature drifted by 0.72
2026-08-29T11:52:36.080141,AWS_BHO,frozen_value,Values frozen
2026-08-29T11:52:36.081991,AWS_VTZ,drift,Temperature drifted by 0.81
2026-08-29T11:52:36.083339,AWS_IXC,frozen_value,Values frozen
2026-08-29T11:52:36.084366,AWS_BBI,dropout,Reading dropped
2026-08-29T11:52:36.085468,AWS_GAU,drift,Temperature drifted by 3.07
2026-08-29T11:52:38.088408,AWS_MUM,spatial_outlier,Deviating from spatial trend
2026-08-29T11:52:38.092208,AWS_MAA,drift,Temperature drifted by 4.30
2026-08-29T11:52:38.093257,AWS_CCU,drift,Temperature drifted by 3.84
2026-08-29T11:52:38.094959,AWS_STV,drift,Temperature drifted by 2.85
2026-08-29T11:52:38.096433,AWS_LKO,frozen_value,Values frozen
2026-08-29T11:52:38.097594,AWS_KNP,drift,Temperature drifted by 0.83
2026-08-29T11:52:38.098760,AWS_NAG,frozen_value,Values frozen
2026-08-29T11:52:38.100247,AWS_BHO,frozen_value,Values frozen
2026-08-29T11:52:38.104684,AWS_VTZ,drift,Temperature drifted by 1.00
2026-08-29T11:52:38.107159,AWS_PAT,cross_parameter_inconsistency,Physically inconsistent state
2026-08-29T11:52:38.108709,AWS_IXC,frozen_value,Values frozen
2026-08-29T11:52:38.110299,AWS_GAU,drift,Temperature drifted by 3.18
2026-08-29T11:52:38.112018,AWS_MYQ,frozen_value,Values frozen
2026-08-29T11:52:40.116670,AWS_DEL,dropout,Reading dropped
2026-08-29T11:52:40.123304,AWS_STV,drift,Temperature drifted by 3.29
2026-08-29T11:52:40.126057,AWS_KNP,drift,Temperature drifted by 1.10
2026-08-29T11:52:40.127039,AWS_NAG,frozen_value,Values frozen
2026-08-29T11:52:40.128312,AWS_BHO,frozen_value,Values frozen
2026-08-29T11:52:40.130183,AWS_VTZ,drift,Temperature drifted by 1.19
2026-08-29T11:52:40.131322,AWS_IXC,frozen_value,Values frozen
2026-08-29T11:52:40.134131,AWS_MYQ,frozen_value,Values frozen
2026-08-29T11:52:42.136650,AWS_MUM,dropout,Reading dropped
2026-08-29T11:52:42.137743,AWS_DEL,dropout,Reading dropped
2026-08-29T11:52:42.139783,AWS_MAA,frozen_value,Values frozen
2026-08-29T11:52:42.142303,AWS_STV,drift,Temperature drifted by 3.68
2026-08-29T11:52:42.143169,AWS_JAI,drift,Temperature drifted by 0.40
2026-08-29T11:52:42.144780,AWS_KNP,drift,Temperature drifted by 1.40
2026-08-29T11:52:42.145991,AWS_NAG,frozen_value,Values frozen
2026-08-29T11:52:42.147330,AWS_BHO,frozen_value,Values frozen
2026-08-29T11:52:42.149665,AWS_VTZ,drift,Temperature drifted by 1.62
2026-08-29T11:52:42.152748,AWS_MYQ,frozen_value,Values frozen
2026-08-29T11:52:42.153668,AWS_CJB,cross_parameter_inconsistency,Physically inconsistent state
2026-08-29T11:52:44.155164,AWS_MUM,dropout,Reading dropped
2026-08-29T11:52:44.156387,AWS_DEL,dropout,Reading dropped
2026-08-29T11:52:44.158845,AWS_MAA,frozen_value,Values frozen
2026-08-29T11:52:44.160056,AWS_CCU,cross_parameter_inconsistency,Physically inconsistent state
2026-08-29T11:52:44.161934,AWS_STV,frozen_value,Values frozen
2026-08-29T11:52:44.162878,AWS_JAI,drift,Temperature drifted by 0.50
2026-08-29T11:52:44.164440,AWS_KNP,drift,Temperature drifted by 1.68
2026-08-29T11:52:44.165391,AWS_NAG,frozen_value,Values frozen
2026-08-29T11:52:44.166451,AWS_IDR,frozen_value,Values frozen
2026-08-29T11:52:44.167401,AWS_BHO,frozen_value,Values frozen
2026-08-29T11:52:44.168927,AWS_VTZ,drift,Temperature drifted by 1.86
2026-08-29T11:52:44.172054,AWS_MYQ,frozen_value,Values frozen
2026-08-29T11:52:46.173648,AWS_MUM,dropout,Reading dropped
2026-08-29T11:52:46.176360,AWS_DEL,dropout,Reading dropped
2026-08-29T11:52:46.180036,AWS_MAA,frozen_value,Values frozen
2026-08-29T11:52:46.184504,AWS_STV,frozen_value,Values frozen
2026-08-29T11:52:46.187355,AWS_JAI,drift,Temperature drifted by 0.68
2026-08-29T11:52:46.190893,AWS_KNP,drift,Temperature drifted by 1.86
2026-08-29T11:52:46.192243,AWS_NAG,frozen_value,Values frozen
2026-08-29T11:52:46.193218,AWS_IDR,frozen_value,Values frozen
2026-08-29T11:52:46.194800,AWS_BHO,frozen_value,Values frozen
2026-08-29T11:52:46.198720,AWS_VTZ,drift,Temperature drifted by 2.29
2026-08-29T11:52:46.200383,AWS_IXC,frozen_value,Values frozen
2026-08-29T11:52:46.203104,AWS_MYQ,frozen_value,Values frozen
2026-08-29T11:52:48.205242,AWS_DEL,dropout,Reading dropped
2026-08-29T11:52:48.206406,AWS_HYD,frozen_value,Values frozen
2026-08-29T11:52:48.207658,AWS_MAA,frozen_value,Values frozen
2026-08-29T11:52:48.209482,AWS_AMD,frozen_value,Values frozen
2026-08-29T11:52:48.210642,AWS_STV,frozen_value,Values frozen
2026-08-29T11:52:48.211699,AWS_JAI,drift,Temperature drifted by 0.98
2026-08-29T11:52:48.213164,AWS_KNP,drift,Temperature drifted by 2.06
2026-08-29T11:52:48.214207,AWS_NAG,frozen_value,Values frozen
2026-08-29T11:52:48.215506,AWS_IDR,frozen_value,Values frozen
2026-08-29T11:52:48.217628,AWS_BHO,frozen_value,Values frozen
2026-08-29T11:52:48.219447,AWS_VTZ,drift,Temperature drifted by 2.45
2026-08-29T11:52:48.220305,AWS_PAT,frozen_value,Values frozen
2026-08-29T11:52:48.222134,AWS_IXC,frozen_value,Values frozen
2026-08-29T11:52:48.224736,AWS_IXR,drift,Temperature drifted by 0.30
2026-08-29T11:52:48.225879,AWS_MYQ,frozen_value,Values frozen
2026-08-29T11:52:50.228975,AWS_DEL,dropout,Reading dropped
2026-08-29T11:52:50.229527,AWS_BLR,frozen_value,Values frozen
2026-08-29T11:52:50.230844,AWS_HYD,frozen_value,Values frozen
2026-08-29T11:52:50.232788,AWS_MAA,frozen_value,Values frozen
2026-08-29T11:52:50.233636,AWS_CCU,drift,Temperature drifted by 0.11
2026-08-29T11:52:50.234458,AWS_PNQ,dropout,Reading dropped
2026-08-29T11:52:50.234943,AWS_AMD,frozen_value,Values frozen
2026-08-29T11:52:50.236114,AWS_STV,frozen_value,Values frozen
2026-08-29T11:52:50.236953,AWS_JAI,drift,Temperature drifted by 1.14
2026-08-29T11:52:50.238262,AWS_KNP,drift,Temperature drifted by 2.31
2026-08-29T11:52:50.239350,AWS_NAG,frozen_value,Values frozen
2026-08-29T11:52:50.240407,AWS_IDR,frozen_value,Values frozen
2026-08-29T11:52:50.242118,AWS_BHO,frozen_value,Values frozen
2026-08-29T11:52:50.243958,AWS_VTZ,drift,Temperature drifted by 2.73
2026-08-29T11:52:50.244842,AWS_PAT,frozen_value,Values frozen
2026-08-29T11:52:50.245644,AWS_IXC,frozen_value,Values frozen
2026-08-29T11:52:50.249014,AWS_IXR,drift,Temperature drifted by 0.61
2026-08-29T11:52:50.250039,AWS_MYQ,frozen_value,Values frozen
2026-08-29T11:52:50.250962,AWS_CJB,spatial_outlier,Deviating from spatial trend
2026-08-29T11:52:52.253416,AWS_DEL,dropout,Reading dropped
2026-08-29T11:52:52.254291,AWS_BLR,frozen_value,Values frozen
2026-08-29T11:52:52.255557,AWS_HYD,frozen_value,Values frozen
2026-08-29T11:52:52.256519,AWS_MAA,frozen_value,Values frozen
2026-08-29T11:52:52.257519,AWS_CCU,drift,Temperature drifted by 0.42
2026-08-29T11:52:52.259531,AWS_AMD,frozen_value,Values frozen
2026-08-29T11:52:52.260992,AWS_STV,frozen_value,Values frozen
2026-08-29T11:52:52.263860,AWS_KNP,drift,Temperature drifted by 2.69
2026-08-29T11:52:52.265648,AWS_NAG,frozen_value,Values frozen
2026-08-29T11:52:52.267384,AWS_IDR,frozen_value,Values frozen
2026-08-29T11:52:52.272267,AWS_PAT,frozen_value,Values frozen
2026-08-29T11:52:52.274330,AWS_IXC,frozen_value,Values frozen
2026-08-29T11:52:52.277104,AWS_IXR,drift,Temperature drifted by 0.84
2026-08-29T11:52:52.278634,AWS_MYQ,frozen_value,Values frozen
2026-08-29T11:52:52.280040,AWS_CJB,cross_parameter_inconsistency,Physically inconsistent state
2026-08-29T11:52:54.282244,AWS_DEL,dropout,Reading dropped
2026-08-29T11:52:54.282927,AWS_BLR,frozen_value,Values frozen
2026-08-29T11:52:54.283896,AWS_HYD,frozen_value,Values frozen
2026-08-29T11:52:54.285172,AWS_MAA,frozen_value,Values frozen
2026-08-29T11:52:54.286571,AWS_CCU,drift,Temperature drifted by 0.89
2026-08-29T11:52:54.288391,AWS_AMD,frozen_value,Values frozen
2026-08-29T11:52:54.289889,AWS_STV,frozen_value,Values frozen
2026-08-29T11:52:54.293233,AWS_KNP,drift,Temperature drifted by 2.94
2026-08-29T11:52:54.294986,AWS_NAG,frozen_value,Values frozen
2026-08-29T11:52:54.297227,AWS_IDR,frozen_value,Values frozen
2026-08-29T11:52:54.299663,AWS_TRV,cross_parameter_inconsistency,Physically inconsistent state
2026-08-29T11:52:54.301970,AWS_PAT,frozen_value,Values frozen
2026-08-29T11:52:54.304150,AWS_IXC,frozen_value,Values frozen
2026-08-29T11:52:54.307713,AWS_IXR,drift,Temperature drifted by 1.12
2026-08-29T11:52:54.309818,AWS_MYQ,frozen_value,Values frozen
2026-08-29T11:52:54.312190,AWS_CJB,cross_parameter_inconsistency,Physically inconsistent state
2026-08-29T11:52:56.315020,AWS_BLR,frozen_value,Values frozen
2026-08-29T11:52:56.316694,AWS_HYD,frozen_value,Values frozen
2026-08-29T11:52:56.319295,AWS_CCU,drift,Temperature drifted by 1.18
2026-08-29T11:52:56.322455,AWS_AMD,frozen_value,Values frozen
2026-08-29T11:52:56.325375,AWS_STV,frozen_value,Values frozen
2026-08-29T11:52:56.329706,AWS_KNP,drift,Temperature drifted by 3.41
2026-08-29T11:52:56.331840,AWS_NAG,frozen_value,Values frozen
2026-08-29T11:52:56.333958,AWS_IDR,frozen_value,Values frozen
2026-08-29T11:52:56.338758,AWS_VTZ,frozen_value,Values frozen
2026-08-29T11:52:56.341358,AWS_PAT,frozen_value,Values frozen
2026-08-29T11:52:56.344277,AWS_IXC,drift,Temperature drifted by 0.14
2026-08-29T11:52:56.349047,AWS_IXR,drift,Temperature drifted by 1.53
2026-08-29T11:52:56.351356,AWS_MYQ,frozen_value,Values frozen
2026-08-29T11:52:56.354095,AWS_CJB,dropout,Reading dropped
2026-08-29T11:52:58.358091,AWS_DEL,drift,Temperature drifted by 0.32
2026-08-29T11:52:58.359677,AWS_BLR,frozen_value,Values frozen
2026-08-29T11:52:58.361484,AWS_HYD,frozen_value,Values frozen
2026-08-29T11:52:58.363223,AWS_CCU,drift,Temperature drifted by 1.49
2026-08-29T11:52:58.365212,AWS_AMD,frozen_value,Values frozen
2026-08-29T11:52:58.366689,AWS_STV,frozen_value,Values frozen
2026-08-29T11:52:58.368849,AWS_KNP,drift,Temperature drifted by 3.82
2026-08-29T11:52:58.369937,AWS_NAG,frozen_value,Values frozen
2026-08-29T11:52:58.372465,AWS_IDR,frozen_value,Values frozen
2026-08-29T11:52:58.375485,AWS_VTZ,frozen_value,Values frozen
2026-08-29T11:52:58.376608,AWS_PAT,frozen_value,Values frozen
2026-08-29T11:52:58.377663,AWS_IXC,drift,Temperature drifted by 0.64
2026-08-29T11:52:58.379943,AWS_IXR,drift,Temperature drifted by 1.71
2026-08-29T11:52:58.381303,AWS_MYQ,frozen_value,Values frozen
2026-08-29T11:52:58.382565,AWS_CJB,dropout,Reading dropped
2026-08-29T11:53:00.385605,AWS_DEL,drift,Temperature drifted by 0.70
2026-08-29T11:53:00.387593,AWS_BLR,frozen_value,Values frozen
2026-08-29T11:53:00.391725,AWS_CCU,drift,Temperature drifted by 1.71
2026-08-29T11:53:00.392929,AWS_PNQ,spatial_outlier,Deviating from spatial trend
2026-08-29T11:53:00.394462,AWS_AMD,frozen_value,Values frozen
2026-08-29T11:53:00.395949,AWS_STV,frozen_value,Values frozen
2026-08-29T11:53:00.397284,AWS_JAI,dropout,Reading dropped
2026-08-29T11:53:00.398740,AWS_NAG,frozen_value,Values frozen
2026-08-29T11:53:00.399868,AWS_IDR,frozen_value,Values frozen
2026-08-29T11:53:00.402408,AWS_TRV,dropout,Reading dropped
2026-08-29T11:53:00.403181,AWS_VTZ,frozen_value,Values frozen
2026-08-29T11:53:00.404263,AWS_PAT,frozen_value,Values frozen
2026-08-29T11:53:00.406040,AWS_IXC,drift,Temperature drifted by 0.87
2026-08-29T11:53:00.408112,AWS_GAU,dropout,Reading dropped
2026-08-29T11:53:00.408837,AWS_IXR,drift,Temperature drifted by 2.07
2026-08-29T11:53:00.409793,AWS_MYQ,frozen_value,Values frozen
2026-08-29T11:53:00.410715,AWS_CJB,spike,pressure spiked by 77.63
2026-08-29T11:53:02.413886,AWS_DEL,drift,Temperature drifted by 1.19
2026-08-29T11:53:02.415443,AWS_BLR,frozen_value,Values frozen
2026-08-29T11:53:02.419010,AWS_CCU,drift,Temperature drifted by 1.91
2026-08-29T11:53:02.422222,AWS_AMD,frozen_value,Values frozen
2026-08-29T11:53:02.425537,AWS_STV,frozen_value,Values frozen
2026-08-29T11:53:02.428613,AWS_JAI,dropout,Reading dropped
2026-08-29T11:53:02.433010,AWS_NAG,frozen_value,Values frozen
2026-08-29T11:53:02.436053,AWS_IDR,frozen_value,Values frozen
2026-08-29T11:53:02.439911,AWS_COK,frozen_value,Values frozen
2026-08-29T11:53:02.444438,AWS_VTZ,frozen_value,Values frozen
2026-08-29T11:53:02.447991,AWS_PAT,frozen_value,Values frozen
2026-08-29T11:53:02.450912,AWS_IXC,drift,Temperature drifted by 1.00
2026-08-29T11:53:02.454623,AWS_GAU,dropout,Reading dropped
2026-08-29T11:53:02.456306,AWS_IXR,drift,Temperature drifted by 2.27
2026-08-29T11:53:02.460763,AWS_CJB,drift,Temperature drifted by 0.18
2026-08-29T11:53:04.465287,AWS_DEL,drift,Temperature drifted by 1.58
2026-08-29T11:53:04.466349,AWS_BLR,frozen_value,Values frozen
2026-08-29T11:53:04.467864,AWS_CCU,drift,Temperature drifted by 2.31
2026-08-29T11:53:04.468810,AWS_PNQ,drift,Temperature drifted by 0.11
2026-08-29T11:53:04.469831,AWS_AMD,frozen_value,Values frozen
2026-08-29T11:53:04.471286,AWS_JAI,spike,pressure spiked by 116.47
2026-08-29T11:53:04.473812,AWS_NAG,frozen_value,Values frozen
2026-08-29T11:53:04.475074,AWS_IDR,frozen_value,Values frozen
2026-08-29T11:53:04.476832,AWS_COK,frozen_value,Values frozen
2026-08-29T11:53:04.477826,AWS_TRV,dropout,Reading dropped
2026-08-29T11:53:04.478403,AWS_VTZ,frozen_value,Values frozen
2026-08-29T11:53:04.479235,AWS_PAT,frozen_value,Values frozen
2026-08-29T11:53:04.480755,AWS_IXC,drift,Temperature drifted by 1.18
2026-08-29T11:53:04.483118,AWS_GAU,dropout,Reading dropped
2026-08-29T11:53:04.483748,AWS_IXR,drift,Temperature drifted by 2.38
2026-08-29T11:53:04.485581,AWS_CJB,drift,Temperature drifted by 0.52
2026-08-29T11:53:06.487865,AWS_DEL,drift,Temperature drifted by 1.92
2026-08-29T11:53:06.489064,AWS_BLR,frozen_value,Values frozen
2026-08-29T11:53:06.492327,AWS_CCU,drift,Temperature drifted by 2.78
2026-08-29T11:53:06.493516,AWS_PNQ,drift,Temperature drifted by 0.56
2026-08-29T11:53:06.495367,AWS_AMD,frozen_value,Values frozen
2026-08-29T11:53:06.498775,AWS_NAG,frozen_value,Values frozen
2026-08-29T11:53:06.499790,AWS_IDR,frozen_value,Values frozen
2026-08-29T11:53:06.501117,AWS_COK,frozen_value,Values frozen
2026-08-29T11:53:06.503451,AWS_VTZ,frozen_value,Values frozen
2026-08-29T11:53:06.504902,AWS_IXC,drift,Temperature drifted by 1.55
2026-08-29T11:53:06.505908,AWS_BBI,dropout,Reading dropped
2026-08-29T11:53:06.507675,AWS_IXR,drift,Temperature drifted by 2.79
2026-08-29T11:53:06.509866,AWS_CJB,drift,Temperature drifted by 0.79
2026-08-29T11:53:08.511078,AWS_MUM,drift,Temperature drifted by 0.31
2026-08-29T11:53:08.514157,AWS_DEL,drift,Temperature drifted by 2.30
2026-08-29T11:53:08.515407,AWS_BLR,frozen_value,Values frozen
2026-08-29T11:53:08.517946,AWS_CCU,drift,Temperature drifted by 3.26
2026-08-29T11:53:08.519238,AWS_PNQ,drift,Temperature drifted by 1.03
2026-08-29T11:53:08.521141,AWS_AMD,frozen_value,Values frozen
2026-08-29T11:53:08.522283,AWS_STV,spatial_outlier,Deviating from spatial trend
2026-08-29T11:53:08.526243,AWS_LKO,spatial_outlier,Deviating from spatial trend
2026-08-29T11:53:08.528611,AWS_IDR,frozen_value,Values frozen
2026-08-29T11:53:08.530167,AWS_COK,frozen_value,Values frozen
2026-08-29T11:53:08.531769,AWS_VTZ,frozen_value,Values frozen
2026-08-29T11:53:08.533054,AWS_IXC,drift,Temperature drifted by 1.98
2026-08-29T11:53:08.534601,AWS_BBI,frozen_value,Values frozen
2026-08-29T11:53:08.536157,AWS_IXR,drift,Temperature drifted by 3.13
2026-08-29T11:53:08.538923,AWS_CJB,drift,Temperature drifted by 1.18
2026-08-29T11:53:10.542335,AWS_MUM,drift,Temperature drifted by 0.72
2026-08-29T11:53:10.543936,AWS_DEL,drift,Temperature drifted by 2.48
2026-08-29T11:53:10.545036,AWS_BLR,frozen_value,Values frozen
2026-08-29T11:53:10.545884,AWS_HYD,drift,Temperature drifted by 0.46
2026-08-29T11:53:10.547211,AWS_CCU,drift,Temperature drifted by 3.71
2026-08-29T11:53:10.548308,AWS_PNQ,drift,Temperature drifted by 1.33
2026-08-29T11:53:10.549384,AWS_AMD,frozen_value,Values frozen
2026-08-29T11:53:10.551973,AWS_JAI,dropout,Reading dropped
2026-08-29T11:53:10.553854,AWS_NAG,spike,pressure spiked by -101.50
2026-08-29T11:53:10.554787,AWS_IDR,frozen_value,Values frozen
2026-08-29T11:53:10.556309,AWS_BHO,drift,Temperature drifted by 0.32
2026-08-29T11:53:10.557949,AWS_COK,frozen_value,Values frozen
2026-08-29T11:53:10.559368,AWS_VTZ,frozen_value,Values frozen
2026-08-29T11:53:10.560653,AWS_IXC,drift,Temperature drifted by 2.11
2026-08-29T11:53:10.561467,AWS_BBI,frozen_value,Values frozen
2026-08-29T11:53:10.562810,AWS_IXR,drift,Temperature drifted by 3.28
2026-08-29T11:53:10.564894,AWS_CJB,drift,Temperature drifted by 1.39
2026-08-29T11:53:12.566548,AWS_MUM,drift,Temperature drifted by 0.85
2026-08-29T11:53:12.571156,AWS_DEL,drift,Temperature drifted by 2.65
2026-08-29T11:53:12.572743,AWS_BLR,frozen_value,Values frozen
2026-08-29T11:53:12.574466,AWS_HYD,drift,Temperature drifted by 0.72
2026-08-29T11:53:12.577182,AWS_PNQ,drift,Temperature drifted by 1.51
2026-08-29T11:53:12.578526,AWS_AMD,frozen_value,Values frozen
2026-08-29T11:53:12.581143,AWS_NAG,drift,Temperature drifted by 0.44
2026-08-29T11:53:12.582823,AWS_IDR,frozen_value,Values frozen
2026-08-29T11:53:12.583976,AWS_BHO,drift,Temperature drifted by 0.42
2026-08-29T11:53:12.584934,AWS_COK,frozen_value,Values frozen
2026-08-29T11:53:12.586218,AWS_VTZ,drift,Temperature drifted by 0.25
2026-08-29T11:53:12.588205,AWS_IXC,drift,Temperature drifted by 2.44
2026-08-29T11:53:12.590298,AWS_BBI,frozen_value,Values frozen
2026-08-29T11:53:12.592136,AWS_IXR,drift,Temperature drifted by 3.46
2026-08-29T11:53:14.595464,AWS_MUM,drift,Temperature drifted by 1.07
2026-08-29T11:53:14.597587,AWS_DEL,drift,Temperature drifted by 2.86
2026-08-29T11:53:14.598486,AWS_BLR,frozen_value,Values frozen
2026-08-29T11:53:14.599260,AWS_HYD,drift,Temperature drifted by 1.03
2026-08-29T11:53:14.600553,AWS_CCU,spike,pressure spiked by 147.42
2026-08-29T11:53:14.601473,AWS_PNQ,drift,Temperature drifted by 1.67
2026-08-29T11:53:14.602523,AWS_AMD,frozen_value,Values frozen
2026-08-29T11:53:14.604586,AWS_JAI,dropout,Reading dropped
2026-08-29T11:53:14.605258,AWS_LKO,spike,humidity spiked by -20.41
2026-08-29T11:53:14.606602,AWS_NAG,drift,Temperature drifted by 0.87
2026-08-29T11:53:14.608762,AWS_BHO,drift,Temperature drifted by 0.81
2026-08-29T11:53:14.609863,AWS_COK,frozen_value,Values frozen
2026-08-29T11:53:14.610903,AWS_TRV,cross_parameter_inconsistency,Physically inconsistent state
2026-08-29T11:53:14.611725,AWS_VTZ,drift,Temperature drifted by 0.35
2026-08-29T11:53:14.613152,AWS_IXC,drift,Temperature drifted by 2.64
2026-08-29T11:53:14.614025,AWS_BBI,frozen_value,Values frozen
2026-08-29T11:53:14.615082,AWS_IXR,drift,Temperature drifted by 3.78
2026-08-29T11:53:16.617727,AWS_MUM,drift,Temperature drifted by 1.31
2026-08-29T11:53:16.621419,AWS_BLR,frozen_value,Values frozen
2026-08-29T11:53:16.624213,AWS_HYD,drift,Temperature drifted by 1.52
2026-08-29T11:53:16.627035,AWS_PNQ,drift,Temperature drifted by 1.84
2026-08-29T11:53:16.628484,AWS_AMD,frozen_value,Values frozen
2026-08-29T11:53:16.630790,AWS_NAG,drift,Temperature drifted by 1.12
2026-08-29T11:53:16.632447,AWS_BHO,drift,Temperature drifted by 1.00
2026-08-29T11:53:16.633462,AWS_COK,frozen_value,Values frozen
2026-08-29T11:53:16.634617,AWS_VTZ,drift,Temperature drifted by 0.61
2026-08-29T11:53:16.636407,AWS_IXC,drift,Temperature drifted by 3.04
2026-08-29T11:53:16.638782,AWS_BBI,frozen_value,Values frozen
2026-08-29T11:53:18.642093,AWS_MUM,drift,Temperature drifted by 1.71
2026-08-29T11:53:18.645647,AWS_DEL,dropout,Reading dropped
2026-08-29T11:53:18.647393,AWS_BLR,frozen_value,Values frozen
2026-08-29T11:53:18.649957,AWS_HYD,drift,Temperature drifted by 1.70
2026-08-29T11:53:18.653349,AWS_PNQ,drift,Temperature drifted by 1.95
2026-08-29T11:53:18.659698,AWS_LKO,dropout,Reading dropped
2026-08-29T11:53:18.662199,AWS_NAG,drift,Temperature drifted by 1.27
2026-08-29T11:53:18.665261,AWS_BHO,drift,Temperature drifted by 1.36
2026-08-29T11:53:18.667458,AWS_COK,frozen_value,Values frozen
2026-08-29T11:53:18.670233,AWS_TRV,spike,temperature spiked by 29.70
2026-08-29T11:53:18.672876,AWS_VTZ,drift,Temperature drifted by 1.05
2026-08-29T11:53:18.678186,AWS_IXC,drift,Temperature drifted by 3.54
2026-08-29T11:53:18.682022,AWS_GAU,spike,temperature spiked by 20.41
2026-08-29T11:53:20.688742,AWS_MUM,drift,Temperature drifted by 1.84
2026-08-29T11:53:20.701109,AWS_DEL,dropout,Reading dropped
2026-08-29T11:53:20.714268,AWS_HYD,drift,Temperature drifted by 1.90
2026-08-29T11:53:20.721162,AWS_CCU,cross_parameter_inconsistency,Physically inconsistent state
2026-08-29T11:53:20.734924,AWS_PNQ,drift,Temperature drifted by 2.41
2026-08-29T11:53:20.752029,AWS_JAI,drift,Temperature drifted by 0.23
2026-08-29T11:53:20.762523,AWS_LKO,dropout,Reading dropped
2026-08-29T11:53:20.766476,AWS_KNP,spike,humidity spiked by -20.56
2026-08-29T11:53:20.780803,AWS_NAG,drift,Temperature drifted by 1.54
2026-08-29T11:53:20.802406,AWS_BHO,drift,Temperature drifted by 1.51
2026-08-29T11:53:20.832184,AWS_COK,frozen_value,Values frozen
2026-08-29T11:53:20.850322,AWS_TRV,frozen_value,Values frozen
2026-08-29T11:53:20.865941,AWS_VTZ,drift,Temperature drifted by 1.21
2026-08-29T11:53:20.878169,AWS_IXC,drift,Temperature drifted by 3.89
2026-08-29T11:53:20.897105,AWS_BBI,cross_parameter_inconsistency,Physically inconsistent state
2026-08-29T11:53:20.911667,AWS_MYQ,drift,Temperature drifted by 0.28
2026-08-29T11:53:22.917821,AWS_MUM,drift,Temperature drifted by 2.32
2026-08-29T11:53:22.929495,AWS_DEL,dropout,Reading dropped
2026-08-29T11:53:22.949294,AWS_HYD,drift,Temperature drifted by 2.02
2026-08-29T11:53:22.970049,AWS_PNQ,drift,Temperature drifted by 2.67
2026-08-29T11:53:23.015142,AWS_JAI,drift,Temperature drifted by 0.37
2026-08-29T11:53:23.030861,AWS_LKO,dropout,Reading dropped
2026-08-29T11:53:23.036052,AWS_KNP,dropout,Reading dropped
2026-08-29T11:53:23.037821,AWS_NAG,drift,Temperature drifted by 1.86
2026-08-29T11:53:23.064762,AWS_BHO,dropout,Reading dropped
2026-08-29T11:53:23.066866,AWS_COK,frozen_value,Values frozen
2026-08-29T11:53:23.098285,AWS_TRV,frozen_value,Values frozen
2026-08-29T11:53:23.126391,AWS_VTZ,drift,Temperature drifted by 1.55
2026-08-29T11:53:23.142814,AWS_PAT,spatial_outlier,Deviating from spatial trend
2026-08-29T11:53:23.152308,AWS_IXC,drift,Temperature drifted by 4.04
2026-08-29T11:53:23.185862,AWS_MYQ,drift,Temperature drifted by 0.59
2026-08-29T11:53:25.205009,AWS_BLR,dropout,Reading dropped
2026-08-29T11:53:25.209975,AWS_HYD,drift,Temperature drifted by 2.32
2026-08-29T11:53:25.213698,AWS_MAA,frozen_value,Values frozen
2026-08-29T11:53:25.219735,AWS_CCU,spatial_outlier,Deviating from spatial trend
2026-08-29T11:53:25.230052,AWS_PNQ,drift,Temperature drifted by 3.13
2026-08-29T11:53:25.253814,AWS_JAI,drift,Temperature drifted by 0.61
2026-08-29T11:53:25.269172,AWS_LKO,frozen_value,Values frozen
2026-08-29T11:53:25.283034,AWS_KNP,dropout,Reading dropped
2026-08-29T11:53:25.286338,AWS_NAG,drift,Temperature drifted by 2.04
2026-08-29T11:53:25.310779,AWS_BHO,dropout,Reading dropped
2026-08-29T11:53:25.317786,AWS_TRV,frozen_value,Values frozen
2026-08-29T11:53:25.322584,AWS_VTZ,drift,Temperature drifted by 1.96
2026-08-29T11:53:25.333501,AWS_IXC,drift,Temperature drifted by 4.30
2026-08-29T11:53:25.337149,AWS_BBI,cross_parameter_inconsistency,Physically inconsistent state
2026-08-29T11:53:25.350984,AWS_MYQ,drift,Temperature drifted by 0.90
2026-08-29T11:53:27.366340,AWS_MUM,spatial_outlier,Deviating from spatial trend
2026-08-29T11:53:27.381357,AWS_BLR,dropout,Reading dropped
2026-08-29T11:53:27.388214,AWS_MAA,frozen_value,Values frozen
2026-08-29T11:53:27.411202,AWS_JAI,drift,Temperature drifted by 0.91
2026-08-29T11:53:27.415333,AWS_LKO,frozen_value,Values frozen
2026-08-29T11:53:27.419521,AWS_KNP,dropout,Reading dropped
2026-08-29T11:53:27.427711,AWS_NAG,drift,Temperature drifted by 2.33
2026-08-29T11:53:27.446050,AWS_BHO,dropout,Reading dropped
2026-08-29T11:53:27.452580,AWS_TRV,frozen_value,Values frozen
2026-08-29T11:53:27.460238,AWS_VTZ,drift,Temperature drifted by 2.46
2026-08-29T11:53:27.465729,AWS_PAT,cross_parameter_inconsistency,Physically inconsistent state
2026-08-29T11:53:27.483497,AWS_IXR,drift,Temperature drifted by 0.22
2026-08-29T11:53:27.493379,AWS_MYQ,drift,Temperature drifted by 1.35
2026-08-29T11:53:29.511939,AWS_MUM,spatial_outlier,Deviating from spatial trend
2026-08-29T11:53:29.515546,AWS_MAA,frozen_value,Values frozen
2026-08-29T11:53:29.518564,AWS_JAI,drift,Temperature drifted by 1.28
2026-08-29T11:53:29.519354,AWS_LKO,frozen_value,Values frozen
2026-08-29T11:53:29.520944,AWS_NAG,drift,Temperature drifted by 2.65
2026-08-29T11:53:29.524516,AWS_TRV,frozen_value,Values frozen
2026-08-29T11:53:29.526403,AWS_VTZ,drift,Temperature drifted by 2.56
2026-08-29T11:53:29.528175,AWS_IXC,spike,pressure spiked by 82.92
2026-08-29T11:53:29.529933,AWS_IXR,drift,Temperature drifted by 0.52
2026-08-29T11:53:29.531078,AWS_MYQ,drift,Temperature drifted by 1.65
2026-08-29T11:53:31.532968,AWS_MUM,spike,temperature spiked by -13.07
2026-08-29T11:53:31.537472,AWS_BLR,drift,Temperature drifted by 0.21
2026-08-29T11:53:31.544261,AWS_MAA,frozen_value,Values frozen
2026-08-29T11:53:31.547884,AWS_CCU,dropout,Reading dropped
2026-08-29T11:53:31.554008,AWS_JAI,drift,Temperature drifted by 1.64
2026-08-29T11:53:31.557429,AWS_LKO,frozen_value,Values frozen
2026-08-29T11:53:31.561470,AWS_NAG,frozen_value,Values frozen
2026-08-29T11:53:31.569123,AWS_VTZ,drift,Temperature drifted by 0.50
2026-08-29T11:53:31.579205,AWS_IXR,drift,Temperature drifted by 0.82
2026-08-29T11:53:31.582330,AWS_MYQ,drift,Temperature drifted by 1.76
2026-08-29T11:53:33.590748,AWS_BLR,drift,Temperature drifted by 0.48
2026-08-29T11:53:33.593283,AWS_MAA,frozen_value,Values frozen
2026-08-29T11:53:33.597063,AWS_JAI,drift,Temperature drifted by 1.79
2026-08-29T11:53:33.598149,AWS_LKO,frozen_value,Values frozen
2026-08-29T11:53:33.600071,AWS_NAG,frozen_value,Values frozen
2026-08-29T11:53:33.603755,AWS_TRV,spatial_outlier,Deviating from spatial trend
2026-08-29T11:53:33.604920,AWS_VTZ,drift,Temperature drifted by 0.76
2026-08-29T11:53:33.608312,AWS_IXR,drift,Temperature drifted by 1.14
2026-08-29T11:53:33.609869,AWS_MYQ,drift,Temperature drifted by 2.15
2026-08-29T11:53:35.613191,AWS_DEL,dropout,Reading dropped
2026-08-29T11:53:35.615003,AWS_BLR,drift,Temperature drifted by 0.76
2026-08-29T11:53:35.618246,AWS_HYD,cross_parameter_inconsistency,Physically inconsistent state
2026-08-29T11:53:35.622697,AWS_MAA,frozen_value,Values frozen
2026-08-29T11:53:35.633288,AWS_LKO,frozen_value,Values frozen
2026-08-29T11:53:35.636719,AWS_NAG,frozen_value,Values frozen
2026-08-29T11:53:35.643536,AWS_COK,drift,Temperature drifted by 0.47
2026-08-29T11:53:35.647428,AWS_VTZ,drift,Temperature drifted by 1.02
2026-08-29T11:53:35.655376,AWS_IXR,drift,Temperature drifted by 1.31
2026-08-29T11:53:35.659076,AWS_MYQ,drift,Temperature drifted by 2.64
2026-08-29T11:53:37.664919,AWS_DEL,dropout,Reading dropped
2026-08-29T11:53:37.666193,AWS_BLR,drift,Temperature drifted by 1.05
2026-08-29T11:53:37.668479,AWS_MAA,frozen_value,Values frozen
2026-08-29T11:53:37.674540,AWS_LKO,frozen_value,Values frozen
2026-08-29T11:53:37.676340,AWS_KNP,dropout,Reading dropped
2026-08-29T11:53:37.677617,AWS_NAG,frozen_value,Values frozen
2026-08-29T11:53:37.679970,AWS_COK,drift,Temperature drifted by 0.61
2026-08-29T11:53:37.681179,AWS_TRV,drift,Temperature drifted by 0.13
2026-08-29T11:53:37.682713,AWS_VTZ,drift,Temperature drifted by 1.18
2026-08-29T11:53:37.683640,AWS_PAT,drift,Temperature drifted by 0.25
2026-08-29T11:53:37.686314,AWS_IXR,drift,Temperature drifted by 1.53
2026-08-29T11:53:37.687857,AWS_MYQ,drift,Temperature drifted by 2.76
2026-08-29T11:53:39.691360,AWS_BLR,drift,Temperature drifted by 1.48
2026-08-29T11:53:39.693677,AWS_MAA,frozen_value,Values frozen
2026-08-29T11:53:39.698048,AWS_LKO,frozen_value,Values frozen
2026-08-29T11:53:39.699523,AWS_KNP,dropout,Reading dropped
2026-08-29T11:53:39.700361,AWS_NAG,frozen_value,Values frozen
2026-08-29T11:53:39.701935,AWS_BHO,cross_parameter_inconsistency,Physically inconsistent state
2026-08-29T11:53:39.703625,AWS_COK,drift,Temperature drifted by 0.99
2026-08-29T11:53:39.704929,AWS_TRV,drift,Temperature drifted by 0.25
2026-08-29T11:53:39.706167,AWS_VTZ,drift,Temperature drifted by 1.67
2026-08-29T11:53:39.707594,AWS_PAT,drift,Temperature drifted by 0.74
2026-08-29T11:53:39.711082,AWS_IXR,drift,Temperature drifted by 1.80
2026-08-29T11:53:39.712567,AWS_MYQ,drift,Temperature drifted by 3.24
2026-08-29T11:53:41.716408,AWS_BLR,drift,Temperature drifted by 1.59
2026-08-29T11:53:41.722565,AWS_MAA,frozen_value,Values frozen
2026-08-29T11:53:41.733487,AWS_LKO,frozen_value,Values frozen
2026-08-29T11:53:41.738330,AWS_NAG,frozen_value,Values frozen
2026-08-29T11:53:41.742337,AWS_IDR,dropout,Reading dropped
2026-08-29T11:53:41.745893,AWS_COK,drift,Temperature drifted by 1.10
2026-08-29T11:53:41.748981,AWS_TRV,drift,Temperature drifted by 0.45
2026-08-29T11:53:41.751657,AWS_VTZ,drift,Temperature drifted by 1.87
2026-08-29T11:53:41.754914,AWS_PAT,drift,Temperature drifted by 1.07
2026-08-29T11:53:41.760435,AWS_BBI,spatial_outlier,Deviating from spatial trend
2026-08-29T11:53:41.763353,AWS_GAU,spatial_outlier,Deviating from spatial trend
2026-08-29T11:53:41.766810,AWS_MYQ,drift,Temperature drifted by 3.59
2026-08-29T11:53:43.772284,AWS_MUM,dropout,Reading dropped
2026-08-29T11:53:43.774994,AWS_BLR,drift,Temperature drifted by 1.94
2026-08-29T11:53:43.776738,AWS_MAA,frozen_value,Values frozen
2026-08-29T11:53:43.777728,AWS_CCU,spatial_outlier,Deviating from spatial trend
2026-08-29T11:53:43.778837,AWS_PNQ,drift,Temperature drifted by 0.41
2026-08-29T11:53:43.780711,AWS_JAI,drift,Temperature drifted by 0.38
2026-08-29T11:53:43.782398,AWS_LKO,cross_parameter_inconsistency,Physically inconsistent state
2026-08-29T11:53:43.783783,AWS_NAG,frozen_value,Values frozen
2026-08-29T11:53:43.784883,AWS_IDR,spatial_outlier,Deviating from spatial trend
2026-08-29T11:53:43.787104,AWS_COK,drift,Temperature drifted by 1.26
2026-08-29T11:53:43.788155,AWS_TRV,drift,Temperature drifted by 0.58
2026-08-29T11:53:43.789058,AWS_VTZ,drift,Temperature drifted by 2.10
2026-08-29T11:53:43.790505,AWS_PAT,drift,Temperature drifted by 1.26
2026-08-29T11:53:45.795609,AWS_MUM,dropout,Reading dropped
2026-08-29T11:53:45.799060,AWS_BLR,drift,Temperature drifted by 2.07
2026-08-29T11:53:45.803022,AWS_MAA,frozen_value,Values frozen
2026-08-29T11:53:45.805980,AWS_CCU,spatial_outlier,Deviating from spatial trend
2026-08-29T11:53:45.812050,AWS_PNQ,drift,Temperature drifted by 0.72
2026-08-29T11:53:45.816119,AWS_AMD,cross_parameter_inconsistency,Physically inconsistent state
2026-08-29T11:53:45.823630,AWS_JAI,drift,Temperature drifted by 0.72
2026-08-29T11:53:45.831047,AWS_KNP,dropout,Reading dropped
2026-08-29T11:53:45.834149,AWS_NAG,frozen_value,Values frozen
2026-08-29T11:53:45.841518,AWS_TRV,drift,Temperature drifted by 0.96
2026-08-29T11:53:45.844995,AWS_VTZ,drift,Temperature drifted by 2.60
2026-08-29T11:53:45.847569,AWS_PAT,drift,Temperature drifted by 1.72
2026-08-29T11:53:47.858081,AWS_BLR,drift,Temperature drifted by 2.27
2026-08-29T11:53:47.859089,AWS_HYD,spatial_outlier,Deviating from spatial trend
2026-08-29T11:53:47.860013,AWS_MAA,frozen_value,Values frozen
2026-08-29T11:53:47.861457,AWS_PNQ,drift,Temperature drifted by 1.05
2026-08-29T11:53:47.863085,AWS_JAI,drift,Temperature drifted by 1.09
2026-08-29T11:53:47.864948,AWS_KNP,dropout,Reading dropped
2026-08-29T11:53:47.865573,AWS_NAG,frozen_value,Values frozen
2026-08-29T11:53:47.867998,AWS_TRV,drift,Temperature drifted by 1.20
2026-08-29T11:53:47.869118,AWS_VTZ,drift,Temperature drifted by 3.04
2026-08-29T11:53:47.870011,AWS_PAT,drift,Temperature drifted by 2.20
2026-08-29T11:53:49.876308,AWS_DEL,cross_parameter_inconsistency,Physically inconsistent state
2026-08-29T11:53:49.879649,AWS_BLR,spike,temperature spiked by 24.44
2026-08-29T11:53:49.882937,AWS_MAA,frozen_value,Values frozen
2026-08-29T11:53:49.887067,AWS_CCU,cross_parameter_inconsistency,Physically inconsistent state
2026-08-29T11:53:49.889241,AWS_PNQ,drift,Temperature drifted by 1.17
2026-08-29T11:53:49.895723,AWS_JAI,drift,Temperature drifted by 1.28
2026-08-29T11:53:49.899454,AWS_KNP,dropout,Reading dropped
2026-08-29T11:53:49.904103,AWS_BHO,spatial_outlier,Deviating from spatial trend
2026-08-29T11:53:49.909459,AWS_TRV,drift,Temperature drifted by 1.36
2026-08-29T11:53:49.911859,AWS_VTZ,drift,Temperature drifted by 3.38
2026-08-29T11:53:49.913567,AWS_PAT,drift,Temperature drifted by 2.60
2026-08-29T11:53:49.919766,AWS_IXR,dropout,Reading dropped
2026-08-29T11:53:51.924754,AWS_DEL,frozen_value,Values frozen
2026-08-29T11:53:51.926456,AWS_BLR,frozen_value,Values frozen
2026-08-29T11:53:51.928268,AWS_MAA,frozen_value,Values frozen
2026-08-29T11:53:51.929728,AWS_PNQ,drift,Temperature drifted by 1.48
2026-08-29T11:53:51.933774,AWS_JAI,drift,Temperature drifted by 1.39
2026-08-29T11:53:51.936051,AWS_KNP,dropout,Reading dropped
2026-08-29T11:53:51.938454,AWS_BHO,spike,temperature spiked by -29.85
2026-08-29T11:53:51.942607,AWS_TRV,drift,Temperature drifted by 1.56
2026-08-29T11:53:51.945988,AWS_PAT,drift,Temperature drifted by 2.91
2026-08-29T11:53:51.949261,AWS_GAU,spike,pressure spiked by -85.28
2026-08-29T11:53:51.950862,AWS_IXR,dropout,Reading dropped
2026-08-29T11:53:51.951705,AWS_MYQ,spike,temperature spiked by -24.76
2026-08-29T11:53:51.953365,AWS_CJB,drift,Temperature drifted by 0.42
2026-08-29T11:53:53.956550,AWS_MUM,dropout,Reading dropped
2026-08-29T11:53:53.957540,AWS_DEL,frozen_value,Values frozen
2026-08-29T11:53:53.960097,AWS_BLR,frozen_value,Values frozen
2026-08-29T11:53:53.963540,AWS_MAA,frozen_value,Values frozen
2026-08-29T11:53:53.966188,AWS_CCU,frozen_value,Values frozen
2026-08-29T11:53:53.969413,AWS_PNQ,drift,Temperature drifted by 1.66
2026-08-29T11:53:53.975695,AWS_JAI,drift,Temperature drifted by 1.86
2026-08-29T11:53:53.980245,AWS_KNP,dropout,Reading dropped
2026-08-29T11:53:53.983074,AWS_NAG,dropout,Reading dropped
2026-08-29T11:53:53.987802,AWS_TRV,drift,Temperature drifted by 1.76
2026-08-29T11:53:53.992868,AWS_PAT,drift,Temperature drifted by 3.37
2026-08-29T11:53:53.995882,AWS_IXC,dropout,Reading dropped
2026-08-29T11:53:53.998983,AWS_IXR,dropout,Reading dropped
2026-08-29T11:53:54.001325,AWS_CJB,drift,Temperature drifted by 0.84
2026-08-29T11:53:56.004096,AWS_MUM,dropout,Reading dropped
2026-08-29T11:53:56.004922,AWS_DEL,frozen_value,Values frozen
2026-08-29T11:53:56.006687,AWS_BLR,frozen_value,Values frozen
2026-08-29T11:53:56.009922,AWS_CCU,frozen_value,Values frozen
2026-08-29T11:53:56.015016,AWS_KNP,cross_parameter_inconsistency,Physically inconsistent state
2026-08-29T11:53:56.017000,AWS_NAG,dropout,Reading dropped
2026-08-29T11:53:56.018209,AWS_IDR,frozen_value,Values frozen
2026-08-29T11:53:56.021972,AWS_TRV,drift,Temperature drifted by 2.11
2026-08-29T11:53:56.026275,AWS_PAT,drift,Temperature drifted by 3.47
2026-08-29T11:53:56.028868,AWS_IXC,dropout,Reading dropped
2026-08-29T11:53:56.034801,AWS_CJB,drift,Temperature drifted by 1.13
2026-08-29T11:53:58.037479,AWS_MUM,dropout,Reading dropped
2026-08-29T11:53:58.038606,AWS_DEL,frozen_value,Values frozen
2026-08-29T11:53:58.041310,AWS_BLR,frozen_value,Values frozen
2026-08-29T11:53:58.044557,AWS_CCU,frozen_value,Values frozen
2026-08-29T11:53:58.047447,AWS_STV,dropout,Reading dropped
2026-08-29T11:53:58.049580,AWS_LKO,cross_parameter_inconsistency,Physically inconsistent state
2026-08-29T11:53:58.052728,AWS_IDR,frozen_value,Values frozen
2026-08-29T11:53:58.057551,AWS_TRV,drift,Temperature drifted by 2.27
2026-08-29T11:53:58.060073,AWS_PAT,drift,Temperature drifted by 3.74
2026-08-29T11:53:58.061785,AWS_IXC,dropout,Reading dropped
2026-08-29T11:53:58.065118,AWS_CJB,drift,Temperature drifted by 1.38
2026-08-29T11:54:00.069970,AWS_DEL,frozen_value,Values frozen
2026-08-29T11:54:00.074162,AWS_BLR,frozen_value,Values frozen
2026-08-29T11:54:00.078781,AWS_HYD,cross_parameter_inconsistency,Physically inconsistent state
2026-08-29T11:54:00.083628,AWS_CCU,frozen_value,Values frozen
2026-08-29T11:54:00.087444,AWS_PNQ,dropout,Reading dropped
2026-08-29T11:54:00.090662,AWS_STV,dropout,Reading dropped
2026-08-29T11:54:00.096079,AWS_LKO,frozen_value,Values frozen
2026-08-29T11:54:00.098806,AWS_KNP,cross_parameter_inconsistency,Physically inconsistent state
2026-08-29T11:54:00.101289,AWS_NAG,frozen_value,Values frozen
2026-08-29T11:54:00.104506,AWS_IDR,frozen_value,Values frozen
2026-08-29T11:54:00.113659,AWS_PAT,drift,Temperature drifted by 3.96
2026-08-29T11:54:00.117364,AWS_BBI,spatial_outlier,Deviating from spatial trend
2026-08-29T11:54:00.125042,AWS_CJB,drift,Temperature drifted by 1.86
2026-08-29T11:54:02.129782,AWS_DEL,frozen_value,Values frozen
2026-08-29T11:54:02.130958,AWS_BLR,frozen_value,Values frozen
2026-08-29T11:54:02.132888,AWS_CCU,frozen_value,Values frozen
2026-08-29T11:54:02.136942,AWS_LKO,frozen_value,Values frozen
2026-08-29T11:54:02.138126,AWS_NAG,frozen_value,Values frozen
2026-08-29T11:54:02.138904,AWS_IDR,frozen_value,Values frozen
2026-08-29T11:54:02.142281,AWS_PAT,drift,Temperature drifted by 4.12
2026-08-29T11:54:04.147581,AWS_DEL,frozen_value,Values frozen
2026-08-29T11:54:04.154687,AWS_BLR,frozen_value,Values frozen
2026-08-29T11:54:04.160931,AWS_MAA,frozen_value,Values frozen
2026-08-29T11:54:04.167596,AWS_STV,frozen_value,Values frozen
2026-08-29T11:54:04.170758,AWS_LKO,frozen_value,Values frozen
2026-08-29T11:54:04.175105,AWS_NAG,frozen_value,Values frozen
2026-08-29T11:54:04.177797,AWS_IDR,frozen_value,Values frozen
2026-08-29T11:54:04.181649,AWS_COK,dropout,Reading dropped
2026-08-29T11:54:04.190293,AWS_PAT,drift,Temperature drifted by 4.29
2026-08-29T11:54:04.195628,AWS_GAU,drift,Temperature drifted by 0.37
2026-08-29T11:54:06.204479,AWS_DEL,frozen_value,Values frozen
2026-08-29T11:54:06.205745,AWS_BLR,frozen_value,Values frozen
2026-08-29T11:54:06.208062,AWS_MAA,frozen_value,Values frozen
2026-08-29T11:54:06.209504,AWS_CCU,cross_parameter_inconsistency,Physically inconsistent state
2026-08-29T11:54:06.211052,AWS_AMD,dropout,Reading dropped
2026-08-29T11:54:06.212175,AWS_STV,frozen_value,Values frozen
2026-08-29T11:54:06.213820,AWS_LKO,frozen_value,Values frozen
2026-08-29T11:54:06.215221,AWS_NAG,frozen_value,Values frozen
2026-08-29T11:54:06.216465,AWS_IDR,frozen_value,Values frozen
2026-08-29T11:54:06.218906,AWS_COK,dropout,Reading dropped
2026-08-29T11:54:06.221185,AWS_IXC,spatial_outlier,Deviating from spatial trend
2026-08-29T11:54:06.223017,AWS_BBI,drift,Temperature drifted by 0.33
2026-08-29T11:54:06.225038,AWS_GAU,drift,Temperature drifted by 0.85
2026-08-29T11:54:08.229222,AWS_MUM,dropout,Reading dropped
2026-08-29T11:54:08.230719,AWS_DEL,frozen_value,Values frozen
2026-08-29T11:54:08.232443,AWS_BLR,frozen_value,Values frozen
2026-08-29T11:54:08.235447,AWS_MAA,frozen_value,Values frozen
2026-08-29T11:54:08.239960,AWS_AMD,dropout,Reading dropped
2026-08-29T11:54:08.242236,AWS_STV,frozen_value,Values frozen
2026-08-29T11:54:08.245618,AWS_LKO,frozen_value,Values frozen
2026-08-29T11:54:08.249884,AWS_NAG,frozen_value,Values frozen
2026-08-29T11:54:08.252469,AWS_IDR,frozen_value,Values frozen
2026-08-29T11:54:08.256420,AWS_COK,dropout,Reading dropped
2026-08-29T11:54:08.258193,AWS_TRV,spatial_outlier,Deviating from spatial trend
2026-08-29T11:54:08.264009,AWS_BBI,drift,Temperature drifted by 0.49
2026-08-29T11:54:08.267350,AWS_GAU,drift,Temperature drifted by 1.12
2026-08-29T11:54:08.271835,AWS_MYQ,spatial_outlier,Deviating from spatial trend
2026-08-29T11:54:10.277189,AWS_MUM,dropout,Reading dropped
2026-08-29T11:54:10.278091,AWS_DEL,dropout,Reading dropped
2026-08-29T11:54:10.280281,AWS_MAA,frozen_value,Values frozen
2026-08-29T11:54:10.281447,AWS_CCU,spike,pressure spiked by 80.81
2026-08-29T11:54:10.282530,AWS_PNQ,dropout,Reading dropped
2026-08-29T11:54:10.283243,AWS_AMD,spike,humidity spiked by 29.33
2026-08-29T11:54:10.284219,AWS_STV,frozen_value,Values frozen
2026-08-29T11:54:10.285376,AWS_JAI,drift,Temperature drifted by 0.33
2026-08-29T11:54:10.287330,AWS_LKO,frozen_value,Values frozen
2026-08-29T11:54:10.289938,AWS_NAG,frozen_value,Values frozen
2026-08-29T11:54:10.292057,AWS_IDR,frozen_value,Values frozen
2026-08-29T11:54:10.296358,AWS_VTZ,cross_parameter_inconsistency,Physically inconsistent state
2026-08-29T11:54:10.298166,AWS_PAT,frozen_value,Values frozen
2026-08-29T11:54:10.300523,AWS_BBI,drift,Temperature drifted by 0.88
2026-08-29T11:54:10.302964,AWS_GAU,drift,Temperature drifted by 1.34
2026-08-29T11:54:10.306371,AWS_MYQ,frozen_value,Values frozen
2026-08-29T11:54:12.314041,AWS_MAA,frozen_value,Values frozen
2026-08-29T11:54:12.316172,AWS_CCU,spatial_outlier,Deviating from spatial trend
2026-08-29T11:54:12.317978,AWS_PNQ,dropout,Reading dropped
2026-08-29T11:54:12.319186,AWS_AMD,cross_parameter_inconsistency,Physically inconsistent state
2026-08-29T11:54:12.321685,AWS_STV,frozen_value,Values frozen
2026-08-29T11:54:12.324815,AWS_JAI,drift,Temperature drifted by 0.47
2026-08-29T11:54:12.326487,AWS_LKO,frozen_value,Values frozen
2026-08-29T11:54:12.329499,AWS_NAG,frozen_value,Values frozen
2026-08-29T11:54:12.330983,AWS_IDR,frozen_value,Values frozen
2026-08-29T11:54:12.332504,AWS_TRV,dropout,Reading dropped
2026-08-29T11:54:12.333356,AWS_PAT,frozen_value,Values frozen
2026-08-29T11:54:12.334756,AWS_BBI,drift,Temperature drifted by 1.23
2026-08-29T11:54:12.336187,AWS_GAU,drift,Temperature drifted by 1.51
2026-08-29T11:54:12.337521,AWS_MYQ,frozen_value,Values frozen
2026-08-29T11:54:12.338376,AWS_CJB,drift,Temperature drifted by 0.32
2026-08-29T11:54:14.341450,AWS_DEL,frozen_value,Values frozen
2026-08-29T11:54:14.345882,AWS_MAA,frozen_value,Values frozen
2026-08-29T11:54:14.349736,AWS_CCU,dropout,Reading dropped
2026-08-29T11:54:14.351626,AWS_PNQ,dropout,Reading dropped
2026-08-29T11:54:14.352868,AWS_AMD,drift,Temperature drifted by 0.20
2026-08-29T11:54:14.355260,AWS_STV,frozen_value,Values frozen
2026-08-29T11:54:14.361035,AWS_JAI,drift,Temperature drifted by 0.66
2026-08-29T11:54:14.364003,AWS_LKO,frozen_value,Values frozen
2026-08-29T11:54:14.368608,AWS_NAG,frozen_value,Values frozen
2026-08-29T11:54:14.371741,AWS_IDR,frozen_value,Values frozen
2026-08-29T11:54:14.375945,AWS_COK,cross_parameter_inconsistency,Physically inconsistent state
2026-08-29T11:54:14.379384,AWS_TRV,dropout,Reading dropped
2026-08-29T11:54:14.382483,AWS_PAT,frozen_value,Values frozen
2026-08-29T11:54:14.386064,AWS_BBI,drift,Temperature drifted by 1.42
2026-08-29T11:54:14.388585,AWS_GAU,drift,Temperature drifted by 1.91
2026-08-29T11:54:14.393595,AWS_MYQ,frozen_value,Values frozen
2026-08-29T11:54:14.396530,AWS_CJB,drift,Temperature drifted by 0.55
2026-08-29T11:54:16.400767,AWS_MUM,cross_parameter_inconsistency,Physically inconsistent state
2026-08-29T11:54:16.402695,AWS_DEL,frozen_value,Values frozen
2026-08-29T11:54:16.404684,AWS_MAA,frozen_value,Values frozen
2026-08-29T11:54:16.406137,AWS_CCU,dropout,Reading dropped
2026-08-29T11:54:16.407855,AWS_AMD,drift,Temperature drifted by 0.50
2026-08-29T11:54:16.409078,AWS_STV,frozen_value,Values frozen
2026-08-29T11:54:16.410060,AWS_JAI,drift,Temperature drifted by 0.77
2026-08-29T11:54:16.410959,AWS_LKO,frozen_value,Values frozen
2026-08-29T11:54:16.412533,AWS_NAG,frozen_value,Values frozen
2026-08-29T11:54:16.413842,AWS_BHO,drift,Temperature drifted by 0.49
2026-08-29T11:54:16.415187,AWS_COK,cross_parameter_inconsistency,Physically inconsistent state
2026-08-29T11:54:16.416581,AWS_TRV,dropout,Reading dropped
2026-08-29T11:54:16.417581,AWS_PAT,frozen_value,Values frozen
2026-08-29T11:54:16.419288,AWS_BBI,dropout,Reading dropped
2026-08-29T11:54:16.419929,AWS_GAU,drift,Temperature drifted by 2.39
2026-08-29T11:54:16.422307,AWS_MYQ,frozen_value,Values frozen
2026-08-29T11:54:16.425715,AWS_CJB,drift,Temperature drifted by 0.96
2026-08-29T11:54:18.428544,AWS_DEL,frozen_value,Values frozen
2026-08-29T11:54:18.432572,AWS_CCU,dropout,Reading dropped
2026-08-29T11:54:18.435175,AWS_AMD,drift,Temperature drifted by 0.86
2026-08-29T11:54:18.437060,AWS_JAI,drift,Temperature drifted by 1.14
2026-08-29T11:54:18.438029,AWS_LKO,frozen_value,Values frozen
2026-08-29T11:54:18.440769,AWS_NAG,frozen_value,Values frozen
2026-08-29T11:54:18.444708,AWS_BHO,drift,Temperature drifted by 0.90
2026-08-29T11:54:18.449107,AWS_VTZ,cross_parameter_inconsistency,Physically inconsistent state
2026-08-29T11:54:18.451837,AWS_PAT,frozen_value,Values frozen
2026-08-29T11:54:18.454932,AWS_BBI,dropout,Reading dropped
2026-08-29T11:54:18.456830,AWS_GAU,drift,Temperature drifted by 2.56
2026-08-29T11:54:18.460417,AWS_MYQ,frozen_value,Values frozen
2026-08-29T11:54:18.461450,AWS_CJB,drift,Temperature drifted by 1.41
2026-08-29T11:54:20.464285,AWS_DEL,frozen_value,Values frozen
2026-08-29T11:54:20.478095,AWS_AMD,drift,Temperature drifted by 1.27
2026-08-29T11:54:20.481070,AWS_STV,drift,Temperature drifted by 0.38
2026-08-29T11:54:20.484579,AWS_JAI,drift,Temperature drifted by 1.61
2026-08-29T11:54:20.490063,AWS_NAG,frozen_value,Values frozen
2026-08-29T11:54:20.494959,AWS_BHO,drift,Temperature drifted by 1.06
2026-08-29T11:54:20.501250,AWS_PAT,frozen_value,Values frozen
2026-08-29T11:54:20.506272,AWS_GAU,drift,Temperature drifted by 2.92
2026-08-29T11:54:20.512052,AWS_MYQ,frozen_value,Values frozen
2026-08-29T11:54:20.515164,AWS_CJB,drift,Temperature drifted by 1.81
2026-08-29T11:54:22.519190,AWS_DEL,frozen_value,Values frozen
2026-08-29T11:54:22.522822,AWS_AMD,drift,Temperature drifted by 1.46
2026-08-29T11:54:22.524162,AWS_STV,drift,Temperature drifted by 0.81
2026-08-29T11:54:22.526536,AWS_JAI,drift,Temperature drifted by 2.10
2026-08-29T11:54:22.529783,AWS_NAG,frozen_value,Values frozen
2026-08-29T11:54:22.531684,AWS_BHO,drift,Temperature drifted by 1.44
2026-08-29T11:54:22.534242,AWS_VTZ,dropout,Reading dropped
2026-08-29T11:54:22.535174,AWS_PAT,frozen_value,Values frozen
2026-08-29T11:54:22.537253,AWS_GAU,drift,Temperature drifted by 3.07
2026-08-29T11:54:22.538410,AWS_IXR,dropout,Reading dropped
2026-08-29T11:54:22.539548,AWS_MYQ,frozen_value,Values frozen
2026-08-29T11:54:22.541619,AWS_CJB,drift,Temperature drifted by 2.12
2026-08-29T11:54:24.543477,AWS_MUM,frozen_value,Values frozen
2026-08-29T11:54:24.545347,AWS_DEL,frozen_value,Values frozen
2026-08-29T11:54:24.550692,AWS_MAA,cross_parameter_inconsistency,Physically inconsistent state
2026-08-29T11:54:24.556667,AWS_AMD,drift,Temperature drifted by 1.70
2026-08-29T11:54:24.560016,AWS_STV,drift,Temperature drifted by 0.95
2026-08-29T11:54:24.562533,AWS_JAI,drift,Temperature drifted by 2.52
2026-08-29T11:54:24.569656,AWS_BHO,drift,Temperature drifted by 1.63
2026-08-29T11:54:24.572181,AWS_COK,cross_parameter_inconsistency,Physically inconsistent state
2026-08-29T11:54:24.576606,AWS_VTZ,dropout,Reading dropped
2026-08-29T11:54:24.579087,AWS_PAT,frozen_value,Values frozen
2026-08-29T11:54:24.583027,AWS_GAU,drift,Temperature drifted by 3.36
2026-08-29T11:54:24.585461,AWS_IXR,dropout,Reading dropped
2026-08-29T11:54:24.586949,AWS_MYQ,frozen_value,Values frozen
2026-08-29T11:54:24.588810,AWS_CJB,drift,Temperature drifted by 2.34
2026-08-29T11:54:26.593341,AWS_MUM,frozen_value,Values frozen
2026-08-29T11:54:26.595808,AWS_DEL,frozen_value,Values frozen
2026-08-29T11:54:26.598148,AWS_BLR,frozen_value,Values frozen
2026-08-29T11:54:26.603001,AWS_AMD,drift,Temperature drifted by 2.18
2026-08-29T11:54:26.607985,AWS_STV,drift,Temperature drifted by 1.14
2026-08-29T11:54:26.611373,AWS_JAI,drift,Temperature drifted by 2.97
2026-08-29T11:54:26.613844,AWS_LKO,dropout,Reading dropped
2026-08-29T11:54:26.615139,AWS_KNP,cross_parameter_inconsistency,Physically inconsistent state
2026-08-29T11:54:26.619287,AWS_BHO,drift,Temperature drifted by 1.86
2026-08-29T11:54:26.627465,AWS_PAT,frozen_value,Values frozen
2026-08-29T11:54:26.634975,AWS_MYQ,frozen_value,Values frozen
2026-08-29T11:54:26.638254,AWS_CJB,drift,Temperature drifted by 2.74
2026-08-29T11:54:28.643010,AWS_MUM,frozen_value,Values frozen
2026-08-29T11:54:28.644851,AWS_DEL,frozen_value,Values frozen
2026-08-29T11:54:28.646282,AWS_BLR,frozen_value,Values frozen
2026-08-29T11:54:28.650320,AWS_AMD,drift,Temperature drifted by 2.30
2026-08-29T11:54:28.652736,AWS_STV,drift,Temperature drifted by 1.34
2026-08-29T11:54:28.654914,AWS_JAI,drift,Temperature drifted by 3.22
2026-08-29T11:54:28.657971,AWS_LKO,spike,temperature spiked by -26.58
2026-08-29T11:54:28.663870,AWS_BHO,drift,Temperature drifted by 2.27
2026-08-29T11:54:28.668151,AWS_PAT,frozen_value,Values frozen
2026-08-29T11:54:28.673948,AWS_MYQ,frozen_value,Values frozen
2026-08-29T11:54:28.677093,AWS_CJB,drift,Temperature drifted by 2.98
2026-08-29T11:54:30.679301,AWS_MUM,frozen_value,Values frozen
2026-08-29T11:54:30.681864,AWS_DEL,frozen_value,Values frozen
2026-08-29T11:54:30.683891,AWS_BLR,frozen_value,Values frozen
2026-08-29T11:54:30.692414,AWS_AMD,drift,Temperature drifted by 2.46
2026-08-29T11:54:30.696565,AWS_STV,drift,Temperature drifted by 1.75
2026-08-29T11:54:30.699200,AWS_JAI,drift,Temperature drifted by 3.57
2026-08-29T11:54:30.702926,AWS_KNP,drift,Temperature drifted by 0.42
2026-08-29T11:54:30.707130,AWS_NAG,frozen_value,Values frozen
2026-08-29T11:54:30.711139,AWS_IDR,dropout,Reading dropped
2026-08-29T11:54:30.714064,AWS_BHO,drift,Temperature drifted by 2.74
2026-08-29T11:54:30.719379,AWS_PAT,drift,Temperature drifted by 0.32
2026-08-29T11:54:30.727898,AWS_MYQ,frozen_value,Values frozen
2026-08-29T11:54:32.732417,AWS_MUM,frozen_value,Values frozen
2026-08-29T11:54:32.733925,AWS_DEL,frozen_value,Values frozen
2026-08-29T11:54:32.735242,AWS_BLR,frozen_value,Values frozen
2026-08-29T11:54:32.736740,AWS_MAA,cross_parameter_inconsistency,Physically inconsistent state
2026-08-29T11:54:32.738210,AWS_CCU,frozen_value,Values frozen
2026-08-29T11:54:32.744000,AWS_STV,drift,Temperature drifted by 1.94
2026-08-29T11:54:32.746281,AWS_JAI,drift,Temperature drifted by 4.07
2026-08-29T11:54:32.748741,AWS_KNP,drift,Temperature drifted by 0.58
2026-08-29T11:54:32.751597,AWS_NAG,frozen_value,Values frozen
2026-08-29T11:54:32.754367,AWS_BHO,drift,Temperature drifted by 2.94
2026-08-29T11:54:32.756265,AWS_COK,drift,Temperature drifted by 0.47
2026-08-29T11:54:32.760030,AWS_PAT,drift,Temperature drifted by 0.62
2026-08-29T11:54:34.766587,AWS_MUM,frozen_value,Values frozen
2026-08-29T11:54:34.768385,AWS_DEL,frozen_value,Values frozen
2026-08-29T11:54:34.769384,AWS_BLR,frozen_value,Values frozen
2026-08-29T11:54:34.771387,AWS_CCU,frozen_value,Values frozen
2026-08-29T11:54:34.774505,AWS_STV,drift,Temperature drifted by 2.12
2026-08-29T11:54:34.776045,AWS_JAI,drift,Temperature drifted by 4.18
2026-08-29T11:54:34.777514,AWS_KNP,drift,Temperature drifted by 1.04
2026-08-29T11:54:34.778581,AWS_NAG,frozen_value,Values frozen
2026-08-29T11:54:34.780521,AWS_BHO,drift,Temperature drifted by 3.17
2026-08-29T11:54:34.781741,AWS_COK,drift,Temperature drifted by 0.95
2026-08-29T11:54:34.783499,AWS_PAT,drift,Temperature drifted by 1.03
2026-08-29T11:54:34.784536,AWS_IXC,spike,temperature spiked by 14.07
2026-08-29T11:54:34.788059,AWS_CJB,drift,Temperature drifted by 0.47
2026-08-29T11:54:36.790899,AWS_DEL,frozen_value,Values frozen
2026-08-29T11:54:36.792765,AWS_BLR,frozen_value,Values frozen
2026-08-29T11:54:36.795239,AWS_CCU,frozen_value,Values frozen
2026-08-29T11:54:36.796618,AWS_PNQ,cross_parameter_inconsistency,Physically inconsistent state
2026-08-29T11:54:36.799860,AWS_STV,drift,Temperature drifted by 2.47
2026-08-29T11:54:36.803352,AWS_KNP,drift,Temperature drifted by 1.39
2026-08-29T11:54:36.805299,AWS_NAG,frozen_value,Values frozen
2026-08-29T11:54:36.808942,AWS_BHO,drift,Temperature drifted by 3.66
2026-08-29T11:54:36.810555,AWS_COK,drift,Temperature drifted by 1.10
2026-08-29T11:54:36.812521,AWS_PAT,drift,Temperature drifted by 1.49
2026-08-29T11:54:36.813683,AWS_IXC,frozen_value,Values frozen
2026-08-29T11:54:36.815365,AWS_BBI,drift,Temperature drifted by 0.26
2026-08-29T11:54:36.818772,AWS_CJB,drift,Temperature drifted by 0.85
2026-08-29T11:54:38.821713,AWS_BLR,frozen_value,Values frozen
2026-08-29T11:54:38.823844,AWS_HYD,frozen_value,Values frozen
2026-08-29T11:54:38.824967,AWS_MAA,frozen_value,Values frozen
2026-08-29T11:54:38.825974,AWS_CCU,frozen_value,Values frozen
2026-08-29T11:54:38.827162,AWS_PNQ,cross_parameter_inconsistency,Physically inconsistent state
2026-08-29T11:54:38.828992,AWS_STV,drift,Temperature drifted by 2.95
2026-08-29T11:54:38.830840,AWS_LKO,spatial_outlier,Deviating from spatial trend
2026-08-29T11:54:38.831872,AWS_KNP,drift,Temperature drifted by 1.79
2026-08-29T11:54:38.832881,AWS_NAG,frozen_value,Values frozen
2026-08-29T11:54:38.834935,AWS_COK,drift,Temperature drifted by 1.55
2026-08-29T11:54:38.836388,AWS_VTZ,cross_parameter_inconsistency,Physically inconsistent state
2026-08-29T11:54:38.837465,AWS_PAT,drift,Temperature drifted by 1.88
2026-08-29T11:54:38.838518,AWS_IXC,frozen_value,Values frozen
2026-08-29T11:54:38.839943,AWS_BBI,drift,Temperature drifted by 0.43
2026-08-29T11:54:38.842500,AWS_CJB,drift,Temperature drifted by 0.99
2026-08-29T11:54:40.845979,AWS_BLR,frozen_value,Values frozen
2026-08-29T11:54:40.847447,AWS_HYD,frozen_value,Values frozen
2026-08-29T11:54:40.848696,AWS_MAA,frozen_value,Values frozen
2026-08-29T11:54:40.849861,AWS_CCU,frozen_value,Values frozen
2026-08-29T11:54:40.851665,AWS_PNQ,drift,Temperature drifted by 0.21
2026-08-29T11:54:40.859891,AWS_KNP,drift,Temperature drifted by 2.02
2026-08-29T11:54:40.861600,AWS_NAG,frozen_value,Values frozen
2026-08-29T11:54:40.865181,AWS_COK,drift,Temperature drifted by 1.78
2026-08-29T11:54:40.868586,AWS_PAT,drift,Temperature drifted by 2.35
2026-08-29T11:54:40.869913,AWS_IXC,frozen_value,Values frozen
2026-08-29T11:54:40.871913,AWS_BBI,drift,Temperature drifted by 0.82
2026-08-29T11:54:40.876083,AWS_CJB,drift,Temperature drifted by 1.26
2026-08-29T11:54:42.880094,AWS_BLR,frozen_value,Values frozen
2026-08-29T11:54:42.881376,AWS_HYD,frozen_value,Values frozen
2026-08-29T11:54:42.882423,AWS_MAA,frozen_value,Values frozen
2026-08-29T11:54:42.883325,AWS_CCU,frozen_value,Values frozen
2026-08-29T11:54:42.884738,AWS_PNQ,drift,Temperature drifted by 0.49
2026-08-29T11:54:42.887389,AWS_LKO,cross_parameter_inconsistency,Physically inconsistent state
2026-08-29T11:54:42.890057,AWS_KNP,drift,Temperature drifted by 2.37
2026-08-29T11:54:42.891765,AWS_NAG,frozen_value,Values frozen
2026-08-29T11:54:42.893750,AWS_IDR,spatial_outlier,Deviating from spatial trend
2026-08-29T11:54:42.895942,AWS_COK,drift,Temperature drifted by 2.08
2026-08-29T11:54:42.898064,AWS_PAT,drift,Temperature drifted by 2.77
2026-08-29T11:54:42.900782,AWS_IXC,frozen_value,Values frozen
2026-08-29T11:54:42.903139,AWS_BBI,drift,Temperature drifted by 1.25
2026-08-29T11:54:42.905692,AWS_CJB,drift,Temperature drifted by 1.43
2026-08-29T11:54:44.910261,AWS_BLR,frozen_value,Values frozen
2026-08-29T11:54:44.912487,AWS_HYD,frozen_value,Values frozen
2026-08-29T11:54:44.914908,AWS_MAA,frozen_value,Values frozen
2026-08-29T11:54:44.919465,AWS_PNQ,drift,Temperature drifted by 0.77
2026-08-29T11:54:44.929175,AWS_LKO,spatial_outlier,Deviating from spatial trend
2026-08-29T11:54:44.932416,AWS_KNP,drift,Temperature drifted by 2.73
2026-08-29T11:54:44.934370,AWS_NAG,frozen_value,Values frozen
2026-08-29T11:54:44.939598,AWS_COK,drift,Temperature drifted by 2.40
2026-08-29T11:54:44.947730,AWS_IXC,frozen_value,Values frozen
2026-08-29T11:54:44.951439,AWS_BBI,drift,Temperature drifted by 1.46
2026-08-29T11:54:44.959188,AWS_CJB,drift,Temperature drifted by 1.78
2026-08-29T11:54:46.962839,AWS_MUM,frozen_value,Values frozen
2026-08-29T11:54:46.966305,AWS_HYD,frozen_value,Values frozen
2026-08-29T11:54:46.967877,AWS_MAA,frozen_value,Values frozen
2026-08-29T11:54:46.970171,AWS_PNQ,drift,Temperature drifted by 1.21
2026-08-29T11:54:46.977639,AWS_KNP,drift,Temperature drifted by 3.12
2026-08-29T11:54:46.979555,AWS_NAG,frozen_value,Values frozen
2026-08-29T11:54:46.982885,AWS_BHO,dropout,Reading dropped
2026-08-29T11:54:46.985276,AWS_COK,drift,Temperature drifted by 2.66
2026-08-29T11:54:46.992399,AWS_IXC,frozen_value,Values frozen
2026-08-29T11:54:46.994883,AWS_BBI,drift,Temperature drifted by 1.70
2026-08-29T11:54:47.001472,AWS_CJB,drift,Temperature drifted by 2.04
2026-08-29T11:54:49.004879,AWS_MUM,frozen_value,Values frozen
2026-08-29T11:54:49.007571,AWS_DEL,frozen_value,Values frozen
2026-08-29T11:54:49.009948,AWS_HYD,frozen_value,Values frozen
2026-08-29T11:54:49.011637,AWS_MAA,frozen_value,Values frozen
2026-08-29T11:54:49.013620,AWS_CCU,spatial_outlier,Deviating from spatial trend
2026-08-29T11:54:49.015614,AWS_PNQ,drift,Temperature drifted by 1.63
2026-08-29T11:54:49.018640,AWS_JAI,dropout,Reading dropped
2026-08-29T11:54:49.019896,AWS_KNP,drift,Temperature drifted by 3.54
2026-08-29T11:54:49.020823,AWS_NAG,frozen_value,Values frozen
2026-08-29T11:54:49.022421,AWS_BHO,dropout,Reading dropped
2026-08-29T11:54:49.024694,AWS_COK,drift,Temperature drifted by 2.91
2026-08-29T11:54:49.027185,AWS_TRV,cross_parameter_inconsistency,Physically inconsistent state
2026-08-29T11:54:49.030790,AWS_IXC,frozen_value,Values frozen
2026-08-29T11:54:49.032045,AWS_BBI,drift,Temperature drifted by 2.19
2026-08-29T11:54:51.037209,AWS_MUM,frozen_value,Values frozen
2026-08-29T11:54:51.039687,AWS_DEL,frozen_value,Values frozen
2026-08-29T11:54:51.041481,AWS_HYD,frozen_value,Values frozen
2026-08-29T11:54:51.042439,AWS_MAA,frozen_value,Values frozen
2026-08-29T11:54:51.043834,AWS_PNQ,drift,Temperature drifted by 1.98
2026-08-29T11:54:51.046613,AWS_JAI,dropout,Reading dropped
2026-08-29T11:54:51.047868,AWS_KNP,drift,Temperature drifted by 3.96
2026-08-29T11:54:51.048879,AWS_NAG,frozen_value,Values frozen
2026-08-29T11:54:51.052172,AWS_IXC,frozen_value,Values frozen
2026-08-29T11:54:51.053070,AWS_BBI,drift,Temperature drifted by 2.41
2026-08-29T11:54:51.053911,AWS_GAU,frozen_value,Values frozen
2026-08-29T11:54:51.054973,AWS_IXR,spatial_outlier,Deviating from spatial trend
2026-08-29T11:54:53.058482,AWS_MUM,frozen_value,Values frozen
2026-08-29T11:54:53.060514,AWS_DEL,frozen_value,Values frozen
2026-08-29T11:54:53.061912,AWS_BLR,drift,Temperature drifted by 0.17
2026-08-29T11:54:53.063050,AWS_HYD,frozen_value,Values frozen
2026-08-29T11:54:53.064082,AWS_MAA,frozen_value,Values frozen
2026-08-29T11:54:53.065662,AWS_PNQ,drift,Temperature drifted by 2.10
2026-08-29T11:54:53.067493,AWS_AMD,frozen_value,Values frozen
2026-08-29T11:54:53.069013,AWS_JAI,frozen_value,Values frozen
2026-08-29T11:54:53.071528,AWS_NAG,frozen_value,Values frozen
2026-08-29T11:54:53.074072,AWS_IDR,cross_parameter_inconsistency,Physically inconsistent state
2026-08-29T11:54:53.078443,AWS_VTZ,spike,humidity spiked by 16.78
2026-08-29T11:54:53.080382,AWS_PAT,dropout,Reading dropped
2026-08-29T11:54:53.081051,AWS_IXC,frozen_value,Values frozen
2026-08-29T11:54:53.082946,AWS_BBI,drift,Temperature drifted by 2.75
2026-08-29T11:54:53.085208,AWS_GAU,frozen_value,Values frozen
2026-08-29T11:54:55.088476,AWS_MUM,frozen_value,Values frozen
2026-08-29T11:54:55.091710,AWS_DEL,frozen_value,Values frozen
2026-08-29T11:54:55.093953,AWS_BLR,drift,Temperature drifted by 0.56
2026-08-29T11:54:55.095975,AWS_HYD,frozen_value,Values frozen
2026-08-29T11:54:55.098692,AWS_MAA,frozen_value,Values frozen
2026-08-29T11:54:55.103219,AWS_PNQ,drift,Temperature drifted by 2.26
2026-08-29T11:54:55.106844,AWS_AMD,frozen_value,Values frozen
2026-08-29T11:54:55.112801,AWS_JAI,frozen_value,Values frozen
2026-08-29T11:54:55.117712,AWS_NAG,frozen_value,Values frozen
2026-08-29T11:54:55.126470,AWS_COK,drift,Temperature drifted by 0.40
2026-08-29T11:54:55.129628,AWS_TRV,spike,pressure spiked by 141.82
2026-08-29T11:54:55.134153,AWS_PAT,spike,pressure spiked by 68.73
2026-08-29T11:54:55.136629,AWS_IXC,frozen_value,Values frozen
2026-08-29T11:54:55.138797,AWS_BBI,drift,Temperature drifted by 2.99
2026-08-29T11:54:55.142215,AWS_GAU,frozen_value,Values frozen
2026-08-29T11:54:55.144704,AWS_IXR,drift,Temperature drifted by 0.21
2026-08-29T11:54:57.149291,AWS_MUM,frozen_value,Values frozen
2026-08-29T11:54:57.151312,AWS_DEL,frozen_value,Values frozen
2026-08-29T11:54:57.152806,AWS_BLR,drift,Temperature drifted by 0.95
2026-08-29T11:54:57.154118,AWS_HYD,frozen_value,Values frozen
2026-08-29T11:54:57.155251,AWS_MAA,frozen_value,Values frozen
2026-08-29T11:54:57.158322,AWS_PNQ,spatial_outlier,Deviating from spatial trend
2026-08-29T11:54:57.160903,AWS_AMD,frozen_value,Values frozen
2026-08-29T11:54:57.164046,AWS_JAI,frozen_value,Values frozen
2026-08-29T11:54:57.169888,AWS_COK,drift,Temperature drifted by 0.71
2026-08-29T11:54:57.173347,AWS_IXC,frozen_value,Values frozen
2026-08-29T11:54:57.175466,AWS_BBI,drift,Temperature drifted by 3.32
2026-08-29T11:54:57.177012,AWS_GAU,frozen_value,Values frozen
2026-08-29T11:54:57.178692,AWS_IXR,drift,Temperature drifted by 0.48
2026-08-29T11:54:59.181756,AWS_MUM,frozen_value,Values frozen
2026-08-29T11:54:59.183537,AWS_DEL,frozen_value,Values frozen
2026-08-29T11:54:59.185275,AWS_BLR,drift,Temperature drifted by 1.27
2026-08-29T11:54:59.187952,AWS_HYD,frozen_value,Values frozen
2026-08-29T11:54:59.190899,AWS_MAA,frozen_value,Values frozen
2026-08-29T11:54:59.195997,AWS_AMD,frozen_value,Values frozen
2026-08-29T11:54:59.199980,AWS_JAI,frozen_value,Values frozen
2026-08-29T11:54:59.210058,AWS_COK,drift,Temperature drifted by 1.16
2026-08-29T11:54:59.212001,AWS_TRV,dropout,Reading dropped
2026-08-29T11:54:59.214193,AWS_IXC,frozen_value,Values frozen
2026-08-29T11:54:59.217392,AWS_BBI,drift,Temperature drifted by 3.62
2026-08-29T11:54:59.219378,AWS_GAU,frozen_value,Values frozen
2026-08-29T11:54:59.221188,AWS_IXR,drift,Temperature drifted by 0.59
2026-08-29T11:55:01.227090,AWS_DEL,frozen_value,Values frozen
2026-08-29T11:55:01.228942,AWS_BLR,drift,Temperature drifted by 1.47
2026-08-29T11:55:01.231287,AWS_MAA,frozen_value,Values frozen
2026-08-29T11:55:01.233645,AWS_PNQ,drift,Temperature drifted by 0.35
2026-08-29T11:55:01.235375,AWS_AMD,frozen_value,Values frozen
2026-08-29T11:55:01.237535,AWS_JAI,frozen_value,Values frozen
2026-08-29T11:55:01.239029,AWS_LKO,frozen_value,Values frozen
2026-08-29T11:55:01.245544,AWS_BHO,cross_parameter_inconsistency,Physically inconsistent state
2026-08-29T11:55:01.246673,AWS_COK,drift,Temperature drifted by 1.64
2026-08-29T11:55:01.248438,AWS_TRV,dropout,Reading dropped
2026-08-29T11:55:01.249997,AWS_PAT,spatial_outlier,Deviating from spatial trend
2026-08-29T11:55:01.253761,AWS_IXC,frozen_value,Values frozen
2026-08-29T11:55:01.258509,AWS_BBI,drift,Temperature drifted by 3.96
2026-08-29T11:55:01.261587,AWS_GAU,frozen_value,Values frozen
2026-08-29T11:55:01.264972,AWS_IXR,drift,Temperature drifted by 0.71
2026-08-29T11:55:03.270785,AWS_MUM,drift,Temperature drifted by 0.24
2026-08-29T11:55:03.273009,AWS_DEL,frozen_value,Values frozen
2026-08-29T11:55:03.274351,AWS_BLR,drift,Temperature drifted by 1.79
2026-08-29T11:55:03.276815,AWS_PNQ,drift,Temperature drifted by 0.70
2026-08-29T11:55:03.277941,AWS_AMD,frozen_value,Values frozen
2026-08-29T11:55:03.280279,AWS_JAI,frozen_value,Values frozen
2026-08-29T11:55:03.281749,AWS_LKO,frozen_value,Values frozen
2026-08-29T11:55:03.284513,AWS_COK,drift,Temperature drifted by 2.08
2026-08-29T11:55:03.285359,AWS_TRV,dropout,Reading dropped
2026-08-29T11:55:03.286655,AWS_VTZ,spike,pressure spiked by -107.31
2026-08-29T11:55:03.287533,AWS_PAT,dropout,Reading dropped
2026-08-29T11:55:03.289807,AWS_GAU,frozen_value,Values frozen
2026-08-29T11:55:03.291585,AWS_IXR,drift,Temperature drifted by 1.16
2026-08-29T11:55:03.293467,AWS_MYQ,cross_parameter_inconsistency,Physically inconsistent state
2026-08-29T11:55:05.295558,AWS_MUM,drift,Temperature drifted by 0.59
2026-08-29T11:55:05.297675,AWS_DEL,frozen_value,Values frozen
2026-08-29T11:55:05.298904,AWS_BLR,drift,Temperature drifted by 2.18
2026-08-29T11:55:05.302584,AWS_PNQ,drift,Temperature drifted by 1.07
2026-08-29T11:55:05.307084,AWS_STV,spike,humidity spiked by 25.48
2026-08-29T11:55:05.309924,AWS_LKO,frozen_value,Values frozen
2026-08-29T11:55:05.315062,AWS_COK,drift,Temperature drifted by 2.55
2026-08-29T11:55:05.317742,AWS_VTZ,dropout,Reading dropped
2026-08-29T11:55:05.319054,AWS_PAT,dropout,Reading dropped
2026-08-29T11:55:05.320052,AWS_IXC,dropout,Reading dropped
2026-08-29T11:55:05.322487,AWS_GAU,frozen_value,Values frozen
2026-08-29T11:55:07.327182,AWS_MUM,drift,Temperature drifted by 0.80
2026-08-29T11:55:07.331587,AWS_DEL,frozen_value,Values frozen
2026-08-29T11:55:07.334733,AWS_BLR,drift,Temperature drifted by 2.37
2026-08-29T11:55:07.342625,AWS_PNQ,drift,Temperature drifted by 1.34
2026-08-29T11:55:07.349101,AWS_LKO,frozen_value,Values frozen
2026-08-29T11:55:07.356103,AWS_BHO,cross_parameter_inconsistency,Physically inconsistent state
2026-08-29T11:55:07.359678,AWS_COK,drift,Temperature drifted by 2.97
2026-08-29T11:55:07.364979,AWS_VTZ,dropout,Reading dropped
2026-08-29T11:55:07.366923,AWS_PAT,dropout,Reading dropped
2026-08-29T11:55:07.368463,AWS_IXC,dropout,Reading dropped
2026-08-29T11:55:07.371915,AWS_GAU,frozen_value,Values frozen
2026-08-29T11:55:09.378905,AWS_MUM,drift,Temperature drifted by 1.14
2026-08-29T11:55:09.380666,AWS_DEL,frozen_value,Values frozen
2026-08-29T11:55:09.381696,AWS_BLR,drift,Temperature drifted by 2.58
2026-08-29T11:55:09.384019,AWS_PNQ,drift,Temperature drifted by 1.47
2026-08-29T11:55:09.386841,AWS_LKO,frozen_value,Values frozen
2026-08-29T11:55:09.388705,AWS_IDR,frozen_value,Values frozen
2026-08-29T11:55:09.390513,AWS_COK,drift,Temperature drifted by 3.19
2026-08-29T11:55:09.393474,AWS_GAU,frozen_value,Values frozen
2026-08-29T11:55:09.394802,AWS_CJB,dropout,Reading dropped
2026-08-29T11:55:11.395951,AWS_MUM,drift,Temperature drifted by 1.57
2026-08-29T11:55:11.398263,AWS_DEL,frozen_value,Values frozen
2026-08-29T11:55:11.400486,AWS_BLR,drift,Temperature drifted by 2.80
2026-08-29T11:55:11.404816,AWS_PNQ,drift,Temperature drifted by 1.59
2026-08-29T11:55:11.409628,AWS_LKO,frozen_value,Values frozen
2026-08-29T11:55:11.412865,AWS_IDR,frozen_value,Values frozen
2026-08-29T11:55:11.420190,AWS_GAU,frozen_value,Values frozen
2026-08-29T11:55:11.423727,AWS_MYQ,dropout,Reading dropped
2026-08-29T11:55:13.427295,AWS_MUM,drift,Temperature drifted by 1.82
2026-08-29T11:55:13.432399,AWS_MAA,spike,humidity spiked by -16.87
2026-08-29T11:55:13.435770,AWS_PNQ,drift,Temperature drifted by 1.94
2026-08-29T11:55:13.445398,AWS_LKO,frozen_value,Values frozen
2026-08-29T11:55:13.450480,AWS_IDR,frozen_value,Values frozen
2026-08-29T11:55:13.455564,AWS_BHO,drift,Temperature drifted by 0.36
2026-08-29T11:55:13.463304,AWS_VTZ,frozen_value,Values frozen
2026-08-29T11:55:13.469483,AWS_GAU,frozen_value,Values frozen
2026-08-29T11:55:13.474553,AWS_MYQ,dropout,Reading dropped
2026-08-29T11:55:15.478014,AWS_MUM,drift,Temperature drifted by 2.28
2026-08-29T11:55:15.480803,AWS_HYD,drift,Temperature drifted by 0.37
2026-08-29T11:55:15.483491,AWS_PNQ,drift,Temperature drifted by 2.31
2026-08-29T11:55:15.486662,AWS_JAI,spike,pressure spiked by 86.31
2026-08-29T11:55:15.488238,AWS_LKO,frozen_value,Values frozen
2026-08-29T11:55:15.491475,AWS_KNP,drift,Temperature drifted by 0.31
2026-08-29T11:55:15.494134,AWS_IDR,frozen_value,Values frozen
2026-08-29T11:55:15.495944,AWS_BHO,drift,Temperature drifted by 0.59
2026-08-29T11:55:15.497575,AWS_COK,frozen_value,Values frozen
2026-08-29T11:55:15.500134,AWS_VTZ,frozen_value,Values frozen
2026-08-29T11:55:15.503516,AWS_GAU,frozen_value,Values frozen
2026-08-29T11:55:17.507829,AWS_MUM,drift,Temperature drifted by 2.49
2026-08-29T11:55:17.509928,AWS_BLR,drift,Temperature drifted by 0.43
2026-08-29T11:55:17.510971,AWS_HYD,drift,Temperature drifted by 0.54
2026-08-29T11:55:17.515713,AWS_KNP,drift,Temperature drifted by 0.71
2026-08-29T11:55:17.517250,AWS_IDR,frozen_value,Values frozen
2026-08-29T11:55:17.519475,AWS_BHO,drift,Temperature drifted by 0.70
2026-08-29T11:55:17.521125,AWS_COK,frozen_value,Values frozen
2026-08-29T11:55:17.524235,AWS_VTZ,frozen_value,Values frozen
2026-08-29T11:55:17.525351,AWS_PAT,drift,Temperature drifted by 0.42
2026-08-29T11:55:17.526252,AWS_IXC,spatial_outlier,Deviating from spatial trend
2026-08-29T11:55:17.527473,AWS_GAU,frozen_value,Values frozen
2026-08-29T11:55:17.528378,AWS_IXR,dropout,Reading dropped
2026-08-29T11:55:19.530749,AWS_MUM,drift,Temperature drifted by 2.79
2026-08-29T11:55:19.535608,AWS_BLR,drift,Temperature drifted by 0.56
2026-08-29T11:55:19.537601,AWS_HYD,drift,Temperature drifted by 0.75
2026-08-29T11:55:19.541327,AWS_CCU,dropout,Reading dropped
2026-08-29T11:55:19.548964,AWS_JAI,frozen_value,Values frozen
2026-08-29T11:55:19.554205,AWS_KNP,drift,Temperature drifted by 1.12
2026-08-29T11:55:19.558055,AWS_NAG,frozen_value,Values frozen
2026-08-29T11:55:19.562350,AWS_IDR,frozen_value,Values frozen
2026-08-29T11:55:19.564593,AWS_BHO,drift,Temperature drifted by 0.85
2026-08-29T11:55:19.567868,AWS_COK,frozen_value,Values frozen
2026-08-29T11:55:19.571015,AWS_VTZ,frozen_value,Values frozen
2026-08-29T11:55:19.574424,AWS_PAT,drift,Temperature drifted by 0.66
2026-08-29T11:55:19.581543,AWS_GAU,frozen_value,Values frozen
2026-08-29T11:55:19.584235,AWS_IXR,dropout,Reading dropped
2026-08-29T11:55:19.586392,AWS_MYQ,drift,Temperature drifted by 0.44
2026-08-29T11:55:21.590583,AWS_MUM,drift,Temperature drifted by 2.99
2026-08-29T11:55:21.593526,AWS_BLR,drift,Temperature drifted by 1.00
2026-08-29T11:55:21.595561,AWS_HYD,drift,Temperature drifted by 1.23
2026-08-29T11:55:21.597640,AWS_MAA,dropout,Reading dropped
2026-08-29T11:55:21.599263,AWS_CCU,dropout,Reading dropped
2026-08-29T11:55:21.604362,AWS_JAI,frozen_value,Values frozen
2026-08-29T11:55:21.609908,AWS_KNP,drift,Temperature drifted by 1.59
2026-08-29T11:55:21.612980,AWS_NAG,frozen_value,Values frozen
2026-08-29T11:55:21.614810,AWS_IDR,frozen_value,Values frozen
2026-08-29T11:55:21.617143,AWS_BHO,drift,Temperature drifted by 1.06
2026-08-29T11:55:21.620582,AWS_COK,frozen_value,Values frozen
2026-08-29T11:55:21.625416,AWS_VTZ,frozen_value,Values frozen
2026-08-29T11:55:21.628253,AWS_PAT,drift,Temperature drifted by 0.82
2026-08-29T11:55:21.631975,AWS_BBI,drift,Temperature drifted by 0.31
2026-08-29T11:55:21.636006,AWS_IXR,dropout,Reading dropped
2026-08-29T11:55:21.637476,AWS_MYQ,drift,Temperature drifted by 0.74
2026-08-29T11:55:23.641485,AWS_MUM,drift,Temperature drifted by 3.25
2026-08-29T11:55:23.644431,AWS_BLR,drift,Temperature drifted by 1.38
2026-08-29T11:55:23.646184,AWS_HYD,drift,Temperature drifted by 1.50
2026-08-29T11:55:23.647814,AWS_MAA,dropout,Reading dropped
2026-08-29T11:55:23.649573,AWS_CCU,dropout,Reading dropped
2026-08-29T11:55:23.653985,AWS_JAI,frozen_value,Values frozen
2026-08-29T11:55:23.658756,AWS_KNP,drift,Temperature drifted by 1.73
2026-08-29T11:55:23.661872,AWS_NAG,frozen_value,Values frozen
2026-08-29T11:55:23.664309,AWS_IDR,frozen_value,Values frozen
2026-08-29T11:55:23.666796,AWS_BHO,drift,Temperature drifted by 1.41
2026-08-29T11:55:23.668770,AWS_COK,frozen_value,Values frozen
2026-08-29T11:55:23.672638,AWS_VTZ,frozen_value,Values frozen
2026-08-29T11:55:23.676179,AWS_PAT,drift,Temperature drifted by 1.20
2026-08-29T11:55:23.679837,AWS_BBI,drift,Temperature drifted by 0.44
2026-08-29T11:55:23.682213,AWS_GAU,spatial_outlier,Deviating from spatial trend
2026-08-29T11:55:23.688462,AWS_MYQ,drift,Temperature drifted by 0.92
2026-08-29T11:55:23.693030,AWS_CJB,spike,temperature spiked by 27.82
2026-08-29T11:55:25.696166,AWS_MUM,drift,Temperature drifted by 3.54
2026-08-29T11:55:25.698465,AWS_BLR,drift,Temperature drifted by 1.53
2026-08-29T11:55:25.700003,AWS_HYD,drift,Temperature drifted by 1.84
2026-08-29T11:55:25.701081,AWS_MAA,dropout,Reading dropped
2026-08-29T11:55:25.701878,AWS_PNQ,cross_parameter_inconsistency,Physically inconsistent state
2026-08-29T11:55:25.703692,AWS_JAI,frozen_value,Values frozen
2026-08-29T11:55:25.706885,AWS_KNP,drift,Temperature drifted by 2.11
2026-08-29T11:55:25.708574,AWS_NAG,frozen_value,Values frozen
2026-08-29T11:55:25.710777,AWS_BHO,drift,Temperature drifted by 1.89
2026-08-29T11:55:25.712140,AWS_COK,frozen_value,Values frozen
2026-08-29T11:55:25.713836,AWS_TRV,dropout,Reading dropped
2026-08-29T11:55:25.714569,AWS_VTZ,frozen_value,Values frozen
2026-08-29T11:55:25.715682,AWS_PAT,drift,Temperature drifted by 1.35
2026-08-29T11:55:25.717936,AWS_BBI,drift,Temperature drifted by 0.69
2026-08-29T11:55:25.720268,AWS_MYQ,drift,Temperature drifted by 1.02
2026-08-29T11:55:27.723000,AWS_MUM,drift,Temperature drifted by 3.72
2026-08-29T11:55:27.728025,AWS_BLR,drift,Temperature drifted by 1.95
2026-08-29T11:55:27.730671,AWS_HYD,drift,Temperature drifted by 2.23
2026-08-29T11:55:27.733934,AWS_MAA,cross_parameter_inconsistency,Physically inconsistent state
2026-08-29T11:55:27.741802,AWS_STV,spike,humidity spiked by -27.93
2026-08-29T11:55:27.745363,AWS_JAI,frozen_value,Values frozen
2026-08-29T11:55:27.749857,AWS_KNP,drift,Temperature drifted by 2.21
2026-08-29T11:55:27.754485,AWS_NAG,frozen_value,Values frozen
2026-08-29T11:55:27.760858,AWS_BHO,drift,Temperature drifted by 2.37
2026-08-29T11:55:27.763890,AWS_COK,frozen_value,Values frozen
2026-08-29T11:55:27.767701,AWS_TRV,dropout,Reading dropped
2026-08-29T11:55:27.769125,AWS_VTZ,frozen_value,Values frozen
2026-08-29T11:55:27.771440,AWS_PAT,drift,Temperature drifted by 1.63
2026-08-29T11:55:27.778339,AWS_BBI,drift,Temperature drifted by 0.79
2026-08-29T11:55:27.783300,AWS_MYQ,drift,Temperature drifted by 1.18
2026-08-29T11:55:29.788037,AWS_MUM,drift,Temperature drifted by 4.09
2026-08-29T11:55:29.791193,AWS_BLR,drift,Temperature drifted by 2.18
2026-08-29T11:55:29.792722,AWS_HYD,drift,Temperature drifted by 2.40
2026-08-29T11:55:29.797079,AWS_AMD,spatial_outlier,Deviating from spatial trend
2026-08-29T11:55:29.799949,AWS_KNP,drift,Temperature drifted by 2.50
2026-08-29T11:55:29.801327,AWS_NAG,frozen_value,Values frozen
2026-08-29T11:55:29.804832,AWS_BHO,drift,Temperature drifted by 2.86
2026-08-29T11:55:29.808617,AWS_COK,frozen_value,Values frozen
2026-08-29T11:55:29.811073,AWS_TRV,dropout,Reading dropped
2026-08-29T11:55:29.811998,AWS_VTZ,frozen_value,Values frozen
2026-08-29T11:55:29.813718,AWS_PAT,drift,Temperature drifted by 2.00
2026-08-29T11:55:29.815732,AWS_BBI,drift,Temperature drifted by 0.92
2026-08-29T11:55:29.818429,AWS_GAU,drift,Temperature drifted by 0.43
2026-08-29T11:55:29.820565,AWS_MYQ,drift,Temperature drifted by 1.46
2026-08-29T11:55:29.821484,AWS_CJB,dropout,Reading dropped
2026-08-29T11:55:31.827016,AWS_BLR,drift,Temperature drifted by 2.62
2026-08-29T11:55:31.830324,AWS_HYD,drift,Temperature drifted by 2.66
2026-08-29T11:55:31.842043,AWS_KNP,drift,Temperature drifted by 2.99
2026-08-29T11:55:31.845554,AWS_NAG,frozen_value,Values frozen
2026-08-29T11:55:31.849027,AWS_IDR,frozen_value,Values frozen
2026-08-29T11:55:31.851759,AWS_BHO,drift,Temperature drifted by 3.06
2026-08-29T11:55:31.854766,AWS_COK,frozen_value,Values frozen
2026-08-29T11:55:31.859872,AWS_VTZ,frozen_value,Values frozen
2026-08-29T11:55:31.863201,AWS_PAT,drift,Temperature drifted by 2.25
2026-08-29T11:55:31.866797,AWS_BBI,drift,Temperature drifted by 1.32
2026-08-29T11:55:31.868823,AWS_GAU,drift,Temperature drifted by 0.56
2026-08-29T11:55:31.872483,AWS_MYQ,drift,Temperature drifted by 1.56
2026-08-29T11:55:31.875219,AWS_CJB,dropout,Reading dropped
2026-08-29T11:55:33.878493,AWS_DEL,spatial_outlier,Deviating from spatial trend
2026-08-29T11:55:33.880597,AWS_BLR,drift,Temperature drifted by 2.86
2026-08-29T11:55:33.884317,AWS_MAA,spatial_outlier,Deviating from spatial trend
2026-08-29T11:55:33.887435,AWS_PNQ,cross_parameter_inconsistency,Physically inconsistent state
2026-08-29T11:55:33.895067,AWS_KNP,drift,Temperature drifted by 3.32
2026-08-29T11:55:33.897294,AWS_NAG,frozen_value,Values frozen
2026-08-29T11:55:33.899885,AWS_IDR,frozen_value,Values frozen
2026-08-29T11:55:33.903429,AWS_BHO,drift,Temperature drifted by 3.44
2026-08-29T11:55:33.907356,AWS_COK,frozen_value,Values frozen
2026-08-29T11:55:33.911870,AWS_VTZ,frozen_value,Values frozen
2026-08-29T11:55:33.913661,AWS_PAT,drift,Temperature drifted by 2.40
2026-08-29T11:55:33.916172,AWS_BBI,drift,Temperature drifted by 1.78
2026-08-29T11:55:33.919131,AWS_GAU,drift,Temperature drifted by 0.85
2026-08-29T11:55:33.923262,AWS_MYQ,drift,Temperature drifted by 1.86
2026-08-29T11:55:35.929583,AWS_BLR,drift,Temperature drifted by 3.33
2026-08-29T11:55:35.931218,AWS_HYD,cross_parameter_inconsistency,Physically inconsistent state
2026-08-29T11:55:35.934704,AWS_AMD,spike,pressure spiked by 84.85
2026-08-29T11:55:35.939897,AWS_JAI,spatial_outlier,Deviating from spatial trend
2026-08-29T11:55:35.942914,AWS_LKO,spike,pressure spiked by 58.23
2026-08-29T11:55:35.945403,AWS_KNP,drift,Temperature drifted by 3.50
2026-08-29T11:55:35.946941,AWS_NAG,frozen_value,Values frozen
2026-08-29T11:55:35.948443,AWS_IDR,frozen_value,Values frozen
2026-08-29T11:55:35.949523,AWS_BHO,drift,Temperature drifted by 3.79
2026-08-29T11:55:35.951137,AWS_COK,frozen_value,Values frozen
2026-08-29T11:55:35.954001,AWS_VTZ,frozen_value,Values frozen
2026-08-29T11:55:35.956931,AWS_PAT,drift,Temperature drifted by 2.72
2026-08-29T11:55:35.959338,AWS_BBI,drift,Temperature drifted by 2.17
2026-08-29T11:55:35.961139,AWS_GAU,drift,Temperature drifted by 1.33
2026-08-29T11:55:35.963380,AWS_MYQ,drift,Temperature drifted by 2.29
2026-08-29T11:55:37.967294,AWS_BLR,drift,Temperature drifted by 3.54
2026-08-29T11:55:37.971478,AWS_CCU,drift,Temperature drifted by 0.34
2026-08-29T11:55:37.975860,AWS_PNQ,frozen_value,Values frozen
2026-08-29T11:55:37.983710,AWS_KNP,drift,Temperature drifted by 3.83
2026-08-29T11:55:37.986620,AWS_NAG,frozen_value,Values frozen
2026-08-29T11:55:37.989402,AWS_IDR,frozen_value,Values frozen
2026-08-29T11:55:37.993145,AWS_BHO,drift,Temperature drifted by 4.05
2026-08-29T11:55:37.995887,AWS_COK,frozen_value,Values frozen
2026-08-29T11:55:37.998981,AWS_TRV,drift,Temperature drifted by 0.31
2026-08-29T11:55:38.001405,AWS_VTZ,frozen_value,Values frozen
2026-08-29T11:55:38.003800,AWS_PAT,drift,Temperature drifted by 3.07
2026-08-29T11:55:38.009414,AWS_BBI,drift,Temperature drifted by 2.51
2026-08-29T11:55:38.012912,AWS_GAU,drift,Temperature drifted by 1.43
2026-08-29T11:55:38.017495,AWS_MYQ,drift,Temperature drifted by 2.45
2026-08-29T11:55:40.023561,AWS_HYD,frozen_value,Values frozen
2026-08-29T11:55:40.026696,AWS_CCU,drift,Temperature drifted by 0.71
2026-08-29T11:55:40.027572,AWS_PNQ,frozen_value,Values frozen
2026-08-29T11:55:40.030825,AWS_NAG,frozen_value,Values frozen
2026-08-29T11:55:40.031720,AWS_IDR,frozen_value,Values frozen
2026-08-29T11:55:40.032687,AWS_BHO,drift,Temperature drifted by 4.38
2026-08-29T11:55:40.033923,AWS_TRV,drift,Temperature drifted by 0.78
2026-08-29T11:55:40.035525,AWS_PAT,drift,Temperature drifted by 3.20
2026-08-29T11:55:40.036908,AWS_IXC,cross_parameter_inconsistency,Physically inconsistent state
2026-08-29T11:55:40.039344,AWS_BBI,drift,Temperature drifted by 2.83
2026-08-29T11:55:40.041069,AWS_GAU,drift,Temperature drifted by 1.55
2026-08-29T11:55:40.043111,AWS_MYQ,drift,Temperature drifted by 2.74
2026-08-29T11:55:42.047781,AWS_DEL,dropout,Reading dropped
2026-08-29T11:55:42.052445,AWS_HYD,frozen_value,Values frozen
2026-08-29T11:55:42.057327,AWS_CCU,drift,Temperature drifted by 0.95
2026-08-29T11:55:42.060486,AWS_PNQ,frozen_value,Values frozen
2026-08-29T11:55:42.068783,AWS_NAG,frozen_value,Values frozen
2026-08-29T11:55:42.074985,AWS_TRV,drift,Temperature drifted by 1.07
2026-08-29T11:55:42.081050,AWS_BBI,drift,Temperature drifted by 3.28
2026-08-29T11:55:42.084623,AWS_GAU,drift,Temperature drifted by 1.88
2026-08-29T11:55:42.087195,AWS_IXR,spatial_outlier,Deviating from spatial trend
2026-08-29T11:55:42.090178,AWS_MYQ,drift,Temperature drifted by 2.89
2026-08-29T11:55:44.096537,AWS_DEL,dropout,Reading dropped
2026-08-29T11:55:44.101398,AWS_HYD,frozen_value,Values frozen
2026-08-29T11:55:44.103943,AWS_MAA,frozen_value,Values frozen
2026-08-29T11:55:44.108366,AWS_CCU,drift,Temperature drifted by 1.29
2026-08-29T11:55:44.112240,AWS_PNQ,frozen_value,Values frozen
2026-08-29T11:55:44.126281,AWS_COK,spatial_outlier,Deviating from spatial trend
2026-08-29T11:55:44.128785,AWS_TRV,drift,Temperature drifted by 1.30
2026-08-29T11:55:44.135922,AWS_GAU,drift,Temperature drifted by 2.19
2026-08-29T11:55:44.141250,AWS_MYQ,drift,Temperature drifted by 3.33
2026-08-29T11:55:46.145704,AWS_DEL,dropout,Reading dropped
2026-08-29T11:55:46.147271,AWS_HYD,frozen_value,Values frozen
2026-08-29T11:55:46.148245,AWS_MAA,frozen_value,Values frozen
2026-08-29T11:55:46.149162,AWS_CCU,drift,Temperature drifted by 1.67
2026-08-29T11:55:46.150100,AWS_PNQ,frozen_value,Values frozen
2026-08-29T11:55:46.152242,AWS_STV,drift,Temperature drifted by 0.46
2026-08-29T11:55:46.158647,AWS_TRV,drift,Temperature drifted by 1.75
2026-08-29T11:55:46.159791,AWS_VTZ,frozen_value,Values frozen
2026-08-29T11:55:46.161718,AWS_GAU,drift,Temperature drifted by 2.66
2026-08-29T11:55:46.163879,AWS_MYQ,drift,Temperature drifted by 3.65
2026-08-29T11:55:46.164803,AWS_CJB,drift,Temperature drifted by 0.13
2026-08-29T11:55:48.168201,AWS_HYD,frozen_value,Values frozen
2026-08-29T11:55:48.169825,AWS_MAA,frozen_value,Values frozen
2026-08-29T11:55:48.171019,AWS_CCU,drift,Temperature drifted by 1.89
2026-08-29T11:55:48.172596,AWS_PNQ,frozen_value,Values frozen
2026-08-29T11:55:48.174398,AWS_AMD,cross_parameter_inconsistency,Physically inconsistent state
2026-08-29T11:55:48.176018,AWS_STV,drift,Temperature drifted by 0.86
2026-08-29T11:55:48.177529,AWS_JAI,spatial_outlier,Deviating from spatial trend
2026-08-29T11:55:48.181360,AWS_BHO,frozen_value,Values frozen
2026-08-29T11:55:48.182972,AWS_TRV,drift,Temperature drifted by 2.23
2026-08-29T11:55:48.184401,AWS_VTZ,frozen_value,Values frozen
2026-08-29T11:55:48.186396,AWS_BBI,spike,humidity spiked by 13.60
2026-08-29T11:55:48.187967,AWS_GAU,drift,Temperature drifted by 3.02
2026-08-29T11:55:48.191017,AWS_CJB,drift,Temperature drifted by 0.57
2026-08-29T11:55:50.200421,AWS_MAA,frozen_value,Values frozen
2026-08-29T11:55:50.211460,AWS_PNQ,frozen_value,Values frozen
2026-08-29T11:55:50.216321,AWS_STV,drift,Temperature drifted by 1.35
2026-08-29T11:55:50.225770,AWS_BHO,frozen_value,Values frozen
2026-08-29T11:55:50.230095,AWS_COK,frozen_value,Values frozen
2026-08-29T11:55:50.233641,AWS_TRV,drift,Temperature drifted by 2.41
2026-08-29T11:55:50.237172,AWS_VTZ,frozen_value,Values frozen
2026-08-29T11:55:50.246737,AWS_GAU,drift,Temperature drifted by 0.42
2026-08-29T11:55:50.252088,AWS_CJB,drift,Temperature drifted by 0.89
2026-08-29T11:55:52.258279,AWS_MAA,frozen_value,Values frozen
2026-08-29T11:55:52.260260,AWS_PNQ,frozen_value,Values frozen
2026-08-29T11:55:52.262341,AWS_STV,drift,Temperature drifted by 1.77
2026-08-29T11:55:52.268121,AWS_BHO,frozen_value,Values frozen
2026-08-29T11:55:52.270465,AWS_COK,frozen_value,Values frozen
2026-08-29T11:55:52.273859,AWS_TRV,drift,Temperature drifted by 2.81
2026-08-29T11:55:52.276911,AWS_VTZ,frozen_value,Values frozen
2026-08-29T11:55:52.278703,AWS_PAT,frozen_value,Values frozen
2026-08-29T11:55:52.282051,AWS_GAU,drift,Temperature drifted by 0.57
2026-08-29T11:55:52.284852,AWS_MYQ,dropout,Reading dropped
2026-08-29T11:55:52.286165,AWS_CJB,drift,Temperature drifted by 1.02
2026-08-29T11:55:54.291056,AWS_MAA,frozen_value,Values frozen
2026-08-29T11:55:54.293096,AWS_PNQ,frozen_value,Values frozen
2026-08-29T11:55:54.294283,AWS_AMD,cross_parameter_inconsistency,Physically inconsistent state
2026-08-29T11:55:54.296359,AWS_STV,drift,Temperature drifted by 1.95
2026-08-29T11:55:54.299658,AWS_IDR,cross_parameter_inconsistency,Physically inconsistent state
2026-08-29T11:55:54.301019,AWS_BHO,frozen_value,Values frozen
2026-08-29T11:55:54.303566,AWS_COK,frozen_value,Values frozen
2026-08-29T11:55:54.306267,AWS_VTZ,frozen_value,Values frozen
2026-08-29T11:55:54.308145,AWS_PAT,frozen_value,Values frozen
2026-08-29T11:55:54.311540,AWS_GAU,drift,Temperature drifted by 0.81
2026-08-29T11:55:54.314718,AWS_CJB,drift,Temperature drifted by 1.49
2026-08-29T11:55:56.321085,AWS_MAA,spike,temperature spiked by 26.36
2026-08-29T11:55:56.326283,AWS_PNQ,frozen_value,Values frozen
2026-08-29T11:55:56.329515,AWS_AMD,spike,humidity spiked by -16.65
2026-08-29T11:55:56.332876,AWS_STV,drift,Temperature drifted by 2.34
2026-08-29T11:55:56.343380,AWS_BHO,frozen_value,Values frozen
2026-08-29T11:55:56.347609,AWS_COK,frozen_value,Values frozen
2026-08-29T11:55:56.352177,AWS_VTZ,frozen_value,Values frozen
2026-08-29T11:55:56.354905,AWS_PAT,frozen_value,Values frozen
2026-08-29T11:55:56.360166,AWS_IXC,frozen_value,Values frozen
2026-08-29T11:55:56.364737,AWS_GAU,drift,Temperature drifted by 0.93
2026-08-29T11:55:56.372748,AWS_CJB,drift,Temperature drifted by 1.70
2026-08-29T11:55:58.379739,AWS_PNQ,frozen_value,Values frozen
2026-08-29T11:55:58.381863,AWS_STV,drift,Temperature drifted by 2.76
2026-08-29T11:55:58.387153,AWS_BHO,frozen_value,Values frozen
2026-08-29T11:55:58.389144,AWS_COK,frozen_value,Values frozen
2026-08-29T11:55:58.391748,AWS_VTZ,frozen_value,Values frozen
2026-08-29T11:55:58.393762,AWS_PAT,frozen_value,Values frozen
2026-08-29T11:55:58.394819,AWS_IXC,frozen_value,Values frozen
2026-08-29T11:55:58.397229,AWS_GAU,drift,Temperature drifted by 1.25
2026-08-29T11:55:58.400414,AWS_CJB,drift,Temperature drifted by 2.03
2026-08-29T11:56:00.401690,AWS_MUM,spatial_outlier,Deviating from spatial trend
2026-08-29T11:56:00.408310,AWS_HYD,spike,humidity spiked by -19.32
2026-08-29T11:56:00.413822,AWS_PNQ,frozen_value,Values frozen
2026-08-29T11:56:00.417227,AWS_STV,drift,Temperature drifted by 2.87
2026-08-29T11:56:00.419467,AWS_JAI,frozen_value,Values frozen
2026-08-29T11:56:00.422810,AWS_LKO,drift,Temperature drifted by 0.46
2026-08-29T11:56:00.426497,AWS_KNP,spatial_outlier,Deviating from spatial trend
2026-08-29T11:56:00.431300,AWS_IDR,frozen_value,Values frozen
2026-08-29T11:56:00.434307,AWS_BHO,frozen_value,Values frozen
2026-08-29T11:56:00.437932,AWS_COK,frozen_value,Values frozen
2026-08-29T11:56:00.441719,AWS_TRV,drift,Temperature drifted by 0.40
2026-08-29T11:56:00.445592,AWS_VTZ,frozen_value,Values frozen
2026-08-29T11:56:00.449138,AWS_PAT,frozen_value,Values frozen
2026-08-29T11:56:00.451749,AWS_IXC,frozen_value,Values frozen
2026-08-29T11:56:00.454247,AWS_BBI,spike,pressure spiked by 77.19
2026-08-29T11:56:00.457039,AWS_GAU,drift,Temperature drifted by 1.53
2026-08-29T11:56:00.461529,AWS_CJB,drift,Temperature drifted by 2.26
2026-08-29T11:56:02.467533,AWS_MAA,spatial_outlier,Deviating from spatial trend
2026-08-29T11:56:02.469181,AWS_PNQ,frozen_value,Values frozen
2026-08-29T11:56:02.470438,AWS_STV,drift,Temperature drifted by 3.02
2026-08-29T11:56:02.471561,AWS_JAI,frozen_value,Values frozen
2026-08-29T11:56:02.473323,AWS_LKO,drift,Temperature drifted by 0.58
2026-08-29T11:56:02.475725,AWS_IDR,frozen_value,Values frozen
2026-08-29T11:56:02.476544,AWS_BHO,frozen_value,Values frozen
2026-08-29T11:56:02.477397,AWS_COK,frozen_value,Values frozen
2026-08-29T11:56:02.478141,AWS_TRV,drift,Temperature drifted by 0.82
2026-08-29T11:56:02.479786,AWS_VTZ,frozen_value,Values frozen
2026-08-29T11:56:02.480802,AWS_PAT,frozen_value,Values frozen
2026-08-29T11:56:02.481705,AWS_IXC,frozen_value,Values frozen
2026-08-29T11:56:02.482905,AWS_GAU,drift,Temperature drifted by 1.66
2026-08-29T11:56:04.487858,AWS_BLR,cross_parameter_inconsistency,Physically inconsistent state
2026-08-29T11:56:04.493729,AWS_STV,drift,Temperature drifted by 3.36
2026-08-29T11:56:04.496273,AWS_JAI,frozen_value,Values frozen
2026-08-29T11:56:04.498335,AWS_LKO,drift,Temperature drifted by 0.92
2026-08-29T11:56:04.500782,AWS_KNP,frozen_value,Values frozen
2026-08-29T11:56:04.504041,AWS_IDR,frozen_value,Values frozen
2026-08-29T11:56:04.508689,AWS_BHO,frozen_value,Values frozen
2026-08-29T11:56:04.510741,AWS_COK,frozen_value,Values frozen
2026-08-29T11:56:04.512038,AWS_TRV,drift,Temperature drifted by 1.25
2026-08-29T11:56:04.514124,AWS_VTZ,frozen_value,Values frozen
2026-08-29T11:56:04.516868,AWS_PAT,frozen_value,Values frozen
2026-08-29T11:56:04.519923,AWS_IXC,frozen_value,Values frozen
2026-08-29T11:56:04.525153,AWS_GAU,drift,Temperature drifted by 2.14
2026-08-29T11:56:04.527539,AWS_IXR,spatial_outlier,Deviating from spatial trend
2026-08-29T11:56:06.531787,AWS_MUM,drift,Temperature drifted by 0.11
2026-08-29T11:56:06.543273,AWS_STV,drift,Temperature drifted by 3.80
2026-08-29T11:56:06.549614,AWS_JAI,frozen_value,Values frozen
2026-08-29T11:56:06.552875,AWS_LKO,drift,Temperature drifted by 1.34
2026-08-29T11:56:06.557785,AWS_KNP,frozen_value,Values frozen
2026-08-29T11:56:06.563733,AWS_IDR,frozen_value,Values frozen
2026-08-29T11:56:06.568356,AWS_BHO,frozen_value,Values frozen
2026-08-29T11:56:06.574069,AWS_TRV,drift,Temperature drifted by 1.53
2026-08-29T11:56:06.577914,AWS_VTZ,frozen_value,Values frozen
2026-08-29T11:56:06.581423,AWS_PAT,frozen_value,Values frozen
2026-08-29T11:56:06.583994,AWS_IXC,frozen_value,Values frozen
2026-08-29T11:56:06.588764,AWS_GAU,drift,Temperature drifted by 2.63
2026-08-29T11:56:08.596835,AWS_MUM,drift,Temperature drifted by 0.38
2026-08-29T11:56:08.599341,AWS_DEL,drift,Temperature drifted by 0.34
2026-08-29T11:56:08.602288,AWS_MAA,drift,Temperature drifted by 0.18
2026-08-29T11:56:08.607275,AWS_STV,drift,Temperature drifted by 4.08
2026-08-29T11:56:08.609943,AWS_JAI,frozen_value,Values frozen
2026-08-29T11:56:08.611875,AWS_LKO,drift,Temperature drifted by 1.46
2026-08-29T11:56:08.614756,AWS_KNP,frozen_value,Values frozen
2026-08-29T11:56:08.617588,AWS_IDR,frozen_value,Values frozen
2026-08-29T11:56:08.620317,AWS_BHO,frozen_value,Values frozen
2026-08-29T11:56:08.625722,AWS_TRV,drift,Temperature drifted by 1.77
2026-08-29T11:56:08.627923,AWS_VTZ,frozen_value,Values frozen
2026-08-29T11:56:08.630025,AWS_PAT,frozen_value,Values frozen
2026-08-29T11:56:08.632043,AWS_IXC,frozen_value,Values frozen
2026-08-29T11:56:08.634150,AWS_BBI,dropout,Reading dropped
2026-08-29T11:56:08.635204,AWS_GAU,drift,Temperature drifted by 2.99
2026-08-29T11:56:10.642220,AWS_MUM,drift,Temperature drifted by 0.78
2026-08-29T11:56:10.646552,AWS_DEL,drift,Temperature drifted by 0.47
2026-08-29T11:56:10.649908,AWS_HYD,dropout,Reading dropped
2026-08-29T11:56:10.651797,AWS_MAA,drift,Temperature drifted by 0.42
2026-08-29T11:56:10.657711,AWS_STV,drift,Temperature drifted by 4.34
2026-08-29T11:56:10.661529,AWS_JAI,frozen_value,Values frozen
2026-08-29T11:56:10.664161,AWS_LKO,spike,humidity spiked by 11.50
2026-08-29T11:56:10.666574,AWS_KNP,frozen_value,Values frozen
2026-08-29T11:56:10.669619,AWS_NAG,frozen_value,Values frozen
2026-08-29T11:56:10.672351,AWS_IDR,frozen_value,Values frozen
2026-08-29T11:56:10.675176,AWS_BHO,frozen_value,Values frozen
2026-08-29T11:56:10.677744,AWS_COK,frozen_value,Values frozen
2026-08-29T11:56:10.680597,AWS_TRV,drift,Temperature drifted by 1.87
2026-08-29T11:56:10.683154,AWS_VTZ,frozen_value,Values frozen
2026-08-29T11:56:10.686299,AWS_PAT,frozen_value,Values frozen
2026-08-29T11:56:10.689650,AWS_IXC,frozen_value,Values frozen
2026-08-29T11:56:10.693631,AWS_GAU,drift,Temperature drifted by 3.15
2026-08-29T11:56:12.699422,AWS_MUM,drift,Temperature drifted by 1.00
2026-08-29T11:56:12.701095,AWS_DEL,drift,Temperature drifted by 0.59
2026-08-29T11:56:12.702549,AWS_BLR,spike,pressure spiked by -135.45
2026-08-29T11:56:12.703634,AWS_HYD,dropout,Reading dropped
2026-08-29T11:56:12.704220,AWS_MAA,drift,Temperature drifted by 0.87
2026-08-29T11:56:12.709410,AWS_JAI,frozen_value,Values frozen
2026-08-29T11:56:12.717597,AWS_KNP,frozen_value,Values frozen
2026-08-29T11:56:12.725534,AWS_NAG,frozen_value,Values frozen
2026-08-29T11:56:12.729095,AWS_IDR,frozen_value,Values frozen
2026-08-29T11:56:12.732232,AWS_BHO,frozen_value,Values frozen
2026-08-29T11:56:12.735865,AWS_COK,frozen_value,Values frozen
2026-08-29T11:56:12.747184,AWS_VTZ,frozen_value,Values frozen
2026-08-29T11:56:12.750716,AWS_PAT,frozen_value,Values frozen
2026-08-29T11:56:12.761910,AWS_IXC,frozen_value,Values frozen
2026-08-29T11:56:12.769496,AWS_GAU,drift,Temperature drifted by 3.28
2026-08-29T11:56:12.779606,AWS_IXR,spatial_outlier,Deviating from spatial trend
2026-08-29T11:56:14.795115,AWS_MUM,drift,Temperature drifted by 1.22
2026-08-29T11:56:14.798094,AWS_DEL,drift,Temperature drifted by 0.89
2026-08-29T11:56:14.801706,AWS_HYD,dropout,Reading dropped
2026-08-29T11:56:14.803173,AWS_MAA,drift,Temperature drifted by 1.23
2026-08-29T11:56:14.808197,AWS_AMD,frozen_value,Values frozen
2026-08-29T11:56:14.810686,AWS_STV,drift,Temperature drifted by 0.49
2026-08-29T11:56:14.813058,AWS_JAI,frozen_value,Values frozen
2026-08-29T11:56:14.815852,AWS_LKO,dropout,Reading dropped
2026-08-29T11:56:14.817700,AWS_KNP,frozen_value,Values frozen
2026-08-29T11:56:14.820982,AWS_NAG,frozen_value,Values frozen
2026-08-29T11:56:14.825113,AWS_IDR,frozen_value,Values frozen
2026-08-29T11:56:14.828076,AWS_BHO,frozen_value,Values frozen
2026-08-29T11:56:14.830655,AWS_COK,frozen_value,Values frozen
2026-08-29T11:56:14.834532,AWS_VTZ,frozen_value,Values frozen
2026-08-29T11:56:14.837010,AWS_PAT,frozen_value,Values frozen
2026-08-29T11:56:14.841041,AWS_IXC,frozen_value,Values frozen
2026-08-29T11:56:14.844782,AWS_GAU,drift,Temperature drifted by 3.54
2026-08-29T11:56:14.848263,AWS_MYQ,frozen_value,Values frozen
2026-08-29T11:56:16.851623,AWS_MUM,drift,Temperature drifted by 1.41
2026-08-29T11:56:16.853528,AWS_DEL,drift,Temperature drifted by 1.21
2026-08-29T11:56:16.858044,AWS_MAA,drift,Temperature drifted by 1.39
2026-08-29T11:56:16.862203,AWS_PNQ,frozen_value,Values frozen
2026-08-29T11:56:16.864340,AWS_AMD,frozen_value,Values frozen
2026-08-29T11:56:16.868203,AWS_STV,drift,Temperature drifted by 0.86
2026-08-29T11:56:16.870933,AWS_JAI,frozen_value,Values frozen
2026-08-29T11:56:16.874922,AWS_LKO,dropout,Reading dropped
2026-08-29T11:56:16.877198,AWS_KNP,frozen_value,Values frozen
2026-08-29T11:56:16.879810,AWS_NAG,frozen_value,Values frozen
2026-08-29T11:56:16.882572,AWS_IDR,frozen_value,Values frozen
2026-08-29T11:56:16.885131,AWS_BHO,frozen_value,Values frozen
2026-08-29T11:56:16.888918,AWS_COK,frozen_value,Values frozen
2026-08-29T11:56:16.892719,AWS_VTZ,drift,Temperature drifted by 0.13
2026-08-29T11:56:16.896874,AWS_IXC,frozen_value,Values frozen
2026-08-29T11:56:16.902710,AWS_MYQ,frozen_value,Values frozen
2026-08-29T11:56:18.907932,AWS_MUM,drift,Temperature drifted by 1.80
2026-08-29T11:56:18.909209,AWS_DEL,drift,Temperature drifted by 1.61
2026-08-29T11:56:18.910405,AWS_MAA,drift,Temperature drifted by 1.60
2026-08-29T11:56:18.911087,AWS_CCU,cross_parameter_inconsistency,Physically inconsistent state
2026-08-29T11:56:18.911703,AWS_PNQ,frozen_value,Values frozen
2026-08-29T11:56:18.912203,AWS_AMD,frozen_value,Values frozen
2026-08-29T11:56:18.912742,AWS_STV,drift,Temperature drifted by 1.25
2026-08-29T11:56:18.913295,AWS_JAI,frozen_value,Values frozen
2026-08-29T11:56:18.913871,AWS_LKO,dropout,Reading dropped
2026-08-29T11:56:18.914188,AWS_KNP,frozen_value,Values frozen
2026-08-29T11:56:18.915050,AWS_NAG,frozen_value,Values frozen
2026-08-29T11:56:18.915600,AWS_IDR,frozen_value,Values frozen
2026-08-29T11:56:18.916204,AWS_BHO,frozen_value,Values frozen
2026-08-29T11:56:18.916628,AWS_COK,frozen_value,Values frozen
2026-08-29T11:56:18.917205,AWS_VTZ,drift,Temperature drifted by 0.38
2026-08-29T11:56:18.917906,AWS_IXC,frozen_value,Values frozen
2026-08-29T11:56:18.918327,AWS_BBI,spike,temperature spiked by 14.87
2026-08-29T11:56:18.919102,AWS_MYQ,frozen_value,Values frozen
2026-08-29T11:56:20.920107,AWS_MUM,drift,Temperature drifted by 2.15
2026-08-29T11:56:20.922230,AWS_DEL,drift,Temperature drifted by 2.04
2026-08-29T11:56:20.925147,AWS_BLR,dropout,Reading dropped
2026-08-29T11:56:20.927055,AWS_MAA,drift,Temperature drifted by 1.71
2026-08-29T11:56:20.929973,AWS_PNQ,frozen_value,Values frozen
2026-08-29T11:56:20.932391,AWS_AMD,frozen_value,Values frozen
2026-08-29T11:56:20.933452,AWS_STV,drift,Temperature drifted by 1.35
2026-08-29T11:56:20.934376,AWS_JAI,frozen_value,Values frozen
2026-08-29T11:56:20.937131,AWS_KNP,frozen_value,Values frozen
2026-08-29T11:56:20.940777,AWS_NAG,frozen_value,Values frozen
2026-08-29T11:56:20.943006,AWS_IDR,frozen_value,Values frozen
2026-08-29T11:56:20.945294,AWS_BHO,frozen_value,Values frozen
2026-08-29T11:56:20.946695,AWS_COK,frozen_value,Values frozen
2026-08-29T11:56:20.947993,AWS_TRV,drift,Temperature drifted by 0.48
2026-08-29T11:56:20.949806,AWS_VTZ,drift,Temperature drifted by 0.63
2026-08-29T11:56:20.952691,AWS_IXC,frozen_value,Values frozen
2026-08-29T11:56:20.956009,AWS_MYQ,frozen_value,Values frozen
2026-08-29T11:56:20.958498,AWS_CJB,frozen_value,Values frozen
2026-08-29T11:56:22.961372,AWS_DEL,drift,Temperature drifted by 2.45
2026-08-29T11:56:22.964914,AWS_BLR,dropout,Reading dropped
2026-08-29T11:56:22.966890,AWS_HYD,cross_parameter_inconsistency,Physically inconsistent state
2026-08-29T11:56:22.969494,AWS_MAA,drift,Temperature drifted by 1.82
2026-08-29T11:56:22.975392,AWS_PNQ,frozen_value,Values frozen
2026-08-29T11:56:22.978941,AWS_AMD,frozen_value,Values frozen
2026-08-29T11:56:22.982253,AWS_STV,drift,Temperature drifted by 1.45
2026-08-29T11:56:22.985658,AWS_JAI,frozen_value,Values frozen
2026-08-29T11:56:22.991978,AWS_KNP,frozen_value,Values frozen
2026-08-29T11:56:22.996062,AWS_NAG,frozen_value,Values frozen
2026-08-29T11:56:22.999086,AWS_IDR,dropout,Reading dropped
2026-08-29T11:56:23.000773,AWS_BHO,frozen_value,Values frozen
2026-08-29T11:56:23.003780,AWS_COK,frozen_value,Values frozen
2026-08-29T11:56:23.007388,AWS_TRV,drift,Temperature drifted by 0.84
2026-08-29T11:56:23.011143,AWS_VTZ,drift,Temperature drifted by 0.99
2026-08-29T11:56:23.015936,AWS_BBI,cross_parameter_inconsistency,Physically inconsistent state
2026-08-29T11:56:23.022619,AWS_MYQ,frozen_value,Values frozen
2026-08-29T11:56:23.025466,AWS_CJB,frozen_value,Values frozen
2026-08-29T11:56:25.029596,AWS_DEL,drift,Temperature drifted by 2.91
2026-08-29T11:56:25.032127,AWS_MAA,drift,Temperature drifted by 1.97
2026-08-29T11:56:25.033770,AWS_PNQ,frozen_value,Values frozen
2026-08-29T11:56:25.035782,AWS_AMD,frozen_value,Values frozen
2026-08-29T11:56:25.037927,AWS_STV,drift,Temperature drifted by 1.64
2026-08-29T11:56:25.039820,AWS_JAI,frozen_value,Values frozen
2026-08-29T11:56:25.041448,AWS_LKO,dropout,Reading dropped
2026-08-29T11:56:25.042822,AWS_KNP,frozen_value,Values frozen
2026-08-29T11:56:25.044157,AWS_NAG,frozen_value,Values frozen
2026-08-29T11:56:25.045414,AWS_IDR,dropout,Reading dropped
2026-08-29T11:56:25.046244,AWS_BHO,frozen_value,Values frozen
2026-08-29T11:56:25.047423,AWS_COK,frozen_value,Values frozen
2026-08-29T11:56:25.048628,AWS_TRV,drift,Temperature drifted by 1.16
2026-08-29T11:56:25.049817,AWS_VTZ,drift,Temperature drifted by 1.13
2026-08-29T11:56:25.052292,AWS_BBI,spike,temperature spiked by -19.95
2026-08-29T11:56:25.053818,AWS_IXR,drift,Temperature drifted by 0.30
2026-08-29T11:56:25.055137,AWS_MYQ,frozen_value,Values frozen
2026-08-29T11:56:25.056184,AWS_CJB,frozen_value,Values frozen
2026-08-29T11:56:27.058718,AWS_DEL,drift,Temperature drifted by 3.23
2026-08-29T11:56:27.060536,AWS_HYD,cross_parameter_inconsistency,Physically inconsistent state
2026-08-29T11:56:27.061470,AWS_MAA,drift,Temperature drifted by 2.29
2026-08-29T11:56:27.062985,AWS_AMD,frozen_value,Values frozen
2026-08-29T11:56:27.064026,AWS_STV,drift,Temperature drifted by 1.90
2026-08-29T11:56:27.066596,AWS_JAI,frozen_value,Values frozen
2026-08-29T11:56:27.068302,AWS_LKO,dropout,Reading dropped
2026-08-29T11:56:27.069271,AWS_KNP,frozen_value,Values frozen
2026-08-29T11:56:27.070773,AWS_NAG,frozen_value,Values frozen
2026-08-29T11:56:27.073840,AWS_BHO,frozen_value,Values frozen
2026-08-29T11:56:27.075374,AWS_COK,frozen_value,Values frozen
2026-08-29T11:56:27.076839,AWS_TRV,drift,Temperature drifted by 1.63
2026-08-29T11:56:27.078508,AWS_VTZ,drift,Temperature drifted by 1.56
2026-08-29T11:56:27.081055,AWS_IXC,drift,Temperature drifted by 0.11
2026-08-29T11:56:27.083192,AWS_IXR,drift,Temperature drifted by 0.48
2026-08-29T11:56:27.084373,AWS_MYQ,frozen_value,Values frozen
2026-08-29T11:56:27.085454,AWS_CJB,frozen_value,Values frozen
2026-08-29T11:56:29.089238,AWS_DEL,drift,Temperature drifted by 3.72
2026-08-29T11:56:29.095074,AWS_HYD,cross_parameter_inconsistency,Physically inconsistent state
2026-08-29T11:56:29.103069,AWS_AMD,frozen_value,Values frozen
2026-08-29T11:56:29.107433,AWS_STV,drift,Temperature drifted by 2.23
2026-08-29T11:56:29.110868,AWS_JAI,frozen_value,Values frozen
2026-08-29T11:56:29.114219,AWS_LKO,dropout,Reading dropped
2026-08-29T11:56:29.116425,AWS_KNP,frozen_value,Values frozen
2026-08-29T11:56:29.118919,AWS_NAG,frozen_value,Values frozen
2026-08-29T11:56:29.123121,AWS_BHO,frozen_value,Values frozen
2026-08-29T11:56:29.126101,AWS_COK,frozen_value,Values frozen
2026-08-29T11:56:29.128533,AWS_TRV,drift,Temperature drifted by 1.97
2026-08-29T11:56:29.131803,AWS_VTZ,drift,Temperature drifted by 1.88
2026-08-29T11:56:29.134780,AWS_IXC,drift,Temperature drifted by 0.29
2026-08-29T11:56:29.138527,AWS_GAU,spatial_outlier,Deviating from spatial trend
2026-08-29T11:56:29.141798,AWS_IXR,drift,Temperature drifted by 0.90
2026-08-29T11:56:29.144544,AWS_MYQ,frozen_value,Values frozen
2026-08-29T11:56:29.146950,AWS_CJB,frozen_value,Values frozen
2026-08-29T11:56:31.150113,AWS_DEL,drift,Temperature drifted by 4.03
2026-08-29T11:56:31.155760,AWS_AMD,frozen_value,Values frozen
2026-08-29T11:56:31.157591,AWS_STV,drift,Temperature drifted by 2.34
2026-08-29T11:56:31.158726,AWS_JAI,spike,temperature spiked by -14.75
2026-08-29T11:56:31.160091,AWS_LKO,drift,Temperature drifted by 0.14
2026-08-29T11:56:31.161136,AWS_KNP,frozen_value,Values frozen
2026-08-29T11:56:31.162713,AWS_NAG,frozen_value,Values frozen
2026-08-29T11:56:31.163591,AWS_IDR,drift,Temperature drifted by 0.16
2026-08-29T11:56:31.164990,AWS_BHO,frozen_value,Values frozen
2026-08-29T11:56:31.165795,AWS_COK,frozen_value,Values frozen
2026-08-29T11:56:31.166890,AWS_TRV,drift,Temperature drifted by 2.39
2026-08-29T11:56:31.167983,AWS_VTZ,drift,Temperature drifted by 2.18
2026-08-29T11:56:31.169100,AWS_IXC,drift,Temperature drifted by 0.62
2026-08-29T11:56:31.170710,AWS_IXR,drift,Temperature drifted by 1.28
2026-08-29T11:56:31.171985,AWS_MYQ,frozen_value,Values frozen
2026-08-29T11:56:31.172957,AWS_CJB,frozen_value,Values frozen
2026-08-29T11:56:33.174814,AWS_DEL,drift,Temperature drifted by 4.53
2026-08-29T11:56:33.180448,AWS_AMD,frozen_value,Values frozen
2026-08-29T11:56:33.183996,AWS_STV,drift,Temperature drifted by 2.83
2026-08-29T11:56:33.186702,AWS_LKO,drift,Temperature drifted by 0.63
2026-08-29T11:56:33.190525,AWS_KNP,frozen_value,Values frozen
2026-08-29T11:56:33.192791,AWS_NAG,frozen_value,Values frozen
2026-08-29T11:56:33.195888,AWS_IDR,drift,Temperature drifted by 0.27
2026-08-29T11:56:33.198516,AWS_BHO,frozen_value,Values frozen
2026-08-29T11:56:33.200684,AWS_COK,frozen_value,Values frozen
2026-08-29T11:56:33.202526,AWS_TRV,drift,Temperature drifted by 2.86
2026-08-29T11:56:33.206582,AWS_VTZ,drift,Temperature drifted by 2.42
2026-08-29T11:56:33.210239,AWS_IXC,drift,Temperature drifted by 0.98
2026-08-29T11:56:33.213795,AWS_IXR,drift,Temperature drifted by 1.46
2026-08-29T11:56:33.216832,AWS_MYQ,frozen_value,Values frozen
2026-08-29T11:56:33.218945,AWS_CJB,frozen_value,Values frozen
2026-08-29T11:56:35.221535,AWS_MUM,spike,pressure spiked by -87.23
2026-08-29T11:56:35.229850,AWS_DEL,frozen_value,Values frozen
2026-08-29T11:56:35.233951,AWS_BLR,spike,pressure spiked by 142.97
2026-08-29T11:56:35.244848,AWS_AMD,frozen_value,Values frozen
2026-08-29T11:56:35.248863,AWS_STV,drift,Temperature drifted by 2.95
2026-08-29T11:56:35.252145,AWS_LKO,drift,Temperature drifted by 0.78
2026-08-29T11:56:35.256948,AWS_NAG,frozen_value,Values frozen
2026-08-29T11:56:35.259696,AWS_IDR,drift,Temperature drifted by 0.49
2026-08-29T11:56:35.262497,AWS_BHO,frozen_value,Values frozen
2026-08-29T11:56:35.265647,AWS_COK,frozen_value,Values frozen
2026-08-29T11:56:35.268132,AWS_TRV,drift,Temperature drifted by 3.14
2026-08-29T11:56:35.271099,AWS_VTZ,drift,Temperature drifted by 2.82
2026-08-29T11:56:35.276223,AWS_IXC,drift,Temperature drifted by 1.08
2026-08-29T11:56:35.281078,AWS_GAU,dropout,Reading dropped
2026-08-29T11:56:35.282549,AWS_IXR,drift,Temperature drifted by 1.82
2026-08-29T11:56:35.285265,AWS_MYQ,frozen_value,Values frozen
2026-08-29T11:56:37.291318,AWS_DEL,frozen_value,Values frozen
2026-08-29T11:56:37.296301,AWS_AMD,frozen_value,Values frozen
2026-08-29T11:56:37.298283,AWS_STV,drift,Temperature drifted by 3.14
2026-08-29T11:56:37.301366,AWS_LKO,drift,Temperature drifted by 1.14
2026-08-29T11:56:37.307426,AWS_IDR,drift,Temperature drifted by 0.93
2026-08-29T11:56:37.309470,AWS_BHO,frozen_value,Values frozen
2026-08-29T11:56:37.312733,AWS_COK,frozen_value,Values frozen
2026-08-29T11:56:37.314888,AWS_TRV,drift,Temperature drifted by 3.61
2026-08-29T11:56:37.318184,AWS_VTZ,drift,Temperature drifted by 3.10
2026-08-29T11:56:37.320215,AWS_IXC,drift,Temperature drifted by 1.26
2026-08-29T11:56:37.324004,AWS_IXR,drift,Temperature drifted by 2.08
2026-08-29T11:56:37.326548,AWS_MYQ,frozen_value,Values frozen
2026-08-29T11:56:39.330016,AWS_MUM,dropout,Reading dropped
2026-08-29T11:56:39.331180,AWS_DEL,frozen_value,Values frozen
2026-08-29T11:56:39.334147,AWS_CCU,spatial_outlier,Deviating from spatial trend
2026-08-29T11:56:39.336150,AWS_STV,drift,Temperature drifted by 3.29
2026-08-29T11:56:39.337138,AWS_JAI,dropout,Reading dropped
2026-08-29T11:56:39.338859,AWS_LKO,drift,Temperature drifted by 1.24
2026-08-29T11:56:39.341082,AWS_NAG,drift,Temperature drifted by 0.29
2026-08-29T11:56:39.342387,AWS_IDR,drift,Temperature drifted by 1.36
2026-08-29T11:56:39.343256,AWS_BHO,frozen_value,Values frozen
2026-08-29T11:56:39.345064,AWS_COK,drift,Temperature drifted by 0.29
2026-08-29T11:56:39.347424,AWS_TRV,drift,Temperature drifted by 4.03
2026-08-29T11:56:39.348693,AWS_VTZ,drift,Temperature drifted by 3.37
2026-08-29T11:56:39.350123,AWS_IXC,drift,Temperature drifted by 1.50
2026-08-29T11:56:39.351011,AWS_BBI,spike,temperature spiked by -21.51
2026-08-29T11:56:39.352838,AWS_IXR,drift,Temperature drifted by 2.54
2026-08-29T11:56:39.355968,AWS_MYQ,frozen_value,Values frozen
2026-08-29T11:56:41.358306,AWS_MUM,dropout,Reading dropped
2026-08-29T11:56:41.360721,AWS_DEL,frozen_value,Values frozen
2026-08-29T11:56:41.370159,AWS_PNQ,spatial_outlier,Deviating from spatial trend
2026-08-29T11:56:41.376005,AWS_STV,drift,Temperature drifted by 3.59
2026-08-29T11:56:41.380325,AWS_JAI,dropout,Reading dropped
2026-08-29T11:56:41.385651,AWS_NAG,drift,Temperature drifted by 0.60
2026-08-29T11:56:41.389999,AWS_IDR,drift,Temperature drifted by 1.56
2026-08-29T11:56:41.393483,AWS_BHO,frozen_value,Values frozen
2026-08-29T11:56:41.397560,AWS_COK,drift,Temperature drifted by 0.47
2026-08-29T11:56:41.400933,AWS_TRV,drift,Temperature drifted by 4.30
2026-08-29T11:56:41.402228,AWS_VTZ,drift,Temperature drifted by 3.53
2026-08-29T11:56:41.405766,AWS_IXC,drift,Temperature drifted by 1.73
2026-08-29T11:56:41.408110,AWS_IXR,drift,Temperature drifted by 2.80
2026-08-29T11:56:41.409467,AWS_MYQ,frozen_value,Values frozen
2026-08-29T11:56:43.414568,AWS_DEL,frozen_value,Values frozen
2026-08-29T11:56:43.424803,AWS_PNQ,frozen_value,Values frozen
2026-08-29T11:56:43.430007,AWS_STV,drift,Temperature drifted by 0.29
2026-08-29T11:56:43.432216,AWS_JAI,dropout,Reading dropped
2026-08-29T11:56:43.436073,AWS_NAG,drift,Temperature drifted by 1.06
2026-08-29T11:56:43.439248,AWS_IDR,drift,Temperature drifted by 1.79
2026-08-29T11:56:43.443632,AWS_COK,drift,Temperature drifted by 0.78
2026-08-29T11:56:43.447221,AWS_TRV,drift,Temperature drifted by 4.56
2026-08-29T11:56:43.450370,AWS_VTZ,drift,Temperature drifted by 3.74
2026-08-29T11:56:43.453479,AWS_IXC,drift,Temperature drifted by 2.11
2026-08-29T11:56:43.460911,AWS_IXR,drift,Temperature drifted by 2.99
2026-08-29T11:56:43.463944,AWS_MYQ,frozen_value,Values frozen
2026-08-29T11:56:45.468984,AWS_DEL,frozen_value,Values frozen
2026-08-29T11:56:45.471944,AWS_MAA,spatial_outlier,Deviating from spatial trend
2026-08-29T11:56:45.472987,AWS_PNQ,frozen_value,Values frozen
2026-08-29T11:56:45.474045,AWS_STV,drift,Temperature drifted by 0.57
2026-08-29T11:56:45.475361,AWS_NAG,drift,Temperature drifted by 1.55
2026-08-29T11:56:45.476687,AWS_IDR,drift,Temperature drifted by 1.90
2026-08-29T11:56:45.477488,AWS_COK,drift,Temperature drifted by 1.01
2026-08-29T11:56:45.478267,AWS_TRV,drift,Temperature drifted by 4.70
2026-08-29T11:56:45.479140,AWS_IXC,drift,Temperature drifted by 2.23
2026-08-29T11:56:45.480542,AWS_IXR,drift,Temperature drifted by 3.11
2026-08-29T11:56:45.481381,AWS_MYQ,cross_parameter_inconsistency,Physically inconsistent state
2026-08-29T11:56:47.482520,AWS_MUM,dropout,Reading dropped
2026-08-29T11:56:47.483435,AWS_DEL,frozen_value,Values frozen
2026-08-29T11:56:47.485714,AWS_MAA,drift,Temperature drifted by 0.42
2026-08-29T11:56:47.486610,AWS_CCU,drift,Temperature drifted by 0.26
2026-08-29T11:56:47.487556,AWS_PNQ,frozen_value,Values frozen
2026-08-29T11:56:47.488668,AWS_AMD,cross_parameter_inconsistency,Physically inconsistent state
2026-08-29T11:56:47.489785,AWS_STV,drift,Temperature drifted by 0.76
2026-08-29T11:56:47.493380,AWS_NAG,drift,Temperature drifted by 1.74
2026-08-29T11:56:47.494475,AWS_IDR,drift,Temperature drifted by 2.02
2026-08-29T11:56:47.496065,AWS_BHO,cross_parameter_inconsistency,Physically inconsistent state
2026-08-29T11:56:47.498355,AWS_COK,drift,Temperature drifted by 1.40
2026-08-29T11:56:47.500113,AWS_TRV,drift,Temperature drifted by 5.03
2026-08-29T11:56:47.501814,AWS_PAT,dropout,Reading dropped
2026-08-29T11:56:47.502536,AWS_IXC,drift,Temperature drifted by 2.43
2026-08-29T11:56:47.506715,AWS_IXR,drift,Temperature drifted by 3.47
2026-08-29T11:56:47.508206,AWS_MYQ,frozen_value,Values frozen
2026-08-29T11:56:47.509487,AWS_CJB,drift,Temperature drifted by 0.37
2026-08-29T11:56:49.511636,AWS_MUM,drift,Temperature drifted by 0.40
2026-08-29T11:56:49.515009,AWS_DEL,frozen_value,Values frozen
2026-08-29T11:56:49.519605,AWS_MAA,drift,Temperature drifted by 0.65
2026-08-29T11:56:49.521906,AWS_CCU,drift,Temperature drifted by 0.45
2026-08-29T11:56:49.526218,AWS_PNQ,frozen_value,Values frozen
2026-08-29T11:56:49.529537,AWS_AMD,spike,temperature spiked by 28.66
2026-08-29T11:56:49.532212,AWS_STV,drift,Temperature drifted by 1.04
2026-08-29T11:56:49.534919,AWS_JAI,frozen_value,Values frozen
2026-08-29T11:56:49.541245,AWS_NAG,drift,Temperature drifted by 1.87
2026-08-29T11:56:49.544786,AWS_IDR,drift,Temperature drifted by 2.15
2026-08-29T11:56:49.549955,AWS_COK,drift,Temperature drifted by 1.81
2026-08-29T11:56:49.555626,AWS_PAT,dropout,Reading dropped
2026-08-29T11:56:49.557435,AWS_IXC,drift,Temperature drifted by 2.80
2026-08-29T11:56:49.562036,AWS_IXR,drift,Temperature drifted by 3.68
2026-08-29T11:56:49.564648,AWS_MYQ,frozen_value,Values frozen
2026-08-29T11:56:49.567073,AWS_CJB,drift,Temperature drifted by 0.83
2026-08-29T11:56:51.569863,AWS_MUM,drift,Temperature drifted by 0.89
2026-08-29T11:56:51.572623,AWS_DEL,frozen_value,Values frozen
2026-08-29T11:56:51.574875,AWS_HYD,frozen_value,Values frozen
2026-08-29T11:56:51.575869,AWS_MAA,drift,Temperature drifted by 1.12
2026-08-29T11:56:51.576999,AWS_CCU,drift,Temperature drifted by 0.58
2026-08-29T11:56:51.578035,AWS_PNQ,frozen_value,Values frozen
2026-08-29T11:56:51.579964,AWS_STV,drift,Temperature drifted by 1.45
2026-08-29T11:56:51.581159,AWS_JAI,frozen_value,Values frozen
2026-08-29T11:56:51.582976,AWS_NAG,drift,Temperature drifted by 1.98
2026-08-29T11:56:51.584512,AWS_IDR,drift,Temperature drifted by 2.45
2026-08-29T11:56:51.585759,AWS_COK,drift,Temperature drifted by 2.01
2026-08-29T11:56:51.587843,AWS_PAT,dropout,Reading dropped
2026-08-29T11:56:51.590755,AWS_IXR,drift,Temperature drifted by 3.85
2026-08-29T11:56:51.591657,AWS_MYQ,frozen_value,Values frozen
2026-08-29T11:56:51.592486,AWS_CJB,drift,Temperature drifted by 1.07
2026-08-29T11:56:53.593819,AWS_MUM,drift,Temperature drifted by 1.28
2026-08-29T11:56:53.596560,AWS_DEL,dropout,Reading dropped
2026-08-29T11:56:53.599234,AWS_HYD,frozen_value,Values frozen
2026-08-29T11:56:53.601472,AWS_MAA,drift,Temperature drifted by 1.30
2026-08-29T11:56:53.604147,AWS_CCU,drift,Temperature drifted by 0.95
2026-08-29T11:56:53.607476,AWS_PNQ,cross_parameter_inconsistency,Physically inconsistent state
2026-08-29T11:56:53.612394,AWS_STV,drift,Temperature drifted by 1.81
2026-08-29T11:56:53.614853,AWS_JAI,frozen_value,Values frozen
2026-08-29T11:56:53.618844,AWS_KNP,frozen_value,Values frozen
2026-08-29T11:56:53.621399,AWS_NAG,drift,Temperature drifted by 2.09
2026-08-29T11:56:53.624214,AWS_IDR,drift,Temperature drifted by 2.93
2026-08-29T11:56:53.627241,AWS_BHO,dropout,Reading dropped
2026-08-29T11:56:53.628750,AWS_COK,drift,Temperature drifted by 2.44
2026-08-29T11:56:53.634956,AWS_IXC,dropout,Reading dropped
2026-08-29T11:56:53.636989,AWS_BBI,frozen_value,Values frozen
2026-08-29T11:56:53.640140,AWS_GAU,cross_parameter_inconsistency,Physically inconsistent state
2026-08-29T11:56:53.642980,AWS_IXR,drift,Temperature drifted by 4.02
2026-08-29T11:56:53.646101,AWS_MYQ,frozen_value,Values frozen
2026-08-29T11:56:53.648675,AWS_CJB,drift,Temperature drifted by 1.19
2026-08-29T11:56:55.651951,AWS_MUM,drift,Temperature drifted by 1.46
2026-08-29T11:56:55.654787,AWS_DEL,dropout,Reading dropped
2026-08-29T11:56:55.657432,AWS_HYD,frozen_value,Values frozen
2026-08-29T11:56:55.659706,AWS_MAA,drift,Temperature drifted by 1.66
2026-08-29T11:56:55.662925,AWS_CCU,drift,Temperature drifted by 1.27
2026-08-29T11:56:55.667719,AWS_STV,drift,Temperature drifted by 1.98
2026-08-29T11:56:55.670761,AWS_JAI,frozen_value,Values frozen
2026-08-29T11:56:55.677255,AWS_KNP,frozen_value,Values frozen
2026-08-29T11:56:55.679942,AWS_NAG,drift,Temperature drifted by 2.39
2026-08-29T11:56:55.682356,AWS_IDR,drift,Temperature drifted by 3.15
2026-08-29T11:56:55.685378,AWS_BHO,dropout,Reading dropped
2026-08-29T11:56:55.687111,AWS_COK,drift,Temperature drifted by 2.65
2026-08-29T11:56:55.695558,AWS_BBI,frozen_value,Values frozen
2026-08-29T11:56:55.699593,AWS_MYQ,frozen_value,Values frozen
2026-08-29T11:56:55.702062,AWS_CJB,drift,Temperature drifted by 1.42
2026-08-29T11:56:57.705195,AWS_MUM,drift,Temperature drifted by 1.95
2026-08-29T11:56:57.708043,AWS_DEL,dropout,Reading dropped
2026-08-29T11:56:57.710423,AWS_HYD,frozen_value,Values frozen
2026-08-29T11:56:57.712812,AWS_MAA,drift,Temperature drifted by 1.94
2026-08-29T11:56:57.715703,AWS_CCU,drift,Temperature drifted by 1.47
2026-08-29T11:56:57.719890,AWS_STV,drift,Temperature drifted by 2.12
2026-08-29T11:56:57.724430,AWS_JAI,frozen_value,Values frozen
2026-08-29T11:56:57.728796,AWS_KNP,frozen_value,Values frozen
2026-08-29T11:56:57.731328,AWS_NAG,drift,Temperature drifted by 2.84
2026-08-29T11:56:57.733955,AWS_IDR,spatial_outlier,Deviating from spatial trend
2026-08-29T11:56:57.737047,AWS_BHO,dropout,Reading dropped
2026-08-29T11:56:57.740119,AWS_COK,drift,Temperature drifted by 3.03
2026-08-29T11:56:57.747826,AWS_BBI,frozen_value,Values frozen
2026-08-29T11:56:57.753079,AWS_MYQ,frozen_value,Values frozen
2026-08-29T11:56:57.757041,AWS_CJB,drift,Temperature drifted by 1.62
2026-08-29T11:56:59.759931,AWS_MUM,drift,Temperature drifted by 2.22
2026-08-29T11:56:59.762735,AWS_HYD,frozen_value,Values frozen
2026-08-29T11:56:59.763737,AWS_MAA,drift,Temperature drifted by 2.05
2026-08-29T11:56:59.764477,AWS_CCU,dropout,Reading dropped
2026-08-29T11:56:59.765411,AWS_AMD,spike,humidity spiked by 15.49
2026-08-29T11:56:59.766098,AWS_STV,drift,Temperature drifted by 2.38
2026-08-29T11:56:59.766925,AWS_JAI,frozen_value,Values frozen
2026-08-29T11:56:59.769314,AWS_KNP,frozen_value,Values frozen
2026-08-29T11:56:59.773150,AWS_COK,drift,Temperature drifted by 3.47
2026-08-29T11:56:59.777034,AWS_BBI,frozen_value,Values frozen
2026-08-29T11:56:59.779643,AWS_MYQ,frozen_value,Values frozen
2026-08-29T11:56:59.780626,AWS_CJB,drift,Temperature drifted by 1.84
2026-08-29T11:57:01.782117,AWS_MUM,drift,Temperature drifted by 2.58
2026-08-29T11:57:01.784550,AWS_BLR,spike,pressure spiked by 96.29
2026-08-29T11:57:01.785527,AWS_HYD,frozen_value,Values frozen
2026-08-29T11:57:01.786352,AWS_MAA,drift,Temperature drifted by 2.23
2026-08-29T11:57:01.789427,AWS_CCU,spike,temperature spiked by 29.77
2026-08-29T11:57:01.794330,AWS_STV,drift,Temperature drifted by 2.87
2026-08-29T11:57:01.796480,AWS_JAI,frozen_value,Values frozen
2026-08-29T11:57:01.799372,AWS_KNP,frozen_value,Values frozen
2026-08-29T11:57:01.804559,AWS_COK,drift,Temperature drifted by 3.75
2026-08-29T11:57:01.807628,AWS_TRV,frozen_value,Values frozen
2026-08-29T11:57:01.813313,AWS_BBI,frozen_value,Values frozen
2026-08-29T11:57:01.816983,AWS_MYQ,frozen_value,Values frozen
2026-08-29T11:57:01.819297,AWS_CJB,drift,Temperature drifted by 2.03
2026-08-29T11:57:03.822599,AWS_MUM,drift,Temperature drifted by 3.00
2026-08-29T11:57:03.825233,AWS_HYD,frozen_value,Values frozen
2026-08-29T11:57:03.826492,AWS_CCU,drift,Temperature drifted by 0.32
2026-08-29T11:57:03.828387,AWS_STV,drift,Temperature drifted by 3.25
2026-08-29T11:57:03.831318,AWS_KNP,frozen_value,Values frozen
2026-08-29T11:57:03.833545,AWS_BHO,dropout,Reading dropped
2026-08-29T11:57:03.834563,AWS_TRV,frozen_value,Values frozen
2026-08-29T11:57:03.841351,AWS_CJB,drift,Temperature drifted by 2.51
2026-08-29T11:57:05.847198,AWS_HYD,frozen_value,Values frozen
2026-08-29T11:57:05.849563,AWS_MAA,cross_parameter_inconsistency,Physically inconsistent state
2026-08-29T11:57:05.852783,AWS_CCU,drift,Temperature drifted by 0.53
2026-08-29T11:57:05.858386,AWS_STV,drift,Temperature drifted by 3.46
2026-08-29T11:57:05.861429,AWS_JAI,drift,Temperature drifted by 0.21
2026-08-29T11:57:05.864277,AWS_KNP,frozen_value,Values frozen
2026-08-29T11:57:05.867979,AWS_BHO,dropout,Reading dropped
2026-08-29T11:57:05.869523,AWS_TRV,frozen_value,Values frozen
2026-08-29T11:57:07.879836,AWS_HYD,frozen_value,Values frozen
2026-08-29T11:57:07.881549,AWS_CCU,drift,Temperature drifted by 0.80
2026-08-29T11:57:07.883933,AWS_STV,drift,Temperature drifted by 3.72
2026-08-29T11:57:07.885419,AWS_JAI,drift,Temperature drifted by 0.66
2026-08-29T11:57:07.886977,AWS_KNP,frozen_value,Values frozen
2026-08-29T11:57:07.889047,AWS_BHO,dropout,Reading dropped
2026-08-29T11:57:07.890111,AWS_TRV,frozen_value,Values frozen
2026-08-29T11:57:07.893126,AWS_IXC,dropout,Reading dropped
2026-08-29T11:57:07.893769,AWS_BBI,dropout,Reading dropped
2026-08-29T11:57:09.897754,AWS_DEL,spatial_outlier,Deviating from spatial trend
2026-08-29T11:57:09.899793,AWS_HYD,frozen_value,Values frozen
2026-08-29T11:57:09.900872,AWS_MAA,frozen_value,Values frozen
2026-08-29T11:57:09.902136,AWS_CCU,drift,Temperature drifted by 1.01
2026-08-29T11:57:09.905206,AWS_AMD,spike,temperature spiked by 20.13
2026-08-29T11:57:09.906454,AWS_STV,drift,Temperature drifted by 4.22
2026-08-29T11:57:09.907627,AWS_JAI,drift,Temperature drifted by 0.81
2026-08-29T11:57:09.909302,AWS_NAG,spike,humidity spiked by -29.67
2026-08-29T11:57:09.912215,AWS_TRV,frozen_value,Values frozen
2026-08-29T11:57:11.917199,AWS_DEL,spatial_outlier,Deviating from spatial trend
2026-08-29T11:57:11.918541,AWS_HYD,frozen_value,Values frozen
2026-08-29T11:57:11.919389,AWS_MAA,frozen_value,Values frozen
2026-08-29T11:57:11.920235,AWS_CCU,drift,Temperature drifted by 1.25
2026-08-29T11:57:11.921765,AWS_AMD,cross_parameter_inconsistency,Physically inconsistent state
2026-08-29T11:57:11.922985,AWS_STV,dropout,Reading dropped
2026-08-29T11:57:11.923484,AWS_JAI,drift,Temperature drifted by 1.01
2026-08-29T11:57:11.929892,AWS_BHO,drift,Temperature drifted by 0.33
2026-08-29T11:57:11.932547,AWS_COK,spatial_outlier,Deviating from spatial trend
2026-08-29T11:57:11.933911,AWS_TRV,frozen_value,Values frozen
2026-08-29T11:57:11.935751,AWS_VTZ,frozen_value,Values frozen
2026-08-29T11:57:11.936977,AWS_PAT,drift,Temperature drifted by 0.34
2026-08-29T11:57:11.947164,AWS_IXC,spike,temperature spiked by 25.46
2026-08-29T11:57:11.956011,AWS_GAU,frozen_value,Values frozen
2026-08-29T11:57:11.958580,AWS_MYQ,drift,Temperature drifted by 0.26
2026-08-29T11:57:13.964976,AWS_HYD,frozen_value,Values frozen
2026-08-29T11:57:13.966020,AWS_MAA,frozen_value,Values frozen
2026-08-29T11:57:13.966903,AWS_CCU,spike,pressure spiked by 132.54
2026-08-29T11:57:13.969359,AWS_STV,dropout,Reading dropped
2026-08-29T11:57:13.970101,AWS_JAI,drift,Temperature drifted by 1.45
2026-08-29T11:57:13.972112,AWS_KNP,frozen_value,Values frozen
2026-08-29T11:57:13.973123,AWS_NAG,spatial_outlier,Deviating from spatial trend
2026-08-29T11:57:13.974371,AWS_BHO,drift,Temperature drifted by 0.79
2026-08-29T11:57:13.975931,AWS_TRV,frozen_value,Values frozen
2026-08-29T11:57:13.976893,AWS_VTZ,frozen_value,Values frozen
2026-08-29T11:57:13.977815,AWS_PAT,drift,Temperature drifted by 0.65
2026-08-29T11:57:13.979567,AWS_GAU,frozen_value,Values frozen
2026-08-29T11:57:13.980999,AWS_MYQ,drift,Temperature drifted by 0.54
2026-08-29T11:57:15.983560,AWS_DEL,frozen_value,Values frozen
2026-08-29T11:57:15.986240,AWS_BLR,drift,Temperature drifted by 0.23
2026-08-29T11:57:15.988312,AWS_MAA,frozen_value,Values frozen
2026-08-29T11:57:15.991351,AWS_JAI,drift,Temperature drifted by 1.58
2026-08-29T11:57:15.992724,AWS_KNP,frozen_value,Values frozen
2026-08-29T11:57:15.994345,AWS_BHO,drift,Temperature drifted by 1.20
2026-08-29T11:57:15.995538,AWS_TRV,frozen_value,Values frozen
2026-08-29T11:57:15.996809,AWS_VTZ,frozen_value,Values frozen
2026-08-29T11:57:15.997848,AWS_PAT,drift,Temperature drifted by 1.10
2026-08-29T11:57:15.999447,AWS_GAU,frozen_value,Values frozen
2026-08-29T11:57:16.000307,AWS_IXR,spatial_outlier,Deviating from spatial trend
2026-08-29T11:57:16.001182,AWS_MYQ,drift,Temperature drifted by 0.83
2026-08-29T11:57:18.004850,AWS_DEL,frozen_value,Values frozen
2026-08-29T11:57:18.005935,AWS_BLR,drift,Temperature drifted by 0.72
2026-08-29T11:57:18.007220,AWS_MAA,frozen_value,Values frozen
2026-08-29T11:57:18.009178,AWS_STV,frozen_value,Values frozen
2026-08-29T11:57:18.010872,AWS_KNP,frozen_value,Values frozen
2026-08-29T11:57:18.012859,AWS_BHO,drift,Temperature drifted by 1.40
2026-08-29T11:57:18.014180,AWS_TRV,frozen_value,Values frozen
2026-08-29T11:57:18.015132,AWS_VTZ,frozen_value,Values frozen
2026-08-29T11:57:18.016076,AWS_PAT,drift,Temperature drifted by 1.27
2026-08-29T11:57:18.017813,AWS_GAU,frozen_value,Values frozen
2026-08-29T11:57:18.019092,AWS_MYQ,drift,Temperature drifted by 1.07
2026-08-29T11:57:20.021164,AWS_MUM,cross_parameter_inconsistency,Physically inconsistent state
2026-08-29T11:57:20.022803,AWS_DEL,frozen_value,Values frozen
2026-08-29T11:57:20.023923,AWS_BLR,drift,Temperature drifted by 0.98
2026-08-29T11:57:20.026569,AWS_MAA,frozen_value,Values frozen
2026-08-29T11:57:20.030116,AWS_PNQ,spike,pressure spiked by -68.51
2026-08-29T11:57:20.033930,AWS_STV,frozen_value,Values frozen
2026-08-29T11:57:20.037987,AWS_KNP,frozen_value,Values frozen
2026-08-29T11:57:20.039713,AWS_BHO,drift,Temperature drifted by 1.84
2026-08-29T11:57:20.041160,AWS_TRV,frozen_value,Values frozen
2026-08-29T11:57:20.042233,AWS_VTZ,frozen_value,Values frozen
2026-08-29T11:57:20.043735,AWS_PAT,drift,Temperature drifted by 1.71
2026-08-29T11:57:20.045777,AWS_GAU,frozen_value,Values frozen
2026-08-29T11:57:20.047162,AWS_MYQ,drift,Temperature drifted by 1.35
2026-08-29T11:57:20.048133,AWS_CJB,dropout,Reading dropped
2026-08-29T11:57:22.050030,AWS_DEL,frozen_value,Values frozen
2026-08-29T11:57:22.051959,AWS_BLR,drift,Temperature drifted by 1.19
2026-08-29T11:57:22.053710,AWS_MAA,frozen_value,Values frozen
2026-08-29T11:57:22.056657,AWS_STV,frozen_value,Values frozen
2026-08-29T11:57:22.058755,AWS_KNP,frozen_value,Values frozen
2026-08-29T11:57:22.061956,AWS_BHO,drift,Temperature drifted by 2.05
2026-08-29T11:57:22.063570,AWS_TRV,frozen_value,Values frozen
2026-08-29T11:57:22.066221,AWS_GAU,frozen_value,Values frozen
2026-08-29T11:57:22.067126,AWS_IXR,dropout,Reading dropped
2026-08-29T11:57:22.068455,AWS_CJB,dropout,Reading dropped
2026-08-29T11:57:24.070620,AWS_DEL,frozen_value,Values frozen
2026-08-29T11:57:24.071869,AWS_BLR,drift,Temperature drifted by 1.41
2026-08-29T11:57:24.073861,AWS_MAA,frozen_value,Values frozen
2026-08-29T11:57:24.077864,AWS_STV,frozen_value,Values frozen
2026-08-29T11:57:24.079940,AWS_KNP,frozen_value,Values frozen
2026-08-29T11:57:24.081967,AWS_BHO,drift,Temperature drifted by 2.20
2026-08-29T11:57:24.086028,AWS_TRV,frozen_value,Values frozen
2026-08-29T11:57:24.089056,AWS_IXC,cross_parameter_inconsistency,Physically inconsistent state
2026-08-29T11:57:24.090732,AWS_GAU,frozen_value,Values frozen
2026-08-29T11:57:24.092015,AWS_IXR,dropout,Reading dropped
2026-08-29T11:57:24.094484,AWS_CJB,dropout,Reading dropped
2026-08-29T11:57:26.096692,AWS_DEL,frozen_value,Values frozen
2026-08-29T11:57:26.098333,AWS_BLR,drift,Temperature drifted by 1.72
2026-08-29T11:57:26.099523,AWS_HYD,dropout,Reading dropped
2026-08-29T11:57:26.100036,AWS_MAA,frozen_value,Values frozen
2026-08-29T11:57:26.101378,AWS_AMD,dropout,Reading dropped
2026-08-29T11:57:26.102151,AWS_STV,frozen_value,Values frozen
2026-08-29T11:57:26.103025,AWS_JAI,dropout,Reading dropped
2026-08-29T11:57:26.105169,AWS_KNP,frozen_value,Values frozen
2026-08-29T11:57:26.106541,AWS_NAG,dropout,Reading dropped
2026-08-29T11:57:26.107726,AWS_BHO,drift,Temperature drifted by 2.64
2026-08-29T11:57:26.109394,AWS_TRV,spatial_outlier,Deviating from spatial trend
2026-08-29T11:57:26.110795,AWS_PAT,spike,temperature spiked by 27.53
2026-08-29T11:57:26.112676,AWS_GAU,frozen_value,Values frozen
2026-08-29T11:57:26.114260,AWS_CJB,cross_parameter_inconsistency,Physically inconsistent state
2026-08-29T11:57:28.117805,AWS_DEL,frozen_value,Values frozen
2026-08-29T11:57:28.119962,AWS_BLR,drift,Temperature drifted by 2.08
2026-08-29T11:57:28.121680,AWS_MAA,frozen_value,Values frozen
2026-08-29T11:57:28.122556,AWS_CCU,drift,Temperature drifted by 0.49
2026-08-29T11:57:28.125598,AWS_STV,frozen_value,Values frozen
2026-08-29T11:57:28.127252,AWS_LKO,spatial_outlier,Deviating from spatial trend
2026-08-29T11:57:28.128296,AWS_KNP,frozen_value,Values frozen
2026-08-29T11:57:28.129654,AWS_NAG,dropout,Reading dropped
2026-08-29T11:57:28.131607,AWS_BHO,drift,Temperature drifted by 2.95
2026-08-29T11:57:28.135626,AWS_IXC,dropout,Reading dropped
2026-08-29T11:57:28.138564,AWS_GAU,frozen_value,Values frozen
2026-08-29T11:57:28.140342,AWS_MYQ,drift,Temperature drifted by 0.27
2026-08-29T11:57:28.141481,AWS_CJB,dropout,Reading dropped
2026-08-29T11:57:30.143682,AWS_DEL,frozen_value,Values frozen
2026-08-29T11:57:30.146251,AWS_BLR,drift,Temperature drifted by 2.22
2026-08-29T11:57:30.149909,AWS_MAA,frozen_value,Values frozen
2026-08-29T11:57:30.151130,AWS_CCU,drift,Temperature drifted by 0.89
2026-08-29T11:57:30.152986,AWS_STV,frozen_value,Values frozen
2026-08-29T11:57:30.155217,AWS_KNP,frozen_value,Values frozen
2026-08-29T11:57:30.156606,AWS_NAG,dropout,Reading dropped
2026-08-29T11:57:30.157887,AWS_BHO,drift,Temperature drifted by 3.31
2026-08-29T11:57:30.162105,AWS_PAT,cross_parameter_inconsistency,Physically inconsistent state
2026-08-29T11:57:30.163148,AWS_IXC,dropout,Reading dropped
2026-08-29T11:57:30.165853,AWS_MYQ,drift,Temperature drifted by 0.37
2026-08-29T11:57:30.166923,AWS_CJB,dropout,Reading dropped
2026-08-29T11:57:32.169957,AWS_BLR,drift,Temperature drifted by 2.59
2026-08-29T11:57:32.173538,AWS_MAA,frozen_value,Values frozen
2026-08-29T11:57:32.175534,AWS_CCU,drift,Temperature drifted by 1.19
2026-08-29T11:57:32.178562,AWS_STV,frozen_value,Values frozen
2026-08-29T11:57:32.181274,AWS_KNP,cross_parameter_inconsistency,Physically inconsistent state
2026-08-29T11:57:32.182869,AWS_NAG,spike,humidity spiked by -27.20
2026-08-29T11:57:32.184819,AWS_BHO,drift,Temperature drifted by 3.42
2026-08-29T11:57:32.188447,AWS_IXC,dropout,Reading dropped
2026-08-29T11:57:32.191517,AWS_MYQ,drift,Temperature drifted by 0.77
2026-08-29T11:57:34.196896,AWS_BLR,drift,Temperature drifted by 2.73
2026-08-29T11:57:34.199256,AWS_MAA,frozen_value,Values frozen
2026-08-29T11:57:34.200957,AWS_CCU,drift,Temperature drifted by 1.54
2026-08-29T11:57:34.205299,AWS_STV,frozen_value,Values frozen
2026-08-29T11:57:34.208413,AWS_NAG,dropout,Reading dropped
2026-08-29T11:57:34.210186,AWS_BHO,drift,Temperature drifted by 3.69
2026-08-29T11:57:34.212657,AWS_COK,dropout,Reading dropped
2026-08-29T11:57:34.214875,AWS_PAT,frozen_value,Values frozen
2026-08-29T11:57:34.216760,AWS_IXC,cross_parameter_inconsistency,Physically inconsistent state
2026-08-29T11:57:34.219203,AWS_GAU,cross_parameter_inconsistency,Physically inconsistent state
2026-08-29T11:57:34.221622,AWS_IXR,spike,temperature spiked by 20.38
2026-08-29T11:57:34.224048,AWS_MYQ,drift,Temperature drifted by 1.01
2026-08-29T11:57:36.227193,AWS_MUM,dropout,Reading dropped
2026-08-29T11:57:36.229888,AWS_BLR,drift,Temperature drifted by 3.14
2026-08-29T11:57:36.232390,AWS_MAA,frozen_value,Values frozen
2026-08-29T11:57:36.233996,AWS_CCU,drift,Temperature drifted by 1.78
2026-08-29T11:57:36.239165,AWS_STV,frozen_value,Values frozen
2026-08-29T11:57:36.245422,AWS_NAG,dropout,Reading dropped
2026-08-29T11:57:36.247193,AWS_BHO,drift,Temperature drifted by 4.13
2026-08-29T11:57:36.249231,AWS_COK,dropout,Reading dropped
2026-08-29T11:57:36.251819,AWS_PAT,frozen_value,Values frozen
2026-08-29T11:57:36.257356,AWS_MYQ,drift,Temperature drifted by 1.18
2026-08-29T11:57:36.260939,AWS_CJB,spike,temperature spiked by -21.75
2026-08-29T11:57:38.264390,AWS_MUM,dropout,Reading dropped
2026-08-29T11:57:38.266459,AWS_BLR,drift,Temperature drifted by 3.25
2026-08-29T11:57:38.269700,AWS_CCU,drift,Temperature drifted by 2.08
2026-08-29T11:57:38.283458,AWS_COK,cross_parameter_inconsistency,Physically inconsistent state
2026-08-29T11:57:38.286354,AWS_TRV,spatial_outlier,Deviating from spatial trend
2026-08-29T11:57:38.290326,AWS_PAT,frozen_value,Values frozen
2026-08-29T11:57:38.298371,AWS_MYQ,drift,Temperature drifted by 1.62
2026-08-29T11:57:40.302514,AWS_MUM,dropout,Reading dropped
2026-08-29T11:57:40.304451,AWS_BLR,drift,Temperature drifted by 3.64
2026-08-29T11:57:40.306183,AWS_MAA,frozen_value,Values frozen
2026-08-29T11:57:40.307510,AWS_CCU,drift,Temperature drifted by 2.45
2026-08-29T11:57:40.312272,AWS_LKO,cross_parameter_inconsistency,Physically inconsistent state
2026-08-29T11:57:40.313509,AWS_NAG,cross_parameter_inconsistency,Physically inconsistent state
2026-08-29T11:57:40.315906,AWS_COK,drift,Temperature drifted by 0.18
2026-08-29T11:57:40.317922,AWS_PAT,frozen_value,Values frozen
2026-08-29T11:57:40.321015,AWS_MYQ,drift,Temperature drifted by 1.78
2026-08-29T11:57:42.323741,AWS_BLR,drift,Temperature drifted by 3.88
2026-08-29T11:57:42.326111,AWS_MAA,frozen_value,Values frozen
2026-08-29T11:57:42.327850,AWS_CCU,drift,Temperature drifted by 2.91
2026-08-29T11:57:42.329884,AWS_PNQ,spatial_outlier,Deviating from spatial trend
2026-08-29T11:57:42.333680,AWS_LKO,dropout,Reading dropped
2026-08-29T11:57:42.334563,AWS_NAG,dropout,Reading dropped
2026-08-29T11:57:42.335066,AWS_IDR,spike,temperature spiked by -27.32
2026-08-29T11:57:42.336089,AWS_COK,drift,Temperature drifted by 0.29
2026-08-29T11:57:42.337976,AWS_VTZ,dropout,Reading dropped
2026-08-29T11:57:42.338818,AWS_PAT,frozen_value,Values frozen
2026-08-29T11:57:42.341648,AWS_MYQ,drift,Temperature drifted by 2.21
2026-08-29T11:57:44.343259,AWS_MUM,frozen_value,Values frozen
2026-08-29T11:57:44.346045,AWS_BLR,drift,Temperature drifted by 4.15
2026-08-29T11:57:44.347990,AWS_MAA,frozen_value,Values frozen
2026-08-29T11:57:44.348908,AWS_CCU,drift,Temperature drifted by 3.29
2026-08-29T11:57:44.351762,AWS_LKO,frozen_value,Values frozen
2026-08-29T11:57:44.353130,AWS_NAG,dropout,Reading dropped
2026-08-29T11:57:44.355280,AWS_BHO,cross_parameter_inconsistency,Physically inconsistent state
2026-08-29T11:57:44.357176,AWS_COK,drift,Temperature drifted by 0.49
2026-08-29T11:57:44.358690,AWS_VTZ,dropout,Reading dropped
2026-08-29T11:57:44.359212,AWS_PAT,frozen_value,Values frozen
2026-08-29T11:57:44.360153,AWS_IXC,spike,humidity spiked by -16.28
2026-08-29T11:57:44.361625,AWS_GAU,drift,Temperature drifted by 0.30
2026-08-29T11:57:46.364708,AWS_MUM,frozen_value,Values frozen
2026-08-29T11:57:46.368435,AWS_MAA,frozen_value,Values frozen
2026-08-29T11:57:46.369413,AWS_CCU,drift,Temperature drifted by 3.75
2026-08-29T11:57:46.373740,AWS_JAI,spatial_outlier,Deviating from spatial trend
2026-08-29T11:57:46.374743,AWS_LKO,frozen_value,Values frozen
2026-08-29T11:57:46.376513,AWS_NAG,dropout,Reading dropped
2026-08-29T11:57:46.378371,AWS_COK,drift,Temperature drifted by 0.92
2026-08-29T11:57:46.379350,AWS_TRV,frozen_value,Values frozen
2026-08-29T11:57:46.380196,AWS_VTZ,dropout,Reading dropped
2026-08-29T11:57:46.382843,AWS_GAU,drift,Temperature drifted by 0.69
2026-08-29T11:57:48.385819,AWS_MUM,frozen_value,Values frozen
2026-08-29T11:57:48.390656,AWS_MAA,frozen_value,Values frozen
2026-08-29T11:57:48.391901,AWS_CCU,drift,Temperature drifted by 4.17
2026-08-29T11:57:48.395669,AWS_LKO,frozen_value,Values frozen
2026-08-29T11:57:48.398563,AWS_COK,drift,Temperature drifted by 1.15
2026-08-29T11:57:48.400038,AWS_TRV,frozen_value,Values frozen
2026-08-29T11:57:48.402767,AWS_VTZ,drift,Temperature drifted by 0.44
2026-08-29T11:57:48.405791,AWS_BBI,drift,Temperature drifted by 0.34
2026-08-29T11:57:48.408117,AWS_GAU,drift,Temperature drifted by 1.10
2026-08-29T11:57:48.411948,AWS_CJB,cross_parameter_inconsistency,Physically inconsistent state
2026-08-29T11:57:50.413916,AWS_MUM,frozen_value,Values frozen
2026-08-29T11:57:50.417335,AWS_MAA,frozen_value,Values frozen
2026-08-29T11:57:50.418277,AWS_CCU,drift,Temperature drifted by 4.51
2026-08-29T11:57:50.421720,AWS_LKO,frozen_value,Values frozen
2026-08-29T11:57:50.424598,AWS_COK,drift,Temperature drifted by 1.30
2026-08-29T11:57:50.425508,AWS_TRV,frozen_value,Values frozen
2026-08-29T11:57:50.426416,AWS_VTZ,drift,Temperature drifted by 0.64
2026-08-29T11:57:50.428313,AWS_IXC,spatial_outlier,Deviating from spatial trend
2026-08-29T11:57:50.429095,AWS_BBI,drift,Temperature drifted by 0.64
2026-08-29T11:57:50.429849,AWS_GAU,drift,Temperature drifted by 1.39
2026-08-29T11:57:50.430960,AWS_IXR,spike,humidity spiked by -29.07
2026-08-29T11:57:50.432656,AWS_MYQ,dropout,Reading dropped
2026-08-29T11:57:50.433709,AWS_CJB,spike,pressure spiked by 138.04
2026-08-29T11:57:52.435348,AWS_MUM,frozen_value,Values frozen
2026-08-29T11:57:52.439487,AWS_MAA,frozen_value,Values frozen
2026-08-29T11:57:52.440446,AWS_CCU,drift,Temperature drifted by 4.85
2026-08-29T11:57:52.441311,AWS_PNQ,cross_parameter_inconsistency,Physically inconsistent state
2026-08-29T11:57:52.442224,AWS_AMD,dropout,Reading dropped
2026-08-29T11:57:52.443074,AWS_JAI,spike,pressure spiked by 121.22
2026-08-29T11:57:52.444739,AWS_LKO,frozen_value,Values frozen
2026-08-29T11:57:52.446859,AWS_COK,drift,Temperature drifted by 1.67
2026-08-29T11:57:52.447769,AWS_TRV,frozen_value,Values frozen
2026-08-29T11:57:52.449097,AWS_VTZ,drift,Temperature drifted by 0.76
2026-08-29T11:57:52.451063,AWS_BBI,drift,Temperature drifted by 1.02
2026-08-29T11:57:52.451989,AWS_GAU,drift,Temperature drifted by 1.85
2026-08-29T11:57:52.453212,AWS_MYQ,dropout,Reading dropped
2026-08-29T11:57:54.455174,AWS_MUM,frozen_value,Values frozen
2026-08-29T11:57:54.458046,AWS_MAA,frozen_value,Values frozen
2026-08-29T11:57:54.460210,AWS_AMD,dropout,Reading dropped
2026-08-29T11:57:54.460819,AWS_STV,dropout,Reading dropped
2026-08-29T11:57:54.461280,AWS_JAI,spatial_outlier,Deviating from spatial trend
2026-08-29T11:57:54.462239,AWS_LKO,frozen_value,Values frozen
2026-08-29T11:57:54.466645,AWS_TRV,frozen_value,Values frozen
2026-08-29T11:57:54.467827,AWS_VTZ,drift,Temperature drifted by 0.96
2026-08-29T11:57:54.469760,AWS_IXC,frozen_value,Values frozen
2026-08-29T11:57:54.471813,AWS_BBI,drift,Temperature drifted by 1.39
2026-08-29T11:57:54.472892,AWS_GAU,drift,Temperature drifted by 2.11
2026-08-29T11:57:56.476184,AWS_MUM,frozen_value,Values frozen
2026-08-29T11:57:56.480009,AWS_MAA,frozen_value,Values frozen
2026-08-29T11:57:56.481930,AWS_AMD,dropout,Reading dropped
2026-08-29T11:57:56.483040,AWS_LKO,frozen_value,Values frozen
2026-08-29T11:57:56.485206,AWS_BHO,spike,pressure spiked by -122.07
2026-08-29T11:57:56.486382,AWS_TRV,frozen_value,Values frozen
2026-08-29T11:57:56.487615,AWS_VTZ,drift,Temperature drifted by 1.46
2026-08-29T11:57:56.488772,AWS_IXC,frozen_value,Values frozen
2026-08-29T11:57:56.489561,AWS_BBI,drift,Temperature drifted by 1.60
2026-08-29T11:57:56.491137,AWS_GAU,drift,Temperature drifted by 2.54
2026-08-29T11:57:58.494154,AWS_MUM,frozen_value,Values frozen
2026-08-29T11:57:58.500658,AWS_MAA,frozen_value,Values frozen
2026-08-29T11:57:58.509964,AWS_LKO,frozen_value,Values frozen
2026-08-29T11:57:58.515621,AWS_BHO,frozen_value,Values frozen
2026-08-29T11:57:58.522322,AWS_TRV,frozen_value,Values frozen
2026-08-29T11:57:58.525147,AWS_VTZ,drift,Temperature drifted by 1.77
2026-08-29T11:57:58.527499,AWS_PAT,dropout,Reading dropped
2026-08-29T11:57:58.528955,AWS_IXC,frozen_value,Values frozen
2026-08-29T11:57:58.530226,AWS_BBI,drift,Temperature drifted by 1.87
2026-08-29T11:57:58.531606,AWS_GAU,drift,Temperature drifted by 2.68
2026-08-29T11:58:00.536014,AWS_MUM,frozen_value,Values frozen
2026-08-29T11:58:00.541094,AWS_MAA,frozen_value,Values frozen
2026-08-29T11:58:00.548031,AWS_LKO,frozen_value,Values frozen
2026-08-29T11:58:00.549640,AWS_NAG,drift,Temperature drifted by 0.20
2026-08-29T11:58:00.551780,AWS_IDR,dropout,Reading dropped
2026-08-29T11:58:00.552776,AWS_BHO,frozen_value,Values frozen
2026-08-29T11:58:00.555428,AWS_TRV,frozen_value,Values frozen
2026-08-29T11:58:00.556780,AWS_VTZ,drift,Temperature drifted by 1.94
2026-08-29T11:58:00.558526,AWS_PAT,dropout,Reading dropped
2026-08-29T11:58:00.559488,AWS_IXC,frozen_value,Values frozen
2026-08-29T11:58:00.561858,AWS_GAU,drift,Temperature drifted by 3.09
2026-08-29T11:58:00.566302,AWS_CJB,drift,Temperature drifted by 0.37
2026-08-29T11:58:02.567897,AWS_MUM,frozen_value,Values frozen
2026-08-29T11:58:02.580432,AWS_LKO,frozen_value,Values frozen
2026-08-29T11:58:02.584656,AWS_NAG,drift,Temperature drifted by 0.45
2026-08-29T11:58:02.589047,AWS_BHO,frozen_value,Values frozen
2026-08-29T11:58:02.592296,AWS_TRV,frozen_value,Values frozen
2026-08-29T11:58:02.595724,AWS_VTZ,drift,Temperature drifted by 2.31
2026-08-29T11:58:02.599081,AWS_IXC,frozen_value,Values frozen
2026-08-29T11:58:02.604182,AWS_GAU,drift,Temperature drifted by 3.41
2026-08-29T11:58:02.610799,AWS_CJB,drift,Temperature drifted by 0.75
2026-08-29T11:58:04.616908,AWS_MUM,frozen_value,Values frozen
2026-08-29T11:58:04.619811,AWS_MAA,drift,Temperature drifted by 0.13
2026-08-29T11:58:04.622260,AWS_PNQ,drift,Temperature drifted by 0.41
2026-08-29T11:58:04.626271,AWS_JAI,cross_parameter_inconsistency,Physically inconsistent state
2026-08-29T11:58:04.627887,AWS_LKO,frozen_value,Values frozen
2026-08-29T11:58:04.629482,AWS_NAG,drift,Temperature drifted by 0.64
2026-08-29T11:58:04.630458,AWS_IDR,spatial_outlier,Deviating from spatial trend
2026-08-29T11:58:04.632130,AWS_BHO,frozen_value,Values frozen
2026-08-29T11:58:04.633006,AWS_COK,spatial_outlier,Deviating from spatial trend
2026-08-29T11:58:04.634088,AWS_TRV,frozen_value,Values frozen
2026-08-29T11:58:04.635110,AWS_VTZ,drift,Temperature drifted by 2.73
2026-08-29T11:58:04.637910,AWS_IXC,frozen_value,Values frozen
2026-08-29T11:58:04.641554,AWS_MYQ,frozen_value,Values frozen
2026-08-29T11:58:04.642664,AWS_CJB,drift,Temperature drifted by 0.85
2026-08-29T11:58:06.643938,AWS_MUM,frozen_value,Values frozen
2026-08-29T11:58:06.648272,AWS_BLR,dropout,Reading dropped
2026-08-29T11:58:06.651069,AWS_MAA,drift,Temperature drifted by 0.57
2026-08-29T11:58:06.656120,AWS_PNQ,drift,Temperature drifted by 0.61
2026-08-29T11:58:06.663064,AWS_JAI,dropout,Reading dropped
2026-08-29T11:58:06.664861,AWS_LKO,frozen_value,Values frozen
2026-08-29T11:58:06.670813,AWS_NAG,drift,Temperature drifted by 1.13
2026-08-29T11:58:06.675388,AWS_IDR,spatial_outlier,Deviating from spatial trend
2026-08-29T11:58:06.678069,AWS_BHO,frozen_value,Values frozen
2026-08-29T11:58:06.683354,AWS_TRV,frozen_value,Values frozen
2026-08-29T11:58:06.686266,AWS_VTZ,drift,Temperature drifted by 2.97
2026-08-29T11:58:06.691627,AWS_IXC,frozen_value,Values frozen
2026-08-29T11:58:06.698613,AWS_MYQ,frozen_value,Values frozen
2026-08-29T11:58:06.702177,AWS_CJB,drift,Temperature drifted by 1.19
2026-08-29T11:58:08.705937,AWS_MUM,frozen_value,Values frozen
2026-08-29T11:58:08.708094,AWS_BLR,dropout,Reading dropped
2026-08-29T11:58:08.709337,AWS_MAA,drift,Temperature drifted by 0.78
2026-08-29T11:58:08.710658,AWS_PNQ,drift,Temperature drifted by 0.72
2026-08-29T11:58:08.712479,AWS_AMD,spatial_outlier,Deviating from spatial trend
2026-08-29T11:58:08.714410,AWS_STV,frozen_value,Values frozen
2026-08-29T11:58:08.717201,AWS_JAI,dropout,Reading dropped
2026-08-29T11:58:08.718051,AWS_LKO,frozen_value,Values frozen
2026-08-29T11:58:08.719693,AWS_NAG,drift,Temperature drifted by 1.53
2026-08-29T11:58:08.722227,AWS_IDR,frozen_value,Values frozen
2026-08-29T11:58:08.724401,AWS_BHO,frozen_value,Values frozen
2026-08-29T11:58:08.725344,AWS_COK,spatial_outlier,Deviating from spatial trend
2026-08-29T11:58:08.726154,AWS_TRV,frozen_value,Values frozen
2026-08-29T11:58:08.727312,AWS_VTZ,drift,Temperature drifted by 3.23
2026-08-29T11:58:08.729325,AWS_IXC,frozen_value,Values frozen
2026-08-29T11:58:08.730765,AWS_BBI,frozen_value,Values frozen
2026-08-29T11:58:08.732804,AWS_MYQ,frozen_value,Values frozen
2026-08-29T11:58:08.734662,AWS_CJB,drift,Temperature drifted by 1.60
2026-08-29T11:58:10.737003,AWS_MUM,frozen_value,Values frozen
2026-08-29T11:58:10.740596,AWS_BLR,dropout,Reading dropped
2026-08-29T11:58:10.741451,AWS_MAA,drift,Temperature drifted by 1.08
2026-08-29T11:58:10.743022,AWS_PNQ,drift,Temperature drifted by 1.12
2026-08-29T11:58:10.743871,AWS_AMD,dropout,Reading dropped
2026-08-29T11:58:10.744404,AWS_STV,frozen_value,Values frozen
2026-08-29T11:58:10.746986,AWS_NAG,drift,Temperature drifted by 1.80
2026-08-29T11:58:10.748026,AWS_IDR,frozen_value,Values frozen
2026-08-29T11:58:10.749394,AWS_BHO,frozen_value,Values frozen
2026-08-29T11:58:10.750728,AWS_TRV,frozen_value,Values frozen
2026-08-29T11:58:10.752009,AWS_VTZ,drift,Temperature drifted by 3.67
2026-08-29T11:58:10.753477,AWS_IXC,frozen_value,Values frozen
2026-08-29T11:58:10.755272,AWS_BBI,frozen_value,Values frozen
2026-08-29T11:58:10.758123,AWS_MYQ,frozen_value,Values frozen
2026-08-29T11:58:10.759172,AWS_CJB,drift,Temperature drifted by 1.89
2026-08-29T11:58:12.765194,AWS_MAA,drift,Temperature drifted by 1.37
2026-08-29T11:58:12.772769,AWS_PNQ,drift,Temperature drifted by 1.26
2026-08-29T11:58:12.775165,AWS_AMD,dropout,Reading dropped
2026-08-29T11:58:12.776407,AWS_STV,frozen_value,Values frozen
2026-08-29T11:58:12.779672,AWS_KNP,cross_parameter_inconsistency,Physically inconsistent state
2026-08-29T11:58:12.783045,AWS_NAG,drift,Temperature drifted by 2.00
2026-08-29T11:58:12.785525,AWS_IDR,frozen_value,Values frozen
2026-08-29T11:58:12.789188,AWS_BHO,frozen_value,Values frozen
2026-08-29T11:58:12.793423,AWS_TRV,drift,Temperature drifted by 0.26
2026-08-29T11:58:12.795765,AWS_VTZ,drift,Temperature drifted by 4.02
2026-08-29T11:58:12.799518,AWS_IXC,frozen_value,Values frozen
2026-08-29T11:58:12.801608,AWS_BBI,frozen_value,Values frozen
2026-08-29T11:58:12.807152,AWS_GAU,dropout,Reading dropped
2026-08-29T11:58:12.809630,AWS_MYQ,frozen_value,Values frozen
2026-08-29T11:58:12.811729,AWS_CJB,drift,Temperature drifted by 2.28
2026-08-29T11:58:14.817652,AWS_MAA,drift,Temperature drifted by 1.69
2026-08-29T11:58:14.820696,AWS_PNQ,drift,Temperature drifted by 1.43
2026-08-29T11:58:14.823382,AWS_AMD,dropout,Reading dropped
2026-08-29T11:58:14.824560,AWS_STV,frozen_value,Values frozen
2026-08-29T11:58:14.827554,AWS_NAG,drift,Temperature drifted by 2.46
2026-08-29T11:58:14.830025,AWS_IDR,frozen_value,Values frozen
2026-08-29T11:58:14.833010,AWS_COK,spatial_outlier,Deviating from spatial trend
2026-08-29T11:58:14.835230,AWS_TRV,drift,Temperature drifted by 0.44
2026-08-29T11:58:14.838486,AWS_VTZ,drift,Temperature drifted by 4.50
2026-08-29T11:58:14.841637,AWS_IXC,frozen_value,Values frozen
2026-08-29T11:58:14.844109,AWS_BBI,frozen_value,Values frozen
2026-08-29T11:58:14.846060,AWS_GAU,dropout,Reading dropped
2026-08-29T11:58:14.848010,AWS_MYQ,frozen_value,Values frozen
2026-08-29T11:58:14.849510,AWS_CJB,drift,Temperature drifted by 2.71
2026-08-29T11:58:16.852294,AWS_DEL,dropout,Reading dropped
2026-08-29T11:58:16.854476,AWS_BLR,dropout,Reading dropped
2026-08-29T11:58:16.855589,AWS_HYD,spike,temperature spiked by -27.61
2026-08-29T11:58:16.857493,AWS_MAA,drift,Temperature drifted by 1.97
2026-08-29T11:58:16.861223,AWS_PNQ,drift,Temperature drifted by 1.64
2026-08-29T11:58:16.863375,AWS_AMD,drift,Temperature drifted by 0.41
2026-08-29T11:58:16.865246,AWS_STV,frozen_value,Values frozen
2026-08-29T11:58:16.870451,AWS_NAG,drift,Temperature drifted by 2.75
2026-08-29T11:58:16.874218,AWS_IDR,frozen_value,Values frozen
2026-08-29T11:58:16.876872,AWS_BHO,spike,humidity spiked by 15.08
2026-08-29T11:58:16.879367,AWS_TRV,drift,Temperature drifted by 0.93
2026-08-29T11:58:16.881452,AWS_VTZ,cross_parameter_inconsistency,Physically inconsistent state
2026-08-29T11:58:16.884114,AWS_IXC,frozen_value,Values frozen
2026-08-29T11:58:16.887036,AWS_BBI,frozen_value,Values frozen
2026-08-29T11:58:16.891721,AWS_MYQ,frozen_value,Values frozen
2026-08-29T11:58:16.894233,AWS_CJB,drift,Temperature drifted by 3.06
2026-08-29T11:58:18.898442,AWS_DEL,dropout,Reading dropped
2026-08-29T11:58:18.907546,AWS_PNQ,drift,Temperature drifted by 1.89
2026-08-29T11:58:18.910728,AWS_AMD,drift,Temperature drifted by 0.68
2026-08-29T11:58:18.915004,AWS_STV,frozen_value,Values frozen
2026-08-29T11:58:18.918454,AWS_LKO,drift,Temperature drifted by 0.38
2026-08-29T11:58:18.923902,AWS_NAG,drift,Temperature drifted by 3.10
2026-08-29T11:58:18.927601,AWS_IDR,frozen_value,Values frozen
2026-08-29T11:58:18.929687,AWS_BHO,frozen_value,Values frozen
2026-08-29T11:58:18.933204,AWS_TRV,drift,Temperature drifted by 1.29
2026-08-29T11:58:18.938804,AWS_IXC,frozen_value,Values frozen
2026-08-29T11:58:18.941784,AWS_BBI,frozen_value,Values frozen
2026-08-29T11:58:18.946496,AWS_MYQ,frozen_value,Values frozen
2026-08-29T11:58:18.948731,AWS_CJB,drift,Temperature drifted by 3.41
2026-08-29T11:58:20.955080,AWS_PNQ,spike,temperature spiked by 27.66
2026-08-29T11:58:20.956989,AWS_AMD,drift,Temperature drifted by 0.89
2026-08-29T11:58:20.958727,AWS_STV,frozen_value,Values frozen
2026-08-29T11:58:20.960057,AWS_JAI,spatial_outlier,Deviating from spatial trend
2026-08-29T11:58:20.961080,AWS_LKO,drift,Temperature drifted by 0.79
2026-08-29T11:58:20.962698,AWS_IDR,frozen_value,Values frozen
2026-08-29T11:58:20.963530,AWS_BHO,frozen_value,Values frozen
2026-08-29T11:58:20.965014,AWS_TRV,drift,Temperature drifted by 1.49
2026-08-29T11:58:20.967957,AWS_IXC,frozen_value,Values frozen
2026-08-29T11:58:20.968851,AWS_BBI,frozen_value,Values frozen
2026-08-29T11:58:20.971744,AWS_MYQ,frozen_value,Values frozen
2026-08-29T11:58:20.973504,AWS_CJB,cross_parameter_inconsistency,Physically inconsistent state
2026-08-29T11:58:22.978191,AWS_HYD,cross_parameter_inconsistency,Physically inconsistent state
2026-08-29T11:58:22.982728,AWS_PNQ,spike,temperature spiked by 16.61
2026-08-29T11:58:22.985797,AWS_AMD,drift,Temperature drifted by 1.30
2026-08-29T11:58:22.989327,AWS_STV,frozen_value,Values frozen
2026-08-29T11:58:22.993774,AWS_LKO,drift,Temperature drifted by 1.16
2026-08-29T11:58:22.998839,AWS_IDR,frozen_value,Values frozen
2026-08-29T11:58:23.001072,AWS_BHO,frozen_value,Values frozen
2026-08-29T11:58:23.004878,AWS_TRV,drift,Temperature drifted by 1.90
2026-08-29T11:58:23.009324,AWS_IXC,frozen_value,Values frozen
2026-08-29T11:58:23.011462,AWS_BBI,frozen_value,Values frozen
2026-08-29T11:58:23.015313,AWS_MYQ,spatial_outlier,Deviating from spatial trend
2026-08-29T11:58:25.022835,AWS_CCU,spatial_outlier,Deviating from spatial trend
2026-08-29T11:58:25.024803,AWS_AMD,drift,Temperature drifted by 1.60
2026-08-29T11:58:25.029141,AWS_LKO,drift,Temperature drifted by 1.27
2026-08-29T11:58:25.031534,AWS_IDR,frozen_value,Values frozen
2026-08-29T11:58:25.032702,AWS_BHO,frozen_value,Values frozen
2026-08-29T11:58:25.034466,AWS_TRV,drift,Temperature drifted by 2.17
2026-08-29T11:58:25.037931,AWS_BBI,frozen_value,Values frozen
2026-08-29T11:58:25.040222,AWS_IXR,frozen_value,Values frozen
2026-08-29T11:58:27.047158,AWS_AMD,drift,Temperature drifted by 1.82
2026-08-29T11:58:27.048057,AWS_STV,dropout,Reading dropped
2026-08-29T11:58:27.048503,AWS_JAI,spike,pressure spiked by 106.61
2026-08-29T11:58:27.049144,AWS_LKO,drift,Temperature drifted by 1.46
2026-08-29T11:58:27.050291,AWS_NAG,spatial_outlier,Deviating from spatial trend
2026-08-29T11:58:27.051562,AWS_IDR,frozen_value,Values frozen
2026-08-29T11:58:27.052603,AWS_BHO,frozen_value,Values frozen
2026-08-29T11:58:27.053613,AWS_COK,frozen_value,Values frozen
2026-08-29T11:58:27.054790,AWS_TRV,drift,Temperature drifted by 2.34
2026-08-29T11:58:27.056210,AWS_PAT,dropout,Reading dropped
2026-08-29T11:58:27.057123,AWS_BBI,frozen_value,Values frozen
2026-08-29T11:58:27.058229,AWS_IXR,frozen_value,Values frozen
2026-08-29T11:58:29.061304,AWS_DEL,spatial_outlier,Deviating from spatial trend
2026-08-29T11:58:29.064370,AWS_BLR,spatial_outlier,Deviating from spatial trend
2026-08-29T11:58:29.067152,AWS_AMD,drift,Temperature drifted by 2.26
2026-08-29T11:58:29.068327,AWS_STV,dropout,Reading dropped
2026-08-29T11:58:29.069382,AWS_JAI,dropout,Reading dropped
2026-08-29T11:58:29.070217,AWS_LKO,drift,Temperature drifted by 1.76
2026-08-29T11:58:29.072486,AWS_IDR,frozen_value,Values frozen
2026-08-29T11:58:29.073531,AWS_BHO,frozen_value,Values frozen
2026-08-29T11:58:29.074433,AWS_COK,frozen_value,Values frozen
2026-08-29T11:58:29.075698,AWS_TRV,drift,Temperature drifted by 2.75
2026-08-29T11:58:29.076852,AWS_PAT,dropout,Reading dropped
2026-08-29T11:58:29.077459,AWS_IXC,spatial_outlier,Deviating from spatial trend
2026-08-29T11:58:29.078331,AWS_BBI,frozen_value,Values frozen
2026-08-29T11:58:29.079918,AWS_IXR,frozen_value,Values frozen
2026-08-29T11:58:31.086617,AWS_PNQ,drift,Temperature drifted by 0.37
2026-08-29T11:58:31.088285,AWS_AMD,drift,Temperature drifted by 2.57
2026-08-29T11:58:31.091261,AWS_JAI,dropout,Reading dropped
2026-08-29T11:58:31.092620,AWS_LKO,drift,Temperature drifted by 1.93
2026-08-29T11:58:31.095177,AWS_KNP,spike,humidity spiked by -28.30
2026-08-29T11:58:31.097797,AWS_IDR,frozen_value,Values frozen
2026-08-29T11:58:31.099030,AWS_BHO,frozen_value,Values frozen
2026-08-29T11:58:31.100216,AWS_COK,frozen_value,Values frozen
2026-08-29T11:58:31.101414,AWS_TRV,drift,Temperature drifted by 3.20
2026-08-29T11:58:31.104043,AWS_IXC,dropout,Reading dropped
2026-08-29T11:58:31.105785,AWS_BBI,frozen_value,Values frozen
2026-08-29T11:58:31.108784,AWS_IXR,frozen_value,Values frozen
2026-08-29T11:58:33.117537,AWS_MAA,drift,Temperature drifted by 0.23
2026-08-29T11:58:33.118907,AWS_CCU,drift,Temperature drifted by 0.17
2026-08-29T11:58:33.122682,AWS_PNQ,drift,Temperature drifted by 0.48
2026-08-29T11:58:33.125112,AWS_AMD,drift,Temperature drifted by 2.70
2026-08-29T11:58:33.127002,AWS_JAI,frozen_value,Values frozen
2026-08-29T11:58:33.128257,AWS_LKO,drift,Temperature drifted by 2.43
2026-08-29T11:58:33.130951,AWS_IDR,frozen_value,Values frozen
2026-08-29T11:58:33.132640,AWS_BHO,frozen_value,Values frozen
2026-08-29T11:58:33.134242,AWS_COK,frozen_value,Values frozen
2026-08-29T11:58:33.136057,AWS_TRV,drift,Temperature drifted by 3.62
2026-08-29T11:58:33.138942,AWS_BBI,frozen_value,Values frozen
2026-08-29T11:58:33.140878,AWS_IXR,frozen_value,Values frozen
2026-08-29T11:58:33.141796,AWS_MYQ,drift,Temperature drifted by 0.16
2026-08-29T11:58:35.145633,AWS_HYD,dropout,Reading dropped
2026-08-29T11:58:35.146531,AWS_MAA,drift,Temperature drifted by 0.49
2026-08-29T11:58:35.147620,AWS_CCU,drift,Temperature drifted by 0.39
2026-08-29T11:58:35.148542,AWS_PNQ,drift,Temperature drifted by 0.96
2026-08-29T11:58:35.151982,AWS_JAI,frozen_value,Values frozen
2026-08-29T11:58:35.154659,AWS_IDR,frozen_value,Values frozen
2026-08-29T11:58:35.156271,AWS_BHO,frozen_value,Values frozen
2026-08-29T11:58:35.157317,AWS_COK,frozen_value,Values frozen
2026-08-29T11:58:35.158319,AWS_TRV,drift,Temperature drifted by 4.09
2026-08-29T11:58:35.159719,AWS_PAT,drift,Temperature drifted by 0.48
2026-08-29T11:58:35.162085,AWS_BBI,frozen_value,Values frozen
2026-08-29T11:58:35.165398,AWS_IXR,frozen_value,Values frozen
2026-08-29T11:58:35.167228,AWS_MYQ,drift,Temperature drifted by 0.50
2026-08-29T11:58:35.169379,AWS_CJB,spatial_outlier,Deviating from spatial trend
2026-08-29T11:58:37.174060,AWS_HYD,spatial_outlier,Deviating from spatial trend
2026-08-29T11:58:37.175243,AWS_MAA,drift,Temperature drifted by 0.97
2026-08-29T11:58:37.177225,AWS_CCU,drift,Temperature drifted by 0.70
2026-08-29T11:58:37.180550,AWS_PNQ,drift,Temperature drifted by 1.18
2026-08-29T11:58:37.184226,AWS_JAI,frozen_value,Values frozen
2026-08-29T11:58:37.189767,AWS_IDR,frozen_value,Values frozen
2026-08-29T11:58:37.190974,AWS_BHO,frozen_value,Values frozen
2026-08-29T11:58:37.191927,AWS_COK,frozen_value,Values frozen
2026-08-29T11:58:37.192700,AWS_TRV,drift,Temperature drifted by 4.19
2026-08-29T11:58:37.195438,AWS_PAT,drift,Temperature drifted by 0.84
2026-08-29T11:58:37.197491,AWS_IXC,spatial_outlier,Deviating from spatial trend
2026-08-29T11:58:37.199044,AWS_BBI,frozen_value,Values frozen
2026-08-29T11:58:37.201411,AWS_IXR,frozen_value,Values frozen
2026-08-29T11:58:37.203304,AWS_MYQ,drift,Temperature drifted by 0.87
2026-08-29T11:58:37.205420,AWS_CJB,spatial_outlier,Deviating from spatial trend
2026-08-29T11:58:39.209058,AWS_HYD,spike,humidity spiked by -29.67
2026-08-29T11:58:39.210088,AWS_MAA,drift,Temperature drifted by 1.36
2026-08-29T11:58:39.211005,AWS_CCU,drift,Temperature drifted by 0.99
2026-08-29T11:58:39.211849,AWS_PNQ,drift,Temperature drifted by 1.33
2026-08-29T11:58:39.214273,AWS_JAI,frozen_value,Values frozen
2026-08-29T11:58:39.215882,AWS_KNP,cross_parameter_inconsistency,Physically inconsistent state
2026-08-29T11:58:39.217830,AWS_COK,frozen_value,Values frozen
2026-08-29T11:58:39.218720,AWS_TRV,drift,Temperature drifted by 4.41
2026-08-29T11:58:39.220445,AWS_PAT,drift,Temperature drifted by 1.21
2026-08-29T11:58:39.223258,AWS_IXR,frozen_value,Values frozen
2026-08-29T11:58:39.224195,AWS_MYQ,drift,Temperature drifted by 1.11
2026-08-29T11:58:41.228835,AWS_HYD,dropout,Reading dropped
2026-08-29T11:58:41.229721,AWS_MAA,drift,Temperature drifted by 1.49
2026-08-29T11:58:41.230738,AWS_CCU,drift,Temperature drifted by 1.21
2026-08-29T11:58:41.231890,AWS_PNQ,drift,Temperature drifted by 1.58
2026-08-29T11:58:41.233079,AWS_AMD,drift,Temperature drifted by 0.47
2026-08-29T11:58:41.237120,AWS_JAI,frozen_value,Values frozen
2026-08-29T11:58:41.240374,AWS_BHO,drift,Temperature drifted by 0.25
2026-08-29T11:58:41.242572,AWS_COK,frozen_value,Values frozen
2026-08-29T11:58:41.246350,AWS_PAT,drift,Temperature drifted by 1.60
2026-08-29T11:58:41.247289,AWS_IXC,drift,Temperature drifted by 0.18
2026-08-29T11:58:41.251143,AWS_IXR,frozen_value,Values frozen
2026-08-29T11:58:41.252327,AWS_MYQ,drift,Temperature drifted by 1.38
2026-08-29T11:58:43.256047,AWS_BLR,spatial_outlier,Deviating from spatial trend
2026-08-29T11:58:43.257081,AWS_HYD,dropout,Reading dropped
2026-08-29T11:58:43.257594,AWS_MAA,drift,Temperature drifted by 1.97
2026-08-29T11:58:43.258421,AWS_CCU,drift,Temperature drifted by 1.50
2026-08-29T11:58:43.259181,AWS_PNQ,drift,Temperature drifted by 1.74
2026-08-29T11:58:43.259968,AWS_AMD,drift,Temperature drifted by 0.71
2026-08-29T11:58:43.261318,AWS_STV,spike,humidity spiked by 27.88
2026-08-29T11:58:43.262501,AWS_JAI,frozen_value,Values frozen
2026-08-29T11:58:43.264613,AWS_NAG,drift,Temperature drifted by 0.38
2026-08-29T11:58:43.266421,AWS_BHO,drift,Temperature drifted by 0.46
2026-08-29T11:58:43.267399,AWS_COK,frozen_value,Values frozen
2026-08-29T11:58:43.269025,AWS_PAT,drift,Temperature drifted by 1.72
2026-08-29T11:58:43.270187,AWS_IXC,drift,Temperature drifted by 0.29
2026-08-29T11:58:43.272194,AWS_IXR,frozen_value,Values frozen
2026-08-29T11:58:43.273803,AWS_MYQ,drift,Temperature drifted by 1.49
2026-08-29T11:58:45.277281,AWS_BLR,spatial_outlier,Deviating from spatial trend
2026-08-29T11:58:45.278390,AWS_HYD,dropout,Reading dropped
2026-08-29T11:58:45.278910,AWS_MAA,drift,Temperature drifted by 2.39
2026-08-29T11:58:45.280326,AWS_CCU,dropout,Reading dropped
2026-08-29T11:58:45.280812,AWS_PNQ,drift,Temperature drifted by 2.21
2026-08-29T11:58:45.282008,AWS_AMD,drift,Temperature drifted by 1.07
2026-08-29T11:58:45.283917,AWS_JAI,frozen_value,Values frozen
2026-08-29T11:58:45.287094,AWS_NAG,drift,Temperature drifted by 0.48
2026-08-29T11:58:45.288567,AWS_IDR,cross_parameter_inconsistency,Physically inconsistent state
2026-08-29T11:58:45.290058,AWS_BHO,drift,Temperature drifted by 0.86
2026-08-29T11:58:45.292421,AWS_VTZ,spike,humidity spiked by -22.94
2026-08-29T11:58:45.293482,AWS_PAT,drift,Temperature drifted by 2.14
2026-08-29T11:58:45.295130,AWS_IXC,drift,Temperature drifted by 0.74
2026-08-29T11:58:45.297275,AWS_IXR,frozen_value,Values frozen
2026-08-29T11:58:45.299050,AWS_MYQ,drift,Temperature drifted by 1.74
2026-08-29T11:58:45.300487,AWS_CJB,frozen_value,Values frozen
2026-08-29T11:58:47.302906,AWS_DEL,cross_parameter_inconsistency,Physically inconsistent state
2026-08-29T11:58:47.304737,AWS_MAA,drift,Temperature drifted by 2.88
2026-08-29T11:58:47.305656,AWS_CCU,dropout,Reading dropped
2026-08-29T11:58:47.306205,AWS_PNQ,drift,Temperature drifted by 2.42
2026-08-29T11:58:47.307057,AWS_AMD,drift,Temperature drifted by 1.23
2026-08-29T11:58:47.308920,AWS_JAI,frozen_value,Values frozen
2026-08-29T11:58:47.311665,AWS_NAG,drift,Temperature drifted by 0.80
2026-08-29T11:58:47.313017,AWS_BHO,drift,Temperature drifted by 1.13
2026-08-29T11:58:47.315442,AWS_PAT,drift,Temperature drifted by 2.31
2026-08-29T11:58:47.316422,AWS_IXC,drift,Temperature drifted by 0.97
2026-08-29T11:58:47.318059,AWS_IXR,frozen_value,Values frozen
2026-08-29T11:58:47.319045,AWS_MYQ,drift,Temperature drifted by 2.09
2026-08-29T11:58:47.320216,AWS_CJB,frozen_value,Values frozen
2026-08-29T11:58:49.324900,AWS_MAA,drift,Temperature drifted by 3.19
2026-08-29T11:58:49.326960,AWS_CCU,dropout,Reading dropped
2026-08-29T11:58:49.328103,AWS_PNQ,drift,Temperature drifted by 2.89
2026-08-29T11:58:49.330343,AWS_AMD,drift,Temperature drifted by 1.47
2026-08-29T11:58:49.333753,AWS_JAI,frozen_value,Values frozen
2026-08-29T11:58:49.336247,AWS_LKO,frozen_value,Values frozen
2026-08-29T11:58:49.338730,AWS_KNP,dropout,Reading dropped
2026-08-29T11:58:49.340642,AWS_NAG,drift,Temperature drifted by 0.99
2026-08-29T11:58:49.342994,AWS_BHO,drift,Temperature drifted by 1.63
2026-08-29T11:58:49.344980,AWS_COK,cross_parameter_inconsistency,Physically inconsistent state
2026-08-29T11:58:49.348400,AWS_PAT,cross_parameter_inconsistency,Physically inconsistent state
2026-08-29T11:58:49.350287,AWS_IXC,drift,Temperature drifted by 1.17
2026-08-29T11:58:49.353489,AWS_IXR,frozen_value,Values frozen
2026-08-29T11:58:49.355575,AWS_CJB,frozen_value,Values frozen
2026-08-29T11:58:51.357280,AWS_MUM,drift,Temperature drifted by 0.36
2026-08-29T11:58:51.360196,AWS_DEL,spatial_outlier,Deviating from spatial trend
2026-08-29T11:58:51.364360,AWS_MAA,drift,Temperature drifted by 3.35
2026-08-29T11:58:51.367942,AWS_PNQ,drift,Temperature drifted by 3.25
2026-08-29T11:58:51.371133,AWS_AMD,drift,Temperature drifted by 1.78
2026-08-29T11:58:51.373816,AWS_JAI,frozen_value,Values frozen
2026-08-29T11:58:51.376003,AWS_LKO,frozen_value,Values frozen
2026-08-29T11:58:51.377974,AWS_KNP,dropout,Reading dropped
2026-08-29T11:58:51.379558,AWS_NAG,drift,Temperature drifted by 1.31
2026-08-29T11:58:51.386939,AWS_IXC,drift,Temperature drifted by 1.41
2026-08-29T11:58:51.390392,AWS_GAU,spatial_outlier,Deviating from spatial trend
2026-08-29T11:58:51.392400,AWS_IXR,frozen_value,Values frozen
2026-08-29T11:58:51.394890,AWS_MYQ,spike,pressure spiked by 144.26
2026-08-29T11:58:51.397324,AWS_CJB,frozen_value,Values frozen
2026-08-29T11:58:53.399491,AWS_MUM,drift,Temperature drifted by 0.49
2026-08-29T11:58:53.400881,AWS_DEL,drift,Temperature drifted by 0.39
2026-08-29T11:58:53.402835,AWS_BLR,dropout,Reading dropped
2026-08-29T11:58:53.407143,AWS_PNQ,drift,Temperature drifted by 3.62
2026-08-29T11:58:53.409657,AWS_AMD,drift,Temperature drifted by 2.27
2026-08-29T11:58:53.413245,AWS_JAI,frozen_value,Values frozen
2026-08-29T11:58:53.415956,AWS_LKO,frozen_value,Values frozen
2026-08-29T11:58:53.418786,AWS_KNP,dropout,Reading dropped
2026-08-29T11:58:53.420569,AWS_NAG,drift,Temperature drifted by 1.73
2026-08-29T11:58:53.425422,AWS_BHO,dropout,Reading dropped
2026-08-29T11:58:53.427280,AWS_COK,cross_parameter_inconsistency,Physically inconsistent state
2026-08-29T11:58:53.433632,AWS_IXC,drift,Temperature drifted by 1.86
2026-08-29T11:58:53.440349,AWS_MYQ,drift,Temperature drifted by 0.47
2026-08-29T11:58:53.443445,AWS_CJB,frozen_value,Values frozen
2026-08-29T11:58:55.446749,AWS_MUM,drift,Temperature drifted by 0.79
2026-08-29T11:58:55.448159,AWS_DEL,drift,Temperature drifted by 0.75
2026-08-29T11:58:55.449035,AWS_BLR,dropout,Reading dropped
2026-08-29T11:58:55.450478,AWS_PNQ,spike,pressure spiked by -92.39
2026-08-29T11:58:55.451412,AWS_AMD,drift,Temperature drifted by 2.76
2026-08-29T11:58:55.452569,AWS_JAI,frozen_value,Values frozen
2026-08-29T11:58:55.453513,AWS_LKO,frozen_value,Values frozen
2026-08-29T11:58:55.455074,AWS_NAG,drift,Temperature drifted by 1.89
2026-08-29T11:58:55.456007,AWS_IDR,spatial_outlier,Deviating from spatial trend
2026-08-29T11:58:55.456831,AWS_BHO,dropout,Reading dropped
2026-08-29T11:58:55.457322,AWS_COK,spatial_outlier,Deviating from spatial trend
2026-08-29T11:58:55.459218,AWS_IXC,drift,Temperature drifted by 2.34
2026-08-29T11:58:55.460573,AWS_GAU,cross_parameter_inconsistency,Physically inconsistent state
2026-08-29T11:58:55.461735,AWS_IXR,cross_parameter_inconsistency,Physically inconsistent state
2026-08-29T11:58:55.462555,AWS_MYQ,drift,Temperature drifted by 0.70
2026-08-29T11:58:55.463606,AWS_CJB,frozen_value,Values frozen
2026-08-29T11:58:57.465065,AWS_MUM,drift,Temperature drifted by 1.17
2026-08-29T11:58:57.466210,AWS_DEL,drift,Temperature drifted by 0.89
2026-08-29T11:58:57.468966,AWS_MAA,dropout,Reading dropped
2026-08-29T11:58:57.471270,AWS_AMD,drift,Temperature drifted by 3.11
2026-08-29T11:58:57.474653,AWS_STV,spatial_outlier,Deviating from spatial trend
2026-08-29T11:58:57.476629,AWS_JAI,frozen_value,Values frozen
2026-08-29T11:58:57.477954,AWS_LKO,frozen_value,Values frozen
2026-08-29T11:58:57.479020,AWS_KNP,drift,Temperature drifted by 0.33
2026-08-29T11:58:57.480268,AWS_NAG,drift,Temperature drifted by 2.36
2026-08-29T11:58:57.481828,AWS_BHO,dropout,Reading dropped
2026-08-29T11:58:57.482616,AWS_COK,spatial_outlier,Deviating from spatial trend
2026-08-29T11:58:57.487278,AWS_IXC,drift,Temperature drifted by 2.56
2026-08-29T11:58:57.491062,AWS_MYQ,drift,Temperature drifted by 1.01
2026-08-29T11:58:57.492724,AWS_CJB,frozen_value,Values frozen
2026-08-29T11:58:59.494516,AWS_MUM,drift,Temperature drifted by 1.48
2026-08-29T11:58:59.496028,AWS_DEL,drift,Temperature drifted by 1.23
2026-08-29T11:58:59.499041,AWS_AMD,drift,Temperature drifted by 3.61
2026-08-29T11:58:59.501149,AWS_JAI,frozen_value,Values frozen
2026-08-29T11:58:59.502522,AWS_LKO,frozen_value,Values frozen
2026-08-29T11:58:59.504490,AWS_KNP,drift,Temperature drifted by 0.67
2026-08-29T11:58:59.506022,AWS_NAG,drift,Temperature drifted by 2.69
2026-08-29T11:58:59.507165,AWS_IDR,dropout,Reading dropped
2026-08-29T11:58:59.508803,AWS_COK,dropout,Reading dropped
2026-08-29T11:58:59.510497,AWS_IXC,drift,Temperature drifted by 2.71
2026-08-29T11:58:59.513264,AWS_MYQ,drift,Temperature drifted by 1.13
2026-08-29T11:58:59.514811,AWS_CJB,frozen_value,Values frozen
2026-08-29T11:59:01.516414,AWS_MUM,drift,Temperature drifted by 1.74
2026-08-29T11:59:01.518720,AWS_DEL,drift,Temperature drifted by 1.34
2026-08-29T11:59:01.519799,AWS_BLR,spike,pressure spiked by 135.35
2026-08-29T11:59:01.521133,AWS_MAA,drift,Temperature drifted by 0.18
2026-08-29T11:59:01.523335,AWS_AMD,drift,Temperature drifted by 4.00
2026-08-29T11:59:01.525194,AWS_LKO,frozen_value,Values frozen
2026-08-29T11:59:01.526381,AWS_KNP,drift,Temperature drifted by 1.14
2026-08-29T11:59:01.527287,AWS_NAG,drift,Temperature drifted by 3.04
2026-08-29T11:59:01.531047,AWS_COK,dropout,Reading dropped
2026-08-29T11:59:01.532090,AWS_TRV,cross_parameter_inconsistency,Physically inconsistent state
2026-08-29T11:59:01.532920,AWS_VTZ,frozen_value,Values frozen
2026-08-29T11:59:01.535120,AWS_IXC,drift,Temperature drifted by 3.06
2026-08-29T11:59:01.536638,AWS_GAU,drift,Temperature drifted by 0.28
2026-08-29T11:59:01.538697,AWS_MYQ,drift,Temperature drifted by 1.34
2026-08-29T11:59:01.539481,AWS_CJB,frozen_value,Values frozen
2026-08-29T11:59:03.540934,AWS_MUM,drift,Temperature drifted by 2.11
2026-08-29T11:59:03.545276,AWS_DEL,drift,Temperature drifted by 1.49
2026-08-29T11:59:03.547037,AWS_HYD,spatial_outlier,Deviating from spatial trend
2026-08-29T11:59:03.548774,AWS_MAA,drift,Temperature drifted by 0.50
2026-08-29T11:59:03.549971,AWS_CCU,spike,humidity spiked by -23.88
2026-08-29T11:59:03.551910,AWS_PNQ,spatial_outlier,Deviating from spatial trend
2026-08-29T11:59:03.553727,AWS_AMD,drift,Temperature drifted by 4.30
2026-08-29T11:59:03.555569,AWS_LKO,frozen_value,Values frozen
2026-08-29T11:59:03.558830,AWS_KNP,drift,Temperature drifted by 1.57
2026-08-29T11:59:03.561821,AWS_NAG,drift,Temperature drifted by 3.32
2026-08-29T11:59:03.563315,AWS_IDR,drift,Temperature drifted by 0.31
2026-08-29T11:59:03.565149,AWS_COK,dropout,Reading dropped
2026-08-29T11:59:03.566361,AWS_VTZ,frozen_value,Values frozen
2026-08-29T11:59:03.568145,AWS_IXC,drift,Temperature drifted by 3.36
2026-08-29T11:59:03.570977,AWS_GAU,drift,Temperature drifted by 0.64
2026-08-29T11:59:03.572528,AWS_IXR,spike,humidity spiked by 23.10
2026-08-29T11:59:03.573635,AWS_MYQ,drift,Temperature drifted by 1.57
2026-08-29T11:59:03.574876,AWS_CJB,frozen_value,Values frozen
2026-08-29T11:59:05.577398,AWS_MUM,drift,Temperature drifted by 2.53
2026-08-29T11:59:05.579643,AWS_DEL,drift,Temperature drifted by 1.99
2026-08-29T11:59:05.581905,AWS_MAA,drift,Temperature drifted by 0.83
2026-08-29T11:59:05.583803,AWS_AMD,drift,Temperature drifted by 4.75
2026-08-29T11:59:05.585454,AWS_LKO,frozen_value,Values frozen
2026-08-29T11:59:05.586381,AWS_KNP,drift,Temperature drifted by 2.02
2026-08-29T11:59:05.590404,AWS_IDR,drift,Temperature drifted by 0.46
2026-08-29T11:59:05.592680,AWS_VTZ,frozen_value,Values frozen
2026-08-29T11:59:05.594114,AWS_IXC,drift,Temperature drifted by 3.70
2026-08-29T11:59:05.601582,AWS_GAU,drift,Temperature drifted by 0.93
2026-08-29T11:59:05.604346,AWS_MYQ,drift,Temperature drifted by 1.90
2026-08-29T11:59:07.606475,AWS_MUM,drift,Temperature drifted by 3.03
2026-08-29T11:59:07.608842,AWS_DEL,drift,Temperature drifted by 2.45
2026-08-29T11:59:07.611152,AWS_MAA,drift,Temperature drifted by 1.00
2026-08-29T11:59:07.613045,AWS_AMD,drift,Temperature drifted by 5.15
2026-08-29T11:59:07.615454,AWS_LKO,frozen_value,Values frozen
2026-08-29T11:59:07.616734,AWS_KNP,drift,Temperature drifted by 2.24
2026-08-29T11:59:07.618022,AWS_IDR,drift,Temperature drifted by 0.64
2026-08-29T11:59:07.621254,AWS_VTZ,frozen_value,Values frozen
2026-08-29T11:59:07.622290,AWS_PAT,spatial_outlier,Deviating from spatial trend
2026-08-29T11:59:07.623990,AWS_GAU,drift,Temperature drifted by 1.40
2026-08-29T11:59:09.628166,AWS_MUM,drift,Temperature drifted by 3.29
2026-08-29T11:59:09.629711,AWS_DEL,drift,Temperature drifted by 2.57
2026-08-29T11:59:09.631306,AWS_HYD,spike,humidity spiked by -21.28
2026-08-29T11:59:09.632385,AWS_MAA,drift,Temperature drifted by 1.26
2026-08-29T11:59:09.634071,AWS_AMD,drift,Temperature drifted by 5.41
2026-08-29T11:59:09.635438,AWS_JAI,drift,Temperature drifted by 0.27
2026-08-29T11:59:09.636678,AWS_LKO,frozen_value,Values frozen
2026-08-29T11:59:09.638008,AWS_KNP,drift,Temperature drifted by 2.36
2026-08-29T11:59:09.639544,AWS_IDR,drift,Temperature drifted by 0.85
2026-08-29T11:59:09.640966,AWS_COK,dropout,Reading dropped
2026-08-29T11:59:09.641766,AWS_TRV,dropout,Reading dropped
2026-08-29T11:59:09.642377,AWS_VTZ,frozen_value,Values frozen
2026-08-29T11:59:09.645268,AWS_GAU,drift,Temperature drifted by 1.89
2026-08-29T11:59:09.646470,AWS_IXR,cross_parameter_inconsistency,Physically inconsistent state
2026-08-29T11:59:09.647583,AWS_MYQ,cross_parameter_inconsistency,Physically inconsistent state
2026-08-29T11:59:11.649489,AWS_MUM,drift,Temperature drifted by 3.55
2026-08-29T11:59:11.658656,AWS_MAA,drift,Temperature drifted by 1.44
2026-08-29T11:59:11.662806,AWS_CCU,frozen_value,Values frozen
2026-08-29T11:59:11.671061,AWS_JAI,drift,Temperature drifted by 0.57
2026-08-29T11:59:11.675075,AWS_KNP,drift,Temperature drifted by 2.74
2026-08-29T11:59:11.679305,AWS_IDR,drift,Temperature drifted by 1.08
2026-08-29T11:59:11.683296,AWS_COK,dropout,Reading dropped
2026-08-29T11:59:11.685377,AWS_TRV,dropout,Reading dropped
2026-08-29T11:59:11.687411,AWS_VTZ,frozen_value,Values frozen
2026-08-29T11:59:11.690576,AWS_PAT,frozen_value,Values frozen
2026-08-29T11:59:11.693906,AWS_IXC,dropout,Reading dropped
2026-08-29T11:59:11.697075,AWS_GAU,drift,Temperature drifted by 2.01
2026-08-29T11:59:11.701877,AWS_MYQ,spatial_outlier,Deviating from spatial trend
2026-08-29T11:59:11.705195,AWS_CJB,frozen_value,Values frozen
2026-08-29T11:59:13.713582,AWS_MAA,drift,Temperature drifted by 1.68
2026-08-29T11:59:13.716189,AWS_CCU,frozen_value,Values frozen
2026-08-29T11:59:13.721071,AWS_JAI,drift,Temperature drifted by 0.75
2026-08-29T11:59:13.722438,AWS_LKO,cross_parameter_inconsistency,Physically inconsistent state
2026-08-29T11:59:13.723800,AWS_KNP,drift,Temperature drifted by 3.21
2026-08-29T11:59:13.727101,AWS_TRV,dropout,Reading dropped
2026-08-29T11:59:13.728395,AWS_PAT,frozen_value,Values frozen
2026-08-29T11:59:13.729479,AWS_IXC,dropout,Reading dropped
2026-08-29T11:59:13.730554,AWS_GAU,drift,Temperature drifted by 2.43
2026-08-29T11:59:13.731744,AWS_IXR,frozen_value,Values frozen
2026-08-29T11:59:13.733161,AWS_CJB,frozen_value,Values frozen
2026-08-29T11:59:15.734372,AWS_MUM,dropout,Reading dropped
2026-08-29T11:59:15.737087,AWS_MAA,drift,Temperature drifted by 2.05
2026-08-29T11:59:15.738574,AWS_CCU,frozen_value,Values frozen
2026-08-29T11:59:15.741400,AWS_JAI,drift,Temperature drifted by 0.89
2026-08-29T11:59:15.747102,AWS_NAG,spike,pressure spiked by 92.60
2026-08-29T11:59:15.749287,AWS_BHO,spike,pressure spiked by -142.10
2026-08-29T11:59:15.750879,AWS_TRV,cross_parameter_inconsistency,Physically inconsistent state
2026-08-29T11:59:15.762617,AWS_PAT,frozen_value,Values frozen
2026-08-29T11:59:15.766216,AWS_GAU,drift,Temperature drifted by 2.72
2026-08-29T11:59:15.767847,AWS_IXR,frozen_value,Values frozen
2026-08-29T11:59:15.773940,AWS_CJB,frozen_value,Values frozen
2026-08-29T11:59:17.776265,AWS_MUM,dropout,Reading dropped
2026-08-29T11:59:17.778400,AWS_MAA,drift,Temperature drifted by 2.37
2026-08-29T11:59:17.779345,AWS_CCU,frozen_value,Values frozen
2026-08-29T11:59:17.781374,AWS_JAI,drift,Temperature drifted by 1.23
2026-08-29T11:59:17.785177,AWS_COK,cross_parameter_inconsistency,Physically inconsistent state
2026-08-29T11:59:17.790947,AWS_PAT,frozen_value,Values frozen
2026-08-29T11:59:17.794409,AWS_BBI,cross_parameter_inconsistency,Physically inconsistent state
2026-08-29T11:59:17.796971,AWS_GAU,drift,Temperature drifted by 3.05
2026-08-29T11:59:17.800463,AWS_IXR,frozen_value,Values frozen
2026-08-29T11:59:17.806038,AWS_CJB,frozen_value,Values frozen
2026-08-29T11:59:19.808955,AWS_MUM,dropout,Reading dropped
2026-08-29T11:59:19.812029,AWS_BLR,cross_parameter_inconsistency,Physically inconsistent state
2026-08-29T11:59:19.813772,AWS_MAA,drift,Temperature drifted by 2.74
2026-08-29T11:59:19.815166,AWS_CCU,frozen_value,Values frozen
2026-08-29T11:59:19.818232,AWS_JAI,drift,Temperature drifted by 1.71
2026-08-29T11:59:19.822353,AWS_TRV,spatial_outlier,Deviating from spatial trend
2026-08-29T11:59:19.823724,AWS_PAT,frozen_value,Values frozen
2026-08-29T11:59:19.825578,AWS_IXC,cross_parameter_inconsistency,Physically inconsistent state
2026-08-29T11:59:19.827370,AWS_GAU,drift,Temperature drifted by 3.19
2026-08-29T11:59:19.828412,AWS_IXR,frozen_value,Values frozen
2026-08-29T11:59:19.831052,AWS_CJB,frozen_value,Values frozen
2026-08-29T11:59:21.834026,AWS_MUM,cross_parameter_inconsistency,Physically inconsistent state
2026-08-29T11:59:21.838270,AWS_DEL,drift,Temperature drifted by 0.47
2026-08-29T11:59:21.840171,AWS_MAA,drift,Temperature drifted by 3.13
2026-08-29T11:59:21.845366,AWS_CCU,frozen_value,Values frozen
2026-08-29T11:59:21.847500,AWS_PNQ,dropout,Reading dropped
2026-08-29T11:59:21.849099,AWS_JAI,drift,Temperature drifted by 2.00
2026-08-29T11:59:21.850230,AWS_LKO,drift,Temperature drifted by 0.40
2026-08-29T11:59:21.852243,AWS_BHO,spike,pressure spiked by 117.88
2026-08-29T11:59:21.855358,AWS_PAT,frozen_value,Values frozen
2026-08-29T11:59:21.856326,AWS_IXC,dropout,Reading dropped
2026-08-29T11:59:21.857561,AWS_IXR,frozen_value,Values frozen
2026-08-29T11:59:21.858850,AWS_CJB,frozen_value,Values frozen
2026-08-29T11:59:23.861689,AWS_DEL,drift,Temperature drifted by 0.91
2026-08-29T11:59:23.862800,AWS_BLR,spatial_outlier,Deviating from spatial trend
2026-08-29T11:59:23.864160,AWS_MAA,drift,Temperature drifted by 3.60
2026-08-29T11:59:23.865169,AWS_CCU,frozen_value,Values frozen
2026-08-29T11:59:23.866045,AWS_PNQ,dropout,Reading dropped
2026-08-29T11:59:23.867952,AWS_JAI,drift,Temperature drifted by 2.40
2026-08-29T11:59:23.869505,AWS_LKO,drift,Temperature drifted by 0.58
2026-08-29T11:59:23.871705,AWS_KNP,frozen_value,Values frozen
2026-08-29T11:59:23.876577,AWS_VTZ,cross_parameter_inconsistency,Physically inconsistent state
2026-08-29T11:59:23.877996,AWS_PAT,frozen_value,Values frozen
2026-08-29T11:59:23.879256,AWS_IXC,dropout,Reading dropped
2026-08-29T11:59:23.882042,AWS_IXR,frozen_value,Values frozen
2026-08-29T11:59:23.885369,AWS_CJB,frozen_value,Values frozen
2026-08-29T11:59:25.891199,AWS_DEL,drift,Temperature drifted by 1.32
2026-08-29T11:59:25.896937,AWS_MAA,drift,Temperature drifted by 3.93
2026-08-29T11:59:25.898510,AWS_CCU,frozen_value,Values frozen
2026-08-29T11:59:25.903238,AWS_JAI,drift,Temperature drifted by 2.61
2026-08-29T11:59:25.905018,AWS_LKO,drift,Temperature drifted by 0.77
2026-08-29T11:59:25.906469,AWS_KNP,frozen_value,Values frozen
2026-08-29T11:59:25.907957,AWS_IDR,dropout,Reading dropped
2026-08-29T11:59:25.909059,AWS_BHO,spike,humidity spiked by -26.95
2026-08-29T11:59:25.911311,AWS_PAT,frozen_value,Values frozen
2026-08-29T11:59:25.914714,AWS_IXC,dropout,Reading dropped
2026-08-29T11:59:25.917694,AWS_IXR,frozen_value,Values frozen
2026-08-29T11:59:25.921441,AWS_CJB,frozen_value,Values frozen
2026-08-29T11:59:27.924968,AWS_DEL,drift,Temperature drifted by 1.69
2026-08-29T11:59:27.927993,AWS_MAA,drift,Temperature drifted by 4.35
2026-08-29T11:59:27.929582,AWS_CCU,frozen_value,Values frozen
2026-08-29T11:59:27.932886,AWS_AMD,frozen_value,Values frozen
2026-08-29T11:59:27.935370,AWS_JAI,drift,Temperature drifted by 2.86
2026-08-29T11:59:27.936607,AWS_LKO,drift,Temperature drifted by 0.93
2026-08-29T11:59:27.938020,AWS_KNP,frozen_value,Values frozen
2026-08-29T11:59:27.939806,AWS_NAG,dropout,Reading dropped
2026-08-29T11:59:27.940473,AWS_IDR,dropout,Reading dropped
2026-08-29T11:59:27.944188,AWS_PAT,frozen_value,Values frozen
2026-08-29T11:59:27.947630,AWS_IXR,frozen_value,Values frozen
2026-08-29T11:59:27.951089,AWS_CJB,frozen_value,Values frozen
2026-08-29T11:59:29.954231,AWS_DEL,drift,Temperature drifted by 1.81
2026-08-29T11:59:29.957629,AWS_MAA,drift,Temperature drifted by 4.46
2026-08-29T11:59:29.959406,AWS_CCU,frozen_value,Values frozen
2026-08-29T11:59:29.961390,AWS_PNQ,spatial_outlier,Deviating from spatial trend
2026-08-29T11:59:29.963372,AWS_AMD,frozen_value,Values frozen
2026-08-29T11:59:29.965089,AWS_STV,dropout,Reading dropped
2026-08-29T11:59:29.966119,AWS_JAI,drift,Temperature drifted by 3.34
2026-08-29T11:59:29.968076,AWS_LKO,drift,Temperature drifted by 1.34
2026-08-29T11:59:29.970380,AWS_KNP,frozen_value,Values frozen
2026-08-29T11:59:29.976522,AWS_PAT,frozen_value,Values frozen
2026-08-29T11:59:29.980931,AWS_IXR,frozen_value,Values frozen
2026-08-29T11:59:29.982628,AWS_CJB,frozen_value,Values frozen
2026-08-29T11:59:31.985183,AWS_DEL,drift,Temperature drifted by 2.25
2026-08-29T11:59:31.986333,AWS_BLR,spatial_outlier,Deviating from spatial trend
2026-08-29T11:59:31.987186,AWS_HYD,spike,temperature spiked by -29.02
2026-08-29T11:59:31.989559,AWS_CCU,frozen_value,Values frozen
2026-08-29T11:59:31.991588,AWS_AMD,frozen_value,Values frozen
2026-08-29T11:59:31.992644,AWS_STV,dropout,Reading dropped
2026-08-29T11:59:31.993327,AWS_JAI,drift,Temperature drifted by 3.60
2026-08-29T11:59:31.994160,AWS_LKO,drift,Temperature drifted by 1.76
2026-08-29T11:59:31.995010,AWS_KNP,frozen_value,Values frozen
2026-08-29T11:59:31.997235,AWS_COK,spatial_outlier,Deviating from spatial trend
2026-08-29T11:59:31.999237,AWS_PAT,frozen_value,Values frozen
2026-08-29T11:59:32.002029,AWS_IXC,drift,Temperature drifted by 0.20
2026-08-29T11:59:32.004052,AWS_GAU,cross_parameter_inconsistency,Physically inconsistent state
2026-08-29T11:59:32.005007,AWS_IXR,frozen_value,Values frozen
2026-08-29T11:59:32.006288,AWS_CJB,frozen_value,Values frozen
2026-08-29T11:59:34.007961,AWS_MUM,drift,Temperature drifted by 0.41
2026-08-29T11:59:34.010843,AWS_DEL,drift,Temperature drifted by 2.73
2026-08-29T11:59:34.018522,AWS_AMD,frozen_value,Values frozen
2026-08-29T11:59:34.022198,AWS_STV,dropout,Reading dropped
2026-08-29T11:59:34.024084,AWS_JAI,drift,Temperature drifted by 3.95
2026-08-29T11:59:34.026714,AWS_LKO,drift,Temperature drifted by 1.95
2026-08-29T11:59:34.030339,AWS_NAG,spatial_outlier,Deviating from spatial trend
2026-08-29T11:59:34.034191,AWS_BHO,spike,pressure spiked by 94.60
2026-08-29T11:59:34.037992,AWS_COK,drift,Temperature drifted by 0.34
2026-08-29T11:59:34.043088,AWS_PAT,frozen_value,Values frozen
2026-08-29T11:59:34.046410,AWS_IXC,drift,Temperature drifted by 0.49
2026-08-29T11:59:34.050043,AWS_GAU,dropout,Reading dropped
2026-08-29T11:59:34.051819,AWS_IXR,frozen_value,Values frozen
2026-08-29T11:59:34.054837,AWS_MYQ,frozen_value,Values frozen
2026-08-29T11:59:34.058484,AWS_CJB,frozen_value,Values frozen
2026-08-29T11:59:36.061403,AWS_MUM,drift,Temperature drifted by 0.51
2026-08-29T11:59:36.063209,AWS_DEL,drift,Temperature drifted by 3.09
2026-08-29T11:59:36.068568,AWS_AMD,frozen_value,Values frozen
2026-08-29T11:59:36.072247,AWS_JAI,drift,Temperature drifted by 4.33
2026-08-29T11:59:36.073943,AWS_LKO,drift,Temperature drifted by 2.16
2026-08-29T11:59:36.077443,AWS_COK,drift,Temperature drifted by 0.69
2026-08-29T11:59:36.078616,AWS_TRV,cross_parameter_inconsistency,Physically inconsistent state
2026-08-29T11:59:36.080165,AWS_PAT,frozen_value,Values frozen
2026-08-29T11:59:36.081301,AWS_IXC,drift,Temperature drifted by 0.66
2026-08-29T11:59:36.083546,AWS_GAU,dropout,Reading dropped
2026-08-29T11:59:36.084127,AWS_IXR,frozen_value,Values frozen
2026-08-29T11:59:36.084989,AWS_MYQ,frozen_value,Values frozen
2026-08-29T11:59:36.086145,AWS_CJB,frozen_value,Values frozen
2026-08-29T11:59:38.088555,AWS_MUM,drift,Temperature drifted by 1.00
2026-08-29T11:59:38.089823,AWS_DEL,drift,Temperature drifted by 3.22
2026-08-29T11:59:38.092227,AWS_HYD,spike,humidity spiked by -28.05
2026-08-29T11:59:38.094042,AWS_CCU,drift,Temperature drifted by 0.21
2026-08-29T11:59:38.095623,AWS_AMD,frozen_value,Values frozen
2026-08-29T11:59:38.098385,AWS_LKO,drift,Temperature drifted by 2.65
2026-08-29T11:59:38.099272,AWS_KNP,spike,humidity spiked by -29.53
2026-08-29T11:59:38.100854,AWS_BHO,dropout,Reading dropped
2026-08-29T11:59:38.101352,AWS_COK,drift,Temperature drifted by 1.09
2026-08-29T11:59:38.103731,AWS_VTZ,cross_parameter_inconsistency,Physically inconsistent state
2026-08-29T11:59:38.104742,AWS_PAT,frozen_value,Values frozen
2026-08-29T11:59:38.105614,AWS_IXC,drift,Temperature drifted by 1.01
2026-08-29T11:59:38.107082,AWS_IXR,frozen_value,Values frozen
2026-08-29T11:59:38.108054,AWS_MYQ,frozen_value,Values frozen
2026-08-29T11:59:40.110774,AWS_MUM,drift,Temperature drifted by 1.46
2026-08-29T11:59:40.115199,AWS_DEL,drift,Temperature drifted by 3.54
2026-08-29T11:59:40.118638,AWS_BLR,dropout,Reading dropped
2026-08-29T11:59:40.122175,AWS_CCU,drift,Temperature drifted by 0.42
2026-08-29T11:59:40.124751,AWS_AMD,frozen_value,Values frozen
2026-08-29T11:59:40.128115,AWS_JAI,spike,humidity spiked by -14.18
2026-08-29T11:59:40.131354,AWS_LKO,drift,Temperature drifted by 2.90
2026-08-29T11:59:40.134759,AWS_NAG,cross_parameter_inconsistency,Physically inconsistent state
2026-08-29T11:59:40.139039,AWS_BHO,dropout,Reading dropped
2026-08-29T11:59:40.140768,AWS_COK,drift,Temperature drifted by 1.33
2026-08-29T11:59:40.145522,AWS_PAT,frozen_value,Values frozen
2026-08-29T11:59:40.148185,AWS_IXC,drift,Temperature drifted by 1.33
2026-08-29T11:59:40.151829,AWS_GAU,dropout,Reading dropped
2026-08-29T11:59:40.155448,AWS_MYQ,frozen_value,Values frozen
2026-08-29T11:59:40.157996,AWS_CJB,cross_parameter_inconsistency,Physically inconsistent state
2026-08-29T11:59:42.161490,AWS_MUM,drift,Temperature drifted by 1.67
2026-08-29T11:59:42.166113,AWS_DEL,drift,Temperature drifted by 3.69
2026-08-29T11:59:42.174841,AWS_CCU,drift,Temperature drifted by 0.71
2026-08-29T11:59:42.178800,AWS_PNQ,cross_parameter_inconsistency,Physically inconsistent state
2026-08-29T11:59:42.182475,AWS_AMD,frozen_value,Values frozen
2026-08-29T11:59:42.188492,AWS_KNP,spatial_outlier,Deviating from spatial trend
2026-08-29T11:59:42.195258,AWS_BHO,dropout,Reading dropped
2026-08-29T11:59:42.197483,AWS_COK,drift,Temperature drifted by 1.82
2026-08-29T11:59:42.204887,AWS_IXC,drift,Temperature drifted by 1.69
2026-08-29T11:59:42.207343,AWS_GAU,dropout,Reading dropped
2026-08-29T11:59:42.209625,AWS_MYQ,frozen_value,Values frozen
2026-08-29T11:59:44.214064,AWS_MUM,drift,Temperature drifted by 1.91
2026-08-29T11:59:44.216104,AWS_DEL,drift,Temperature drifted by 3.85
2026-08-29T11:59:44.217504,AWS_BLR,frozen_value,Values frozen
2026-08-29T11:59:44.219560,AWS_MAA,dropout,Reading dropped
2026-08-29T11:59:44.220763,AWS_CCU,drift,Temperature drifted by 1.00
2026-08-29T11:59:44.222532,AWS_AMD,frozen_value,Values frozen
2026-08-29T11:59:44.226882,AWS_COK,drift,Temperature drifted by 2.07
2026-08-29T11:59:44.230046,AWS_IXC,drift,Temperature drifted by 2.15
2026-08-29T11:59:44.231884,AWS_MYQ,frozen_value,Values frozen
2026-08-29T11:59:46.233732,AWS_MUM,drift,Temperature drifted by 2.24
2026-08-29T11:59:46.240100,AWS_DEL,drift,Temperature drifted by 4.08
2026-08-29T11:59:46.243259,AWS_BLR,frozen_value,Values frozen
2026-08-29T11:59:46.247952,AWS_MAA,dropout,Reading dropped
2026-08-29T11:59:46.249904,AWS_CCU,drift,Temperature drifted by 1.20
2026-08-29T11:59:46.255575,AWS_AMD,frozen_value,Values frozen
2026-08-29T11:59:46.259394,AWS_STV,drift,Temperature drifted by 0.31
2026-08-29T11:59:46.265255,AWS_KNP,frozen_value,Values frozen
2026-08-29T11:59:46.267839,AWS_NAG,spike,pressure spiked by 105.37
2026-08-29T11:59:46.274601,AWS_COK,drift,Temperature drifted by 2.50
2026-08-29T11:59:46.279958,AWS_PAT,spike,pressure spiked by -91.04
2026-08-29T11:59:46.282545,AWS_IXC,drift,Temperature drifted by 2.54
2026-08-29T11:59:46.288708,AWS_IXR,frozen_value,Values frozen
2026-08-29T11:59:46.291434,AWS_MYQ,frozen_value,Values frozen
2026-08-29T11:59:48.295606,AWS_MUM,drift,Temperature drifted by 2.50
2026-08-29T11:59:48.296976,AWS_DEL,drift,Temperature drifted by 4.31
2026-08-29T11:59:48.297947,AWS_BLR,frozen_value,Values frozen
2026-08-29T11:59:48.300009,AWS_CCU,drift,Temperature drifted by 1.53
2026-08-29T11:59:48.300964,AWS_PNQ,frozen_value,Values frozen
2026-08-29T11:59:48.302204,AWS_AMD,frozen_value,Values frozen
2026-08-29T11:59:48.303993,AWS_STV,drift,Temperature drifted by 0.64
2026-08-29T11:59:48.305836,AWS_LKO,spike,humidity spiked by 16.95
2026-08-29T11:59:48.307247,AWS_KNP,frozen_value,Values frozen
2026-08-29T11:59:48.308708,AWS_NAG,spatial_outlier,Deviating from spatial trend
2026-08-29T11:59:48.310167,AWS_BHO,frozen_value,Values frozen
2026-08-29T11:59:48.311030,AWS_COK,drift,Temperature drifted by 2.76
2026-08-29T11:59:48.313130,AWS_IXC,drift,Temperature drifted by 2.80
2026-08-29T11:59:48.315473,AWS_IXR,frozen_value,Values frozen
2026-08-29T11:59:48.316712,AWS_MYQ,frozen_value,Values frozen
2026-08-29T11:59:50.318241,AWS_MUM,drift,Temperature drifted by 2.65
2026-08-29T11:59:50.320121,AWS_DEL,cross_parameter_inconsistency,Physically inconsistent state
2026-08-29T11:59:50.321153,AWS_BLR,frozen_value,Values frozen
2026-08-29T11:59:50.323120,AWS_CCU,drift,Temperature drifted by 1.92
2026-08-29T11:59:50.324810,AWS_PNQ,frozen_value,Values frozen
2026-08-29T11:59:50.327316,AWS_AMD,frozen_value,Values frozen
2026-08-29T11:59:50.329522,AWS_STV,drift,Temperature drifted by 1.04
2026-08-29T11:59:50.333688,AWS_KNP,frozen_value,Values frozen
2026-08-29T11:59:50.337996,AWS_BHO,frozen_value,Values frozen
2026-08-29T11:59:50.341361,AWS_COK,drift,Temperature drifted by 2.87
2026-08-29T11:59:50.346411,AWS_IXC,drift,Temperature drifted by 3.18
2026-08-29T11:59:50.351216,AWS_IXR,frozen_value,Values frozen
2026-08-29T11:59:50.354676,AWS_MYQ,frozen_value,Values frozen
2026-08-29T11:59:52.359442,AWS_MUM,drift,Temperature drifted by 2.95
2026-08-29T11:59:52.361949,AWS_BLR,frozen_value,Values frozen
2026-08-29T11:59:52.363675,AWS_CCU,drift,Temperature drifted by 2.33
2026-08-29T11:59:52.364790,AWS_PNQ,frozen_value,Values frozen
2026-08-29T11:59:52.365841,AWS_AMD,frozen_value,Values frozen
2026-08-29T11:59:52.367488,AWS_STV,drift,Temperature drifted by 1.52
2026-08-29T11:59:52.368585,AWS_JAI,spike,pressure spiked by -107.85
2026-08-29T11:59:52.370075,AWS_KNP,frozen_value,Values frozen
2026-08-29T11:59:52.370864,AWS_NAG,frozen_value,Values frozen
2026-08-29T11:59:52.372239,AWS_BHO,frozen_value,Values frozen
2026-08-29T11:59:52.373115,AWS_COK,drift,Temperature drifted by 3.22
2026-08-29T11:59:52.375912,AWS_IXC,drift,Temperature drifted by 3.48
2026-08-29T11:59:52.377553,AWS_IXR,frozen_value,Values frozen
2026-08-29T11:59:52.378454,AWS_MYQ,frozen_value,Values frozen
2026-08-29T11:59:54.379824,AWS_MUM,drift,Temperature drifted by 3.30
2026-08-29T11:59:54.381897,AWS_DEL,dropout,Reading dropped
2026-08-29T11:59:54.382654,AWS_BLR,frozen_value,Values frozen
2026-08-29T11:59:54.385823,AWS_CCU,drift,Temperature drifted by 2.77
2026-08-29T11:59:54.387213,AWS_PNQ,frozen_value,Values frozen
2026-08-29T11:59:54.389097,AWS_AMD,frozen_value,Values frozen
2026-08-29T11:59:54.391510,AWS_STV,drift,Temperature drifted by 2.01
2026-08-29T11:59:54.393134,AWS_LKO,drift,Temperature drifted by 0.12
2026-08-29T11:59:54.394239,AWS_KNP,frozen_value,Values frozen
2026-08-29T11:59:54.395466,AWS_NAG,frozen_value,Values frozen
2026-08-29T11:59:54.397190,AWS_BHO,frozen_value,Values frozen
2026-08-29T11:59:54.398558,AWS_COK,drift,Temperature drifted by 3.50
2026-08-29T11:59:54.400264,AWS_VTZ,frozen_value,Values frozen
2026-08-29T11:59:54.403048,AWS_BBI,cross_parameter_inconsistency,Physically inconsistent state
2026-08-29T11:59:54.405436,AWS_IXR,frozen_value,Values frozen
2026-08-29T11:59:54.407353,AWS_MYQ,frozen_value,Values frozen
2026-08-29T11:59:56.411095,AWS_MUM,drift,Temperature drifted by 3.67
2026-08-29T11:59:56.412796,AWS_DEL,dropout,Reading dropped
2026-08-29T11:59:56.413405,AWS_BLR,frozen_value,Values frozen
2026-08-29T11:59:56.415292,AWS_CCU,drift,Temperature drifted by 3.07
2026-08-29T11:59:56.416148,AWS_PNQ,frozen_value,Values frozen
2026-08-29T11:59:56.417053,AWS_AMD,frozen_value,Values frozen
2026-08-29T11:59:56.418122,AWS_STV,drift,Temperature drifted by 2.26
2026-08-29T11:59:56.420149,AWS_LKO,drift,Temperature drifted by 0.55
2026-08-29T11:59:56.421530,AWS_NAG,frozen_value,Values frozen
2026-08-29T11:59:56.422745,AWS_IDR,drift,Temperature drifted by 0.48
2026-08-29T11:59:56.423689,AWS_BHO,frozen_value,Values frozen
2026-08-29T11:59:56.425544,AWS_VTZ,frozen_value,Values frozen
2026-08-29T11:59:56.427193,AWS_BBI,spatial_outlier,Deviating from spatial trend
2026-08-29T11:59:56.428712,AWS_GAU,spike,temperature spiked by -27.59
2026-08-29T11:59:56.429951,AWS_MYQ,frozen_value,Values frozen
2026-08-29T11:59:58.433839,AWS_MUM,drift,Temperature drifted by 3.88
2026-08-29T11:59:58.436059,AWS_DEL,dropout,Reading dropped
2026-08-29T11:59:58.436723,AWS_BLR,frozen_value,Values frozen
2026-08-29T11:59:58.438799,AWS_PNQ,frozen_value,Values frozen
2026-08-29T11:59:58.440385,AWS_STV,dropout,Reading dropped
2026-08-29T11:59:58.441343,AWS_LKO,drift,Temperature drifted by 0.66
2026-08-29T11:59:58.444404,AWS_NAG,frozen_value,Values frozen
2026-08-29T11:59:58.445358,AWS_IDR,drift,Temperature drifted by 0.67
2026-08-29T11:59:58.446170,AWS_BHO,frozen_value,Values frozen
2026-08-29T11:59:58.448141,AWS_VTZ,frozen_value,Values frozen
2026-08-29T11:59:58.451548,AWS_MYQ,frozen_value,Values frozen
2026-08-29T11:59:58.452999,AWS_CJB,cross_parameter_inconsistency,Physically inconsistent state
2026-08-29T12:00:00.456083,AWS_BLR,frozen_value,Values frozen
2026-08-29T12:00:00.460972,AWS_PNQ,frozen_value,Values frozen
2026-08-29T12:00:00.465100,AWS_LKO,drift,Temperature drifted by 0.95
2026-08-29T12:00:00.466775,AWS_KNP,spatial_outlier,Deviating from spatial trend
2026-08-29T12:00:00.467921,AWS_NAG,frozen_value,Values frozen
2026-08-29T12:00:00.469337,AWS_IDR,drift,Temperature drifted by 0.96
2026-08-29T12:00:00.470206,AWS_BHO,frozen_value,Values frozen
2026-08-29T12:00:00.474504,AWS_VTZ,frozen_value,Values frozen
2026-08-29T12:00:00.477941,AWS_MYQ,frozen_value,Values frozen
2026-08-29T12:00:02.483358,AWS_BLR,frozen_value,Values frozen
2026-08-29T12:00:02.485171,AWS_HYD,cross_parameter_inconsistency,Physically inconsistent state
2026-08-29T12:00:02.489522,AWS_CCU,cross_parameter_inconsistency,Physically inconsistent state
2026-08-29T12:00:02.493118,AWS_PNQ,frozen_value,Values frozen
2026-08-29T12:00:02.498858,AWS_LKO,drift,Temperature drifted by 1.35
2026-08-29T12:00:02.502290,AWS_NAG,frozen_value,Values frozen
2026-08-29T12:00:02.505058,AWS_IDR,drift,Temperature drifted by 1.37
2026-08-29T12:00:02.506940,AWS_BHO,frozen_value,Values frozen
2026-08-29T12:00:02.510721,AWS_TRV,spike,humidity spiked by 13.78
2026-08-29T12:00:02.513140,AWS_VTZ,frozen_value,Values frozen
2026-08-29T12:00:02.514996,AWS_PAT,spatial_outlier,Deviating from spatial trend
2026-08-29T12:00:02.517956,AWS_BBI,cross_parameter_inconsistency,Physically inconsistent state
2026-08-29T12:00:02.522292,AWS_MYQ,frozen_value,Values frozen
2026-08-29T12:00:04.528098,AWS_BLR,frozen_value,Values frozen
2026-08-29T12:00:04.532213,AWS_CCU,frozen_value,Values frozen
2026-08-29T12:00:04.534697,AWS_PNQ,frozen_value,Values frozen
2026-08-29T12:00:04.538453,AWS_AMD,cross_parameter_inconsistency,Physically inconsistent state
2026-08-29T12:00:04.540731,AWS_JAI,spatial_outlier,Deviating from spatial trend
2026-08-29T12:00:04.543062,AWS_NAG,frozen_value,Values frozen
2026-08-29T12:00:04.545132,AWS_IDR,drift,Temperature drifted by 1.54
2026-08-29T12:00:04.546804,AWS_BHO,frozen_value,Values frozen
2026-08-29T12:00:04.550581,AWS_VTZ,frozen_value,Values frozen
2026-08-29T12:00:04.555431,AWS_GAU,spike,humidity spiked by 25.58
2026-08-29T12:00:06.560157,AWS_BLR,frozen_value,Values frozen
2026-08-29T12:00:06.561779,AWS_HYD,dropout,Reading dropped
2026-08-29T12:00:06.563215,AWS_CCU,frozen_value,Values frozen
2026-08-29T12:00:06.564294,AWS_PNQ,frozen_value,Values frozen
2026-08-29T12:00:06.569891,AWS_NAG,frozen_value,Values frozen
2026-08-29T12:00:06.572157,AWS_IDR,drift,Temperature drifted by 2.00
2026-08-29T12:00:06.574403,AWS_BHO,frozen_value,Values frozen
2026-08-29T12:00:06.576929,AWS_TRV,cross_parameter_inconsistency,Physically inconsistent state
2026-08-29T12:00:06.577990,AWS_VTZ,frozen_value,Values frozen
2026-08-29T12:00:06.579918,AWS_IXC,drift,Temperature drifted by 0.18
2026-08-29T12:00:08.588044,AWS_BLR,frozen_value,Values frozen
2026-08-29T12:00:08.590269,AWS_CCU,frozen_value,Values frozen
2026-08-29T12:00:08.591366,AWS_PNQ,frozen_value,Values frozen
2026-08-29T12:00:08.592979,AWS_STV,dropout,Reading dropped
2026-08-29T12:00:08.594856,AWS_NAG,frozen_value,Values frozen
2026-08-29T12:00:08.597176,AWS_IDR,drift,Temperature drifted by 2.26
2026-08-29T12:00:08.598183,AWS_BHO,frozen_value,Values frozen
2026-08-29T12:00:08.599893,AWS_TRV,spike,temperature spiked by -22.28
2026-08-29T12:00:08.601017,AWS_VTZ,frozen_value,Values frozen
2026-08-29T12:00:08.602439,AWS_IXC,drift,Temperature drifted by 0.64
2026-08-29T12:00:10.605482,AWS_MUM,drift,Temperature drifted by 0.28
2026-08-29T12:00:10.608340,AWS_BLR,frozen_value,Values frozen
2026-08-29T12:00:10.609521,AWS_HYD,dropout,Reading dropped
2026-08-29T12:00:10.610233,AWS_MAA,drift,Temperature drifted by 0.40
2026-08-29T12:00:10.611280,AWS_CCU,frozen_value,Values frozen
2026-08-29T12:00:10.612522,AWS_PNQ,frozen_value,Values frozen
2026-08-29T12:00:10.617376,AWS_IDR,drift,Temperature drifted by 2.37
2026-08-29T12:00:10.618931,AWS_BHO,frozen_value,Values frozen
2026-08-29T12:00:10.620915,AWS_TRV,cross_parameter_inconsistency,Physically inconsistent state
2026-08-29T12:00:10.622347,AWS_VTZ,frozen_value,Values frozen
2026-08-29T12:00:10.625208,AWS_IXC,drift,Temperature drifted by 0.82
2026-08-29T12:00:10.628424,AWS_IXR,drift,Temperature drifted by 0.47
2026-08-29T12:00:12.631789,AWS_MUM,drift,Temperature drifted by 0.68
2026-08-29T12:00:12.636638,AWS_DEL,dropout,Reading dropped
2026-08-29T12:00:12.638163,AWS_BLR,frozen_value,Values frozen
2026-08-29T12:00:12.641101,AWS_HYD,dropout,Reading dropped
2026-08-29T12:00:12.643577,AWS_MAA,drift,Temperature drifted by 0.57
2026-08-29T12:00:12.646428,AWS_CCU,frozen_value,Values frozen
2026-08-29T12:00:12.649261,AWS_PNQ,frozen_value,Values frozen
2026-08-29T12:00:12.656272,AWS_LKO,spike,pressure spiked by 93.65
2026-08-29T12:00:12.657935,AWS_IDR,drift,Temperature drifted by 2.51
2026-08-29T12:00:12.659671,AWS_BHO,frozen_value,Values frozen
2026-08-29T12:00:12.661252,AWS_TRV,cross_parameter_inconsistency,Physically inconsistent state
2026-08-29T12:00:12.663117,AWS_IXC,drift,Temperature drifted by 1.17
2026-08-29T12:00:12.665320,AWS_IXR,drift,Temperature drifted by 0.85
2026-08-29T12:00:14.667555,AWS_MUM,drift,Temperature drifted by 1.12
2026-08-29T12:00:14.668810,AWS_DEL,dropout,Reading dropped
2026-08-29T12:00:14.670307,AWS_BLR,cross_parameter_inconsistency,Physically inconsistent state
2026-08-29T12:00:14.672712,AWS_MAA,drift,Temperature drifted by 0.93
2026-08-29T12:00:14.674219,AWS_CCU,frozen_value,Values frozen
2026-08-29T12:00:14.677880,AWS_PNQ,frozen_value,Values frozen
2026-08-29T12:00:14.681651,AWS_KNP,cross_parameter_inconsistency,Physically inconsistent state
2026-08-29T12:00:14.683269,AWS_NAG,spatial_outlier,Deviating from spatial trend
2026-08-29T12:00:14.686594,AWS_IDR,drift,Temperature drifted by 2.96
2026-08-29T12:00:14.690595,AWS_TRV,drift,Temperature drifted by 0.23
2026-08-29T12:00:14.694188,AWS_VTZ,spike,humidity spiked by 23.26
2026-08-29T12:00:14.696709,AWS_PAT,cross_parameter_inconsistency,Physically inconsistent state
2026-08-29T12:00:14.698661,AWS_IXC,drift,Temperature drifted by 1.35
2026-08-29T12:00:14.700713,AWS_BBI,dropout,Reading dropped
2026-08-29T12:00:14.701795,AWS_GAU,drift,Temperature drifted by 0.44
2026-08-29T12:00:14.704170,AWS_IXR,drift,Temperature drifted by 1.30
2026-08-29T12:00:16.709313,AWS_MUM,drift,Temperature drifted by 1.41
2026-08-29T12:00:16.711131,AWS_DEL,drift,Temperature drifted by 0.42
2026-08-29T12:00:16.712622,AWS_HYD,dropout,Reading dropped
2026-08-29T12:00:16.713194,AWS_MAA,drift,Temperature drifted by 1.05
2026-08-29T12:00:16.714016,AWS_CCU,frozen_value,Values frozen
2026-08-29T12:00:16.714869,AWS_PNQ,frozen_value,Values frozen
2026-08-29T12:00:16.715768,AWS_AMD,frozen_value,Values frozen
2026-08-29T12:00:16.717840,AWS_JAI,frozen_value,Values frozen
2026-08-29T12:00:16.720647,AWS_IDR,drift,Temperature drifted by 3.16
2026-08-29T12:00:16.721829,AWS_BHO,spike,temperature spiked by 20.91
2026-08-29T12:00:16.724397,AWS_TRV,drift,Temperature drifted by 0.58
2026-08-29T12:00:16.726563,AWS_IXC,drift,Temperature drifted by 1.84
2026-08-29T12:00:16.727471,AWS_BBI,dropout,Reading dropped
2026-08-29T12:00:16.728019,AWS_GAU,drift,Temperature drifted by 0.86
2026-08-29T12:00:16.729028,AWS_IXR,drift,Temperature drifted by 1.67
2026-08-29T12:00:16.730795,AWS_CJB,cross_parameter_inconsistency,Physically inconsistent state
2026-08-29T12:00:18.732265,AWS_MUM,drift,Temperature drifted by 1.84
2026-08-29T12:00:18.734093,AWS_DEL,drift,Temperature drifted by 0.68
2026-08-29T12:00:18.735919,AWS_HYD,dropout,Reading dropped
2026-08-29T12:00:18.736625,AWS_MAA,drift,Temperature drifted by 1.36
2026-08-29T12:00:18.737552,AWS_CCU,frozen_value,Values frozen
2026-08-29T12:00:18.738841,AWS_AMD,frozen_value,Values frozen
2026-08-29T12:00:18.741517,AWS_JAI,frozen_value,Values frozen
2026-08-29T12:00:18.742441,AWS_LKO,drift,Temperature drifted by 0.23
2026-08-29T12:00:18.745490,AWS_TRV,drift,Temperature drifted by 0.94
2026-08-29T12:00:18.747597,AWS_IXC,drift,Temperature drifted by 1.96
2026-08-29T12:00:18.749604,AWS_GAU,drift,Temperature drifted by 1.24
2026-08-29T12:00:18.750645,AWS_IXR,drift,Temperature drifted by 1.97
2026-08-29T12:00:20.754373,AWS_MUM,drift,Temperature drifted by 2.00
2026-08-29T12:00:20.756079,AWS_DEL,drift,Temperature drifted by 0.85
2026-08-29T12:00:20.757451,AWS_HYD,dropout,Reading dropped
2026-08-29T12:00:20.758062,AWS_MAA,drift,Temperature drifted by 1.66
2026-08-29T12:00:20.758943,AWS_CCU,frozen_value,Values frozen
2026-08-29T12:00:20.760194,AWS_AMD,frozen_value,Values frozen
2026-08-29T12:00:20.761486,AWS_JAI,frozen_value,Values frozen
2026-08-29T12:00:20.762593,AWS_LKO,drift,Temperature drifted by 0.52
2026-08-29T12:00:20.764681,AWS_IDR,cross_parameter_inconsistency,Physically inconsistent state
2026-08-29T12:00:20.766755,AWS_TRV,drift,Temperature drifted by 1.43
2026-08-29T12:00:20.768570,AWS_IXC,drift,Temperature drifted by 2.26
2026-08-29T12:00:20.770204,AWS_GAU,drift,Temperature drifted by 1.39
2026-08-29T12:00:20.771708,AWS_IXR,drift,Temperature drifted by 2.12
2026-08-29T12:00:20.772845,AWS_MYQ,spike,pressure spiked by 92.13
2026-08-29T12:00:22.774856,AWS_MUM,drift,Temperature drifted by 2.22
2026-08-29T12:00:22.776803,AWS_DEL,drift,Temperature drifted by 1.05
2026-08-29T12:00:22.778541,AWS_MAA,drift,Temperature drifted by 1.85
2026-08-29T12:00:22.779521,AWS_CCU,frozen_value,Values frozen
2026-08-29T12:00:22.780480,AWS_PNQ,cross_parameter_inconsistency,Physically inconsistent state
2026-08-29T12:00:22.781500,AWS_AMD,frozen_value,Values frozen
2026-08-29T12:00:22.783393,AWS_JAI,frozen_value,Values frozen
2026-08-29T12:00:22.784473,AWS_LKO,drift,Temperature drifted by 0.71
2026-08-29T12:00:22.785447,AWS_KNP,drift,Temperature drifted by 0.43
2026-08-29T12:00:22.786875,AWS_IDR,spatial_outlier,Deviating from spatial trend
2026-08-29T12:00:22.789668,AWS_TRV,drift,Temperature drifted by 1.65
2026-08-29T12:00:22.791451,AWS_IXC,drift,Temperature drifted by 2.41
2026-08-29T12:00:22.792281,AWS_BBI,spatial_outlier,Deviating from spatial trend
2026-08-29T12:00:22.793085,AWS_GAU,drift,Temperature drifted by 1.64
2026-08-29T12:00:22.793907,AWS_IXR,drift,Temperature drifted by 2.34
2026-08-29T12:00:24.796774,AWS_MUM,drift,Temperature drifted by 2.52
2026-08-29T12:00:24.801638,AWS_DEL,drift,Temperature drifted by 1.34
2026-08-29T12:00:24.809916,AWS_MAA,drift,Temperature drifted by 2.35
2026-08-29T12:00:24.812865,AWS_CCU,frozen_value,Values frozen
2026-08-29T12:00:24.817706,AWS_AMD,frozen_value,Values frozen
2026-08-29T12:00:24.821621,AWS_STV,drift,Temperature drifted by 0.26
2026-08-29T12:00:24.824968,AWS_JAI,frozen_value,Values frozen
2026-08-29T12:00:24.827279,AWS_LKO,drift,Temperature drifted by 0.91
2026-08-29T12:00:24.830820,AWS_KNP,drift,Temperature drifted by 0.64
2026-08-29T12:00:24.838682,AWS_TRV,drift,Temperature drifted by 2.13
2026-08-29T12:00:24.843916,AWS_IXC,drift,Temperature drifted by 2.89
2026-08-29T12:00:24.847298,AWS_GAU,drift,Temperature drifted by 1.96
2026-08-29T12:00:24.849462,AWS_IXR,drift,Temperature drifted by 2.84
2026-08-29T12:00:26.854743,AWS_MUM,drift,Temperature drifted by 2.73
2026-08-29T12:00:26.856735,AWS_DEL,drift,Temperature drifted by 1.49
2026-08-29T12:00:26.860900,AWS_MAA,drift,Temperature drifted by 2.82
2026-08-29T12:00:26.864177,AWS_CCU,frozen_value,Values frozen
2026-08-29T12:00:26.866162,AWS_PNQ,frozen_value,Values frozen
2026-08-29T12:00:26.868256,AWS_AMD,frozen_value,Values frozen
2026-08-29T12:00:26.870496,AWS_STV,drift,Temperature drifted by 0.39
2026-08-29T12:00:26.873799,AWS_JAI,frozen_value,Values frozen
2026-08-29T12:00:26.876658,AWS_LKO,drift,Temperature drifted by 1.19
2026-08-29T12:00:26.878136,AWS_KNP,drift,Temperature drifted by 0.97
2026-08-29T12:00:26.880636,AWS_IDR,drift,Temperature drifted by 0.50
2026-08-29T12:00:26.883656,AWS_TRV,drift,Temperature drifted by 2.26
2026-08-29T12:00:26.886884,AWS_IXC,drift,Temperature drifted by 3.00
2026-08-29T12:00:26.888525,AWS_BBI,drift,Temperature drifted by 0.42
2026-08-29T12:00:26.890193,AWS_GAU,drift,Temperature drifted by 2.18
2026-08-29T12:00:26.891626,AWS_IXR,drift,Temperature drifted by 3.21
2026-08-29T12:00:28.896030,AWS_DEL,drift,Temperature drifted by 1.88
2026-08-29T12:00:28.897866,AWS_HYD,drift,Temperature drifted by 0.12
2026-08-29T12:00:28.898738,AWS_MAA,drift,Temperature drifted by 3.18
2026-08-29T12:00:28.899658,AWS_CCU,frozen_value,Values frozen
2026-08-29T12:00:28.900414,AWS_PNQ,frozen_value,Values frozen
2026-08-29T12:00:28.901418,AWS_AMD,frozen_value,Values frozen
2026-08-29T12:00:28.902961,AWS_STV,drift,Temperature drifted by 0.54
2026-08-29T12:00:28.906148,AWS_JAI,frozen_value,Values frozen
2026-08-29T12:00:28.908644,AWS_LKO,drift,Temperature drifted by 1.46
2026-08-29T12:00:28.909704,AWS_KNP,drift,Temperature drifted by 1.40
2026-08-29T12:00:28.911136,AWS_NAG,dropout,Reading dropped
2026-08-29T12:00:28.912368,AWS_IDR,drift,Temperature drifted by 0.74
2026-08-29T12:00:28.914764,AWS_TRV,drift,Temperature drifted by 2.36
2026-08-29T12:00:28.916827,AWS_BBI,drift,Temperature drifted by 0.85
2026-08-29T12:00:28.918344,AWS_GAU,drift,Temperature drifted by 2.57
2026-08-29T12:00:28.919472,AWS_IXR,spatial_outlier,Deviating from spatial trend
2026-08-29T12:00:30.926248,AWS_BLR,drift,Temperature drifted by 0.47
2026-08-29T12:00:30.929056,AWS_HYD,drift,Temperature drifted by 0.58
2026-08-29T12:00:30.930980,AWS_MAA,drift,Temperature drifted by 3.61
2026-08-29T12:00:30.933263,AWS_CCU,frozen_value,Values frozen
2026-08-29T12:00:30.935566,AWS_PNQ,frozen_value,Values frozen
2026-08-29T12:00:30.938519,AWS_AMD,frozen_value,Values frozen
2026-08-29T12:00:30.941669,AWS_STV,drift,Temperature drifted by 0.85
2026-08-29T12:00:30.944196,AWS_JAI,frozen_value,Values frozen
2026-08-29T12:00:30.946262,AWS_LKO,drift,Temperature drifted by 1.77
2026-08-29T12:00:30.948817,AWS_KNP,drift,Temperature drifted by 1.69
2026-08-29T12:00:30.952935,AWS_IDR,drift,Temperature drifted by 0.86
2026-08-29T12:00:30.956834,AWS_TRV,drift,Temperature drifted by 2.49
2026-08-29T12:00:30.960466,AWS_BBI,drift,Temperature drifted by 1.02
2026-08-29T12:00:30.962384,AWS_GAU,drift,Temperature drifted by 2.92
2026-08-29T12:00:30.965346,AWS_MYQ,drift,Temperature drifted by 0.29
2026-08-29T12:00:32.971633,AWS_BLR,drift,Temperature drifted by 0.76
2026-08-29T12:00:32.975111,AWS_HYD,drift,Temperature drifted by 1.00
2026-08-29T12:00:32.977572,AWS_MAA,frozen_value,Values frozen
2026-08-29T12:00:32.979301,AWS_CCU,frozen_value,Values frozen
2026-08-29T12:00:32.981971,AWS_PNQ,frozen_value,Values frozen
2026-08-29T12:00:32.984261,AWS_AMD,spike,pressure spiked by 98.86
2026-08-29T12:00:32.985962,AWS_STV,drift,Temperature drifted by 1.07
2026-08-29T12:00:32.987991,AWS_JAI,frozen_value,Values frozen
2026-08-29T12:00:32.991244,AWS_LKO,drift,Temperature drifted by 2.16
2026-08-29T12:00:32.995072,AWS_KNP,drift,Temperature drifted by 1.90
2026-08-29T12:00:32.996908,AWS_NAG,frozen_value,Values frozen
2026-08-29T12:00:32.998226,AWS_IDR,drift,Temperature drifted by 1.24
2026-08-29T12:00:33.000416,AWS_BHO,drift,Temperature drifted by 0.26
2026-08-29T12:00:33.003179,AWS_TRV,drift,Temperature drifted by 2.86
2026-08-29T12:00:33.008531,AWS_IXC,spatial_outlier,Deviating from spatial trend
2026-08-29T12:00:33.011012,AWS_BBI,drift,Temperature drifted by 1.21
2026-08-29T12:00:33.015240,AWS_IXR,frozen_value,Values frozen
2026-08-29T12:00:33.017523,AWS_MYQ,drift,Temperature drifted by 0.56
2026-08-29T12:00:35.025622,AWS_BLR,drift,Temperature drifted by 1.17
2026-08-29T12:00:35.028478,AWS_HYD,drift,Temperature drifted by 1.44
2026-08-29T12:00:35.031245,AWS_MAA,frozen_value,Values frozen
2026-08-29T12:00:35.035727,AWS_CCU,frozen_value,Values frozen
2026-08-29T12:00:35.038578,AWS_PNQ,frozen_value,Values frozen
2026-08-29T12:00:35.042787,AWS_STV,drift,Temperature drifted by 1.41
2026-08-29T12:00:35.045009,AWS_JAI,frozen_value,Values frozen
2026-08-29T12:00:35.047291,AWS_LKO,drift,Temperature drifted by 0.19
2026-08-29T12:00:35.051264,AWS_KNP,drift,Temperature drifted by 2.17
2026-08-29T12:00:35.054269,AWS_NAG,frozen_value,Values frozen
2026-08-29T12:00:35.056887,AWS_IDR,drift,Temperature drifted by 1.53
2026-08-29T12:00:35.060712,AWS_BHO,drift,Temperature drifted by 0.56
2026-08-29T12:00:35.063727,AWS_TRV,drift,Temperature drifted by 3.13
2026-08-29T12:00:35.067473,AWS_VTZ,spike,temperature spiked by -11.58
2026-08-29T12:00:35.073946,AWS_BBI,drift,Temperature drifted by 1.46
2026-08-29T12:00:35.077971,AWS_IXR,frozen_value,Values frozen
2026-08-29T12:00:35.080904,AWS_MYQ,drift,Temperature drifted by 0.86
2026-08-29T12:00:37.087917,AWS_DEL,cross_parameter_inconsistency,Physically inconsistent state
2026-08-29T12:00:37.090714,AWS_BLR,drift,Temperature drifted by 1.37
2026-08-29T12:00:37.092291,AWS_HYD,drift,Temperature drifted by 1.90
2026-08-29T12:00:37.094535,AWS_MAA,frozen_value,Values frozen
2026-08-29T12:00:37.096278,AWS_CCU,frozen_value,Values frozen
2026-08-29T12:00:37.098860,AWS_PNQ,frozen_value,Values frozen
2026-08-29T12:00:37.102658,AWS_LKO,drift,Temperature drifted by 0.57
2026-08-29T12:00:37.105883,AWS_KNP,drift,Temperature drifted by 2.52
2026-08-29T12:00:37.107941,AWS_NAG,frozen_value,Values frozen
2026-08-29T12:00:37.109686,AWS_IDR,drift,Temperature drifted by 1.94
2026-08-29T12:00:37.111634,AWS_BHO,drift,Temperature drifted by 0.71
2026-08-29T12:00:37.113671,AWS_COK,dropout,Reading dropped
2026-08-29T12:00:37.115189,AWS_TRV,drift,Temperature drifted by 3.44
2026-08-29T12:00:37.120350,AWS_BBI,drift,Temperature drifted by 1.91
2026-08-29T12:00:37.122281,AWS_GAU,spatial_outlier,Deviating from spatial trend
2026-08-29T12:00:37.124423,AWS_IXR,frozen_value,Values frozen
2026-08-29T12:00:37.126953,AWS_MYQ,drift,Temperature drifted by 1.19
2026-08-29T12:00:39.131417,AWS_DEL,frozen_value,Values frozen
2026-08-29T12:00:39.133519,AWS_BLR,drift,Temperature drifted by 1.69
2026-08-29T12:00:39.135652,AWS_HYD,drift,Temperature drifted by 2.28
2026-08-29T12:00:39.137669,AWS_MAA,frozen_value,Values frozen
2026-08-29T12:00:39.140552,AWS_CCU,frozen_value,Values frozen
2026-08-29T12:00:39.142236,AWS_PNQ,frozen_value,Values frozen
2026-08-29T12:00:39.145366,AWS_LKO,drift,Temperature drifted by 0.80
2026-08-29T12:00:39.147965,AWS_KNP,drift,Temperature drifted by 2.94
2026-08-29T12:00:39.149852,AWS_NAG,frozen_value,Values frozen
2026-08-29T12:00:39.151331,AWS_IDR,drift,Temperature drifted by 2.13
2026-08-29T12:00:39.154170,AWS_BHO,drift,Temperature drifted by 1.01
2026-08-29T12:00:39.157470,AWS_COK,dropout,Reading dropped
2026-08-29T12:00:39.158913,AWS_TRV,drift,Temperature drifted by 3.84
2026-08-29T12:00:39.161180,AWS_PAT,spike,temperature spiked by -13.26
2026-08-29T12:00:39.163327,AWS_BBI,drift,Temperature drifted by 2.38
2026-08-29T12:00:39.166520,AWS_IXR,frozen_value,Values frozen
2026-08-29T12:00:39.168880,AWS_MYQ,drift,Temperature drifted by 1.60
2026-08-29T12:00:41.172446,AWS_DEL,frozen_value,Values frozen
2026-08-29T12:00:41.174631,AWS_BLR,drift,Temperature drifted by 2.11
2026-08-29T12:00:41.176264,AWS_HYD,drift,Temperature drifted by 2.69
2026-08-29T12:00:41.177788,AWS_MAA,frozen_value,Values frozen
2026-08-29T12:00:41.179917,AWS_CCU,frozen_value,Values frozen
2026-08-29T12:00:41.181873,AWS_PNQ,frozen_value,Values frozen
2026-08-29T12:00:41.183793,AWS_AMD,cross_parameter_inconsistency,Physically inconsistent state
2026-08-29T12:00:41.187853,AWS_LKO,drift,Temperature drifted by 1.01
2026-08-29T12:00:41.189956,AWS_KNP,drift,Temperature drifted by 3.13
2026-08-29T12:00:41.191681,AWS_NAG,frozen_value,Values frozen
2026-08-29T12:00:41.193326,AWS_IDR,drift,Temperature drifted by 2.52
2026-08-29T12:00:41.195051,AWS_BHO,drift,Temperature drifted by 1.51
2026-08-29T12:00:41.197078,AWS_COK,dropout,Reading dropped
2026-08-29T12:00:41.199985,AWS_IXC,dropout,Reading dropped
2026-08-29T12:00:41.200958,AWS_BBI,drift,Temperature drifted by 2.68
2026-08-29T12:00:41.203777,AWS_GAU,spike,pressure spiked by -76.48
2026-08-29T12:00:41.205624,AWS_IXR,frozen_value,Values frozen
2026-08-29T12:00:41.207278,AWS_MYQ,drift,Temperature drifted by 1.88
2026-08-29T12:00:43.211187,AWS_DEL,frozen_value,Values frozen
2026-08-29T12:00:43.213824,AWS_BLR,drift,Temperature drifted by 2.56
2026-08-29T12:00:43.218267,AWS_MAA,frozen_value,Values frozen
2026-08-29T12:00:43.220545,AWS_CCU,frozen_value,Values frozen
2026-08-29T12:00:43.225536,AWS_PNQ,frozen_value,Values frozen
2026-08-29T12:00:43.229997,AWS_JAI,drift,Temperature drifted by 0.45
2026-08-29T12:00:43.233667,AWS_LKO,drift,Temperature drifted by 1.40
2026-08-29T12:00:43.237006,AWS_NAG,frozen_value,Values frozen
2026-08-29T12:00:43.239639,AWS_IDR,drift,Temperature drifted by 2.97
2026-08-29T12:00:43.242506,AWS_BHO,drift,Temperature drifted by 1.85
2026-08-29T12:00:43.244518,AWS_COK,dropout,Reading dropped
2026-08-29T12:00:43.245845,AWS_TRV,dropout,Reading dropped
2026-08-29T12:00:43.246791,AWS_VTZ,cross_parameter_inconsistency,Physically inconsistent state
2026-08-29T12:00:43.249042,AWS_IXC,dropout,Reading dropped
2026-08-29T12:00:43.252352,AWS_BBI,drift,Temperature drifted by 3.04
2026-08-29T12:00:43.255773,AWS_IXR,frozen_value,Values frozen
2026-08-29T12:00:43.258182,AWS_MYQ,drift,Temperature drifted by 2.16
